player_id,last_date,pay_cnt,pay_mnt
1,20161002,2,48
2,20161002,2,7
3,20161002,1,6
4,20160927,2,31
5,20160928,1,6
6,20161002,5,73
7,20161002,1,6
8,20161001,1,6
9,20161002,1,25
10,20161002,1,30
11,20161002,1,6
12,20161002,1,6
13,20161002,3,85
14,20160929,1,6
15,20161002,2,2
16,20160927,1,6
17,20161002,1,18
18,20161002,2,2
19,20161002,1,6
20,20161002,4,152
21,20161002,1,30
22,20161002,3,85
23,20161002,1,25
24,20161002,4,481
25,20161002,1,6
26,20161002,1,6
27,20161002,2,31
28,20161002,1,98
29,20161002,1,1
30,20161002,1,6
31,20161002,1,25
32,20161002,1,6
33,20161002,1,25
34,20161002,2,31
35,20161002,2,55
36,20161002,2,55
37,20161002,1,1
38,20161002,1,18
39,20161002,1,25
40,20161002,3,18
41,20161002,1,25
42,20161002,1,18
43,20161002,1,6
44,20160928,1,1
45,20161002,3,551
46,20161002,3,54
47,20161002,2,204
48,20161002,3,944
49,20161002,2,7
50,20161002,2,7
51,20161002,2,31
52,20161002,1,25
53,20161002,3,90
54,20161002,3,30
55,20161002,1,6
56,20161002,1,25
57,20161002,1,6
58,20161002,1,30
59,20160929,1,6
60,20161002,1,30
61,20161002,1,25
62,20161002,1,25
63,20161002,2,673
64,20161002,1,6
65,20161002,1,6
66,20161001,1,25
67,20161002,2,2
68,20161002,1,6
69,20161002,1,25
70,20161002,1,6
71,20161002,1,6
72,20161002,8,674
73,20161002,8,72
74,20161001,1,6
75,20161002,1,1
76,20161002,2,104
77,20161002,1,6
78,20160928,1,1
79,20161002,1,25
80,20161002,2,7
81,20161002,6,132
82,20161002,2,104
83,20161002,2,12
84,20161002,2,2
85,20161002,1,1
86,20161002,2,31
87,20161001,1,1
88,20161002,3,32
89,20161002,1,1
90,20161002,1,25
91,20161002,1,18
92,20161002,4,79
93,20161002,1,6
94,20161002,1,1
95,20161002,2,7
96,20161002,2,12
97,20161002,1,1
98,20161002,4,55
99,20161002,1,30
100,20161002,1,1
101,20161002,2,12
102,20161002,1,98
103,20161002,3,852
104,20161002,1,1
105,20161002,1,1
106,20161002,1,6
107,20161001,1,1
108,20161002,1,6
109,20161002,1,25
110,20161002,3,8
111,20161002,1,1
112,20161002,1,6
113,20160930,1,30
114,20161002,6,127
115,20161002,1,1
116,20161002,1,6
117,20161001,1,6
118,20161002,3,37
119,20161002,1,1
120,20161002,2,43
121,20161002,1,6
122,20161002,2,48
123,20161002,2,48
124,20161002,2,43
125,20161002,1,1
126,20161002,5,177
127,20160929,1,1
128,20161002,4,48
129,20161002,3,8
130,20161002,1,6
131,20160930,1,1
132,20161002,1,25
133,20161002,1,1
134,20161002,1,1
135,20161002,1,6
136,20161002,1,6
137,20160928,1,1
138,20161002,3,30
139,20161002,1,1
140,20160930,1,1
141,20160930,1,6
142,20161002,3,61
143,20161002,1,1
144,20160927,7,14
145,20161002,3,56
146,20161002,2,2
147,20161002,1,1
148,20161002,1,1
149,20161002,1,6
150,20161002,1,1
151,20160927,1,1
152,20160927,1,1
153,20161002,1,6
154,20161002,1,1
155,20161002,2,26
156,20161002,1,6
157,20161002,1,18
158,20160926,1,1
159,20161002,2,2
160,20161002,1,6
161,20160928,1,6
162,20161001,2,2
163,20161001,1,1
164,20161002,3,73
165,20161002,4,31
166,20161002,2,7
167,20161002,1,1
168,20161001,1,6
169,20161001,2,7
170,20161002,2,2
171,20161001,1,1
172,20161002,1,6
173,20160927,2,2
174,20161002,2,7
175,20161002,1,6
176,20161002,1,25
177,20160927,1,6
178,20161002,2,7
179,20161002,1,6
180,20161002,4,123
181,20161002,1,1
182,20161002,2,7
183,20161002,1,1
184,20160930,1,6
185,20160929,2,7
186,20161001,1,6
187,20161002,2,7
188,20161002,1,1
189,20161002,1,1
190,20161002,1,6
191,20161002,1,1
192,20161002,1,1
193,20160926,1,6
194,20160929,1,1
195,20161002,5,153
196,20161002,1,6
197,20161002,5,172
198,20160928,1,1
199,20160928,6,55
200,20160928,1,1
201,20160929,1,6
202,20161002,3,32
203,20160930,2,7
204,20160927,1,6
205,20161002,4,55
206,20160927,2,26
207,20160926,1,6
208,20161002,1,6
209,20161002,1,6
210,20161002,2,26
211,20160930,2,7
212,20161002,1,6
213,20161002,2,2
214,20160928,1,6
215,20160927,1,1
216,20160930,1,1
217,20161002,2,7
218,20160928,1,6
219,20161002,2,2
220,20161001,2,7
221,20160929,2,7
222,20161001,1,30
223,20161002,1,6
224,20161002,2,7
225,20160928,1,1
226,20160929,1,1
227,20161002,1,6
228,20161002,2,26
229,20160928,1,6
230,20160928,2,2
231,20160930,1,1
232,20160928,2,7
233,20161001,1,1
234,20160928,1,6
235,20160930,1,1
236,20160929,1,6
237,20160929,2,26
238,20161002,1,6
239,20161002,8,202
240,20161002,2,7
241,20161002,3,37
242,20160929,1,1
243,20161002,2,31
244,20161002,1,1
245,20161002,2,7
246,20161002,3,32
247,20161002,4,55
248,20161002,2,7
249,20161002,3,32
250,20161002,2,7
251,20161002,1,1
252,20161001,1,6
253,20161002,1,1
254,20161002,1,1
255,20160930,3,8
256,20161002,1,25
257,20161002,4,33
258,20161002,6,86
259,20160929,1,6
260,20161002,1,1
261,20161002,2,7
262,20160929,2,7
263,20161001,1,6
264,20160929,1,1
265,20161001,1,1
266,20161002,2,7
267,20160929,1,1
268,20161002,3,8
269,20161002,1,6
270,20161001,1,1
271,20160929,1,1
272,20161002,1,1
273,20161002,1,6
274,20161002,5,37
275,20161002,1,6
276,20161002,3,13
277,20161002,2,26
278,20161002,6,278
279,20161001,1,1
280,20161002,1,1
281,20161002,2,7
282,20161002,2,7
283,20160930,1,1
284,20161002,3,27
285,20161002,2,2
286,20161002,1,1
287,20161001,1,1
288,20161001,1,1
289,20160930,1,1
290,20161002,2,2
291,20160930,1,6
292,20161002,2,7
293,20161002,2,7
294,20161002,1,1
295,20161002,2,31
296,20161002,1,6
297,20161002,1,1
298,20161002,1,1
299,20161002,3,253
300,20160930,3,32
301,20161002,2,7
302,20161002,2,7
303,20161002,3,13
304,20161002,1,6
305,20161002,2,7
306,20161002,1,6
307,20161002,2,7
308,20161002,1,6
309,20161002,4,57
310,20161001,1,6
311,20161001,1,25
312,20161002,2,19
313,20161002,1,6
314,20161002,3,25
315,20161002,3,8
316,20161002,6,178
317,20161002,1,1
318,20161002,2,104
319,20161002,1,6
320,20161002,2,7
321,20161002,1,1
322,20161002,1,1
323,20161002,1,1
324,20161002,2,2
325,20161002,1,6
326,20161002,4,33
327,20161002,1,1
328,20161002,3,37
329,20161002,1,6
330,20161002,1,6
331,20161002,2,12
332,20161002,3,32
333,20161002,1,1
334,20161002,1,6
335,20161002,1,25
336,20161002,2,31
337,20161002,1,6
338,20161002,4,62
339,20161002,1,1
340,20161002,2,12
341,20161002,1,1
342,20161002,1,1
343,20161002,2,12
344,20161002,2,7
345,20161002,1,6
346,20161002,1,1
347,20161002,1,6
348,20161002,4,106
349,20161002,1,1
350,20161002,1,6
351,20160929,1,1
352,20161002,1,1
353,20160929,1,1
354,20160927,1,6
355,20161002,3,78
356,20161002,1,1
357,20161002,2,24
358,20161002,2,104
359,20161002,3,708
360,20161002,1,6
361,20161002,2,228
362,20161002,3,54
363,20161002,2,60
364,20161002,1,25
365,20161002,1,30
366,20161002,2,12
367,20161002,1,6
368,20160928,1,1
369,20161002,1,25
370,20161002,7,193
371,20161002,1,6
372,20161002,1,6
373,20161002,2,123
374,20161002,2,31
375,20161002,5,425
376,20161002,1,25
377,20161002,1,25
378,20161002,2,31
379,20161002,1,25
380,20161002,1,25
381,20161002,1,25
382,20161002,2,43
383,20161002,1,25
384,20161002,5,30
385,20161002,5,1747
386,20161002,6,239
387,20161002,2,31
388,20161002,1,25
389,20161002,4,244
390,20161002,2,204
391,20161002,14,788
392,20161002,6,3270
393,20161002,1,6
394,20161002,2,12
395,20161002,1,6
396,20161002,5,1197
397,20161002,2,60
398,20161002,1,25
399,20161002,1,25
400,20161002,2,43
401,20161002,2,7
402,20161002,1,25
403,20161002,1,30
404,20161002,1,1
405,20161002,1,1
406,20161001,1,1
407,20161002,2,12
408,20161002,1,6
409,20161002,1,6
410,20161002,1,25
411,20161002,2,31
412,20161002,1,6
413,20160929,1,1
414,20161002,1,30
415,20161001,1,18
416,20161002,1,25
417,20161002,3,42
418,20161001,1,6
419,20161002,5,468
420,20160928,1,1
421,20161002,1,6
422,20161002,2,24
423,20161002,2,60
424,20160930,1,1
425,20161002,1,6
426,20161002,1,25
427,20161002,1,6
428,20161001,1,1
429,20161002,1,6
430,20160927,1,6
431,20161002,2,48
432,20161002,1,6
433,20161002,1,6
434,20161002,1,25
435,20161002,8,312
436,20161002,1,25
437,20161002,1,25
438,20161002,2,7
439,20161002,1,6
440,20161002,2,31
441,20161002,1,98
442,20160930,1,1
443,20161002,2,43
444,20160927,2,7
445,20161002,1,18
446,20161002,1,25
447,20161002,1,1
448,20161002,1,6
449,20161002,1,6
450,20161002,3,229
451,20160930,1,1
452,20161002,1,30
453,20161002,1,6
454,20161002,1,6
455,20161002,1,1
456,20161002,1,1
457,20161002,2,2
458,20161001,1,6
459,20161002,2,526
460,20161002,2,36
461,20161002,8,323
462,20160929,1,1
463,20161002,1,6
464,20161002,1,6
465,20161002,2,7
466,20161002,1,1
467,20161002,1,25
468,20161001,1,1
469,20161002,1,6
470,20160930,1,6
471,20161002,1,1
472,20161002,1,6
473,20161002,1,1
474,20161002,1,6
475,20161002,1,1
476,20161002,2,31
477,20161001,1,6
478,20161002,3,158
479,20161002,1,1
480,20161002,2,7
481,20161002,1,1
482,20161002,1,1
483,20161002,2,43
484,20161002,2,7
485,20161002,1,6
486,20161002,3,451
487,20161002,4,55
488,20161002,1,6
489,20161002,1,25
490,20161001,1,1
491,20161002,1,1
492,20161002,1,1
493,20161002,3,32
494,20161002,2,296
495,20160929,2,26
496,20161002,1,6
497,20161002,1,6
498,20161001,1,1
499,20161001,1,1
500,20161002,1,18
501,20161002,6,244
502,20161002,1,6
503,20161002,1,1
504,20161001,1,6
505,20161002,1,6
506,20161002,1,6
507,20161002,4,60
508,20160929,1,6
509,20161002,1,648
510,20161002,4,400
511,20161002,1,1
512,20161002,4,36
513,20161002,1,1
514,20161002,1,6
515,20161002,2,12
516,20161002,2,7
517,20161002,1,1
518,20161002,2,24
519,20161002,1,6
520,20161002,1,198
521,20160929,2,2
522,20161002,1,6
523,20161002,1,1
524,20161002,2,7
525,20161001,4,649
526,20161002,1,1
527,20161002,2,19
528,20161002,2,2
529,20161002,2,31
530,20161002,1,1
531,20161001,1,1
532,20161002,2,7
533,20161001,2,2
534,20161002,2,55
535,20161002,1,1
536,20161002,3,32
537,20161002,1,1
538,20160930,1,6
539,20161002,1,1
540,20161002,1,25
541,20161002,1,1
542,20161002,2,2
543,20160929,2,7
544,20161002,1,6
545,20161002,1,1
546,20161002,1,6
547,20160926,2,7
548,20161002,1,1
549,20161002,2,7
550,20160928,1,1
551,20160928,3,25
552,20161002,1,1
553,20160926,2,7
554,20161002,2,7
555,20161002,2,7
556,20161002,2,7
557,20161001,1,1
558,20161002,3,32
559,20161002,1,30
560,20161002,1,25
561,20160927,2,7
562,20161002,1,6
563,20160926,2,7
564,20161002,1,1
565,20161001,1,1
566,20160927,1,6
567,20160930,2,7
568,20161002,2,7
569,20161001,4,57
570,20160927,1,1
571,20161002,1,6
572,20160928,1,1
573,20160928,1,6
574,20161002,11,227
575,20161001,1,6
576,20161002,5,51
577,20160929,1,6
578,20160928,1,18
579,20161002,2,2
580,20160929,1,6
581,20161002,1,6
582,20161002,1,1
583,20161002,1,6
584,20161002,2,2
585,20160928,1,6
586,20160928,1,1
587,20160930,1,1
588,20160930,6,154
589,20161001,1,6
590,20161002,1,6
591,20160929,1,1
592,20160927,1,6
593,20160930,2,7
594,20161001,1,6
595,20161002,3,13
596,20160928,2,7
597,20161002,1,6
598,20161002,1,6
599,20160928,5,51
600,20161002,1,1
601,20161002,1,1
602,20161002,2,7
603,20161002,1,6
604,20161002,1,6
605,20160930,1,1
606,20161002,3,27
607,20160928,1,1
608,20161002,1,1
609,20161002,1,6
610,20160930,2,31
611,20161002,4,31
612,20160929,2,7
613,20161002,2,7
614,20160929,1,1
615,20161002,3,13
616,20160930,2,24
617,20161002,3,13
618,20161001,2,7
619,20160929,2,7
620,20161002,3,56
621,20161002,2,7
622,20161002,2,7
623,20161002,2,2
624,20161002,2,26
625,20160930,1,1
626,20160929,1,1
627,20161002,1,6
628,20161002,1,6
629,20160930,1,6
630,20161001,1,1
631,20161002,3,8
632,20160930,1,1
633,20161002,4,43
634,20161002,2,26
635,20161002,2,7
636,20161002,1,1
637,20161002,1,1
638,20161002,1,1
639,20161002,1,1
640,20160930,1,1
641,20161002,2,31
642,20161002,1,6
643,20161002,3,8
644,20161001,1,1
645,20161002,2,7
646,20161002,1,1
647,20161002,1,1
648,20160930,1,1
649,20161002,6,57
650,20161001,1,6
651,20161002,1,6
652,20161002,1,1
653,20161002,1,6
654,20161001,2,7
655,20161002,4,62
656,20161002,1,6
657,20161002,2,7
658,20161002,2,7
659,20161002,1,1
660,20161002,1,6
661,20161002,1,6
662,20160930,1,1
663,20161002,2,2
664,20161002,1,6
665,20161002,1,6
666,20161001,2,7
667,20161001,1,6
668,20161002,1,1
669,20161001,1,6
670,20161001,2,7
671,20161002,1,1
672,20161002,1,6
673,20161002,2,7
674,20161002,1,25
675,20161002,1,1
676,20161001,1,6
677,20161002,2,7
678,20161002,3,32
679,20161002,1,6
680,20161002,7,208
681,20161001,1,1
682,20161002,2,7
683,20161002,2,2
684,20161002,1,6
685,20161002,1,6
686,20161002,2,2
687,20161002,4,31
688,20161002,1,6
689,20161002,1,6
690,20161002,1,6
691,20161002,1,1
692,20161002,1,6
693,20161002,5,51
694,20161002,2,228
695,20161002,1,6
696,20161002,1,1
697,20161002,3,32
698,20161002,2,55
699,20161002,1,1
700,20161002,1,6
701,20161002,2,2
702,20161002,1,1
703,20161002,3,8
704,20161001,1,1
705,20161002,2,649
706,20161002,1,25
707,20161002,1,25
708,20161002,1,1
709,20161002,2,7
710,20161002,4,116
711,20161001,1,25
712,20161002,2,43
713,20161002,1,1
714,20161002,1,25
715,20161002,1,6
716,20161002,1,6
717,20161002,1,6
718,20161002,1,6
719,20161002,3,456
720,20161002,2,2
721,20161002,1,25
722,20161002,2,60
723,20161002,1,6
724,20160928,1,1
725,20160930,1,1
726,20161001,2,2
727,20161002,3,85
728,20161002,1,25
729,20161002,1,25
730,20161002,1,25
731,20161002,2,7
732,20161002,1,25
733,20161002,1,25
734,20161002,4,538
735,20161002,1,25
736,20161002,2,60
737,20161002,1,6
738,20161002,1,1
739,20161002,2,426
740,20161002,1,30
741,20161002,5,177
742,20161002,1,6
743,20161002,2,31
744,20161002,1,6
745,20161002,2,976
746,20161001,2,24
747,20161002,1,6
748,20161002,2,31
749,20161002,5,54
750,20161002,1,18
751,20160930,1,6
752,20161002,4,24
753,20161002,1,6
754,20161002,1,25
755,20161002,1,30
756,20160926,1,6
757,20161002,4,33
758,20161002,1,25
759,20161002,1,1
760,20161002,2,31
761,20161002,2,60
762,20161002,4,147
763,20161002,1,1
764,20161002,4,60
765,20161001,1,1
766,20161002,1,30
767,20161002,1,25
768,20161002,3,37
769,20161002,3,42
770,20161002,1,6
771,20161002,1,6
772,20161002,6,139
773,20160930,1,6
774,20160930,1,6
775,20161002,2,48
776,20161002,2,2
777,20161002,1,25
778,20161002,1,6
779,20161002,1,25
780,20161002,1,25
781,20161002,1,1
782,20161002,1,6
783,20161002,2,2
784,20160929,2,2
785,20161002,1,25
786,20161002,1,18
787,20161002,1,1
788,20160930,1,1
789,20161002,1,18
790,20161002,3,44
791,20161002,1,25
792,20161002,1,6
793,20161002,5,42
794,20161002,2,48
795,20160930,1,6
796,20161002,1,6
797,20161002,2,48
798,20161002,3,18
799,20161002,2,7
800,20161002,3,3
801,20161002,1,6
802,20161002,3,54
803,20161001,2,2
804,20161002,1,18
805,20161002,1,6
806,20161002,1,6
807,20161002,1,6
808,20161002,2,12
809,20161002,2,2
810,20161002,1,25
811,20161002,1,1
812,20161001,1,1
813,20161002,1,6
814,20161002,2,36
815,20161002,1,1
816,20161002,1,18
817,20161002,1,1
818,20160927,1,18
819,20161002,1,1
820,20160930,1,1
821,20161002,1,1
822,20161002,1,6
823,20160930,1,1
824,20161002,1,6
825,20161002,1,1
826,20160930,1,6
827,20161002,6,86
828,20161002,2,7
829,20161002,1,6
830,20161002,1,98
831,20160929,1,25
832,20161002,1,25
833,20161001,2,7
834,20161002,1,25
835,20161002,2,7
836,20161001,1,25
837,20160930,1,6
838,20160930,1,1
839,20161002,1,6
840,20161002,2,2
841,20161002,1,1
842,20160930,1,18
843,20161002,2,7
844,20161002,5,54
845,20161002,1,6
846,20161002,3,27
847,20160929,1,6
848,20161002,2,31
849,20160927,1,6
850,20161002,1,1
851,20161002,2,31
852,20161002,1,1
853,20161002,1,6
854,20161002,1,1
855,20160930,1,25
856,20161002,1,1
857,20161002,3,8
858,20160930,3,8
859,20161002,1,6
860,20161002,1,1
861,20161002,2,7
862,20161002,1,1
863,20161002,4,38
864,20161002,2,7
865,20161002,1,1
866,20161002,1,1
867,20160929,1,30
868,20161002,2,26
869,20161002,1,6
870,20161002,1,6
871,20160929,2,7
872,20161002,1,18
873,20160929,1,1
874,20161002,1,1
875,20161002,1,1
876,20161002,2,2
877,20161002,3,32
878,20161002,1,1
879,20161002,2,12
880,20160926,1,1
881,20161002,1,6
882,20161002,3,13
883,20161002,1,1
884,20160929,2,31
885,20161001,7,145
886,20161002,1,6
887,20161002,3,32
888,20160926,1,6
889,20161002,3,56
890,20161002,2,7
891,20161002,1,6
892,20161002,1,6
893,20161002,2,7
894,20160929,2,7
895,20161002,4,14
896,20160927,1,6
897,20161002,3,8
898,20160927,1,1
899,20160927,1,6
900,20160928,1,6
901,20161002,2,26
902,20161002,1,6
903,20161002,2,7
904,20161002,2,2
905,20160928,1,1
906,20161002,3,8
907,20161002,3,8
908,20161001,2,7
909,20161002,1,1
910,20161002,4,26
911,20161002,3,32
912,20161001,1,6
913,20160928,2,2
914,20160928,1,1
915,20160928,2,7
916,20161001,1,1
917,20161001,1,6
918,20161002,2,2
919,20160927,2,2
920,20160928,1,1
921,20161001,1,6
922,20161001,2,2
923,20161001,1,6
924,20161002,2,7
925,20160928,2,2
926,20161001,3,32
927,20160930,1,1
928,20161002,2,7
929,20161001,1,1
930,20161002,3,8
931,20161002,2,7
932,20161002,1,1
933,20161002,1,6
934,20161002,1,25
935,20160930,1,6
936,20161002,1,1
937,20161001,1,6
938,20161001,2,2
939,20161001,1,1
940,20161002,2,7
941,20161002,2,2
942,20161002,2,7
943,20161002,1,1
944,20160929,2,2
945,20160928,2,19
946,20161002,2,7
947,20160928,2,7
948,20160930,2,7
949,20161002,2,26
950,20161002,2,2
951,20161001,2,7
952,20160928,1,1
953,20161002,2,7
954,20161002,2,7
955,20161002,4,31
956,20161002,2,7
957,20161001,1,1
958,20161002,2,12
959,20161002,1,1
960,20160930,1,25
961,20160930,1,6
962,20161002,2,7
963,20161002,1,6
964,20160929,2,2
965,20160930,2,7
966,20161002,1,1
967,20161002,2,104
968,20161002,1,1
969,20160930,1,1
970,20161001,1,1
971,20161002,2,7
972,20160930,3,13
973,20161002,2,2
974,20161002,2,7
975,20161002,2,7
976,20161002,1,30
977,20160929,1,1
978,20161002,3,13
979,20161001,2,7
980,20161002,2,7
981,20161002,8,462
982,20161002,1,1
983,20161002,2,7
984,20161001,2,7
985,20161002,1,6
986,20161002,1,6
987,20161002,1,6
988,20161001,1,6
989,20161002,2,7
990,20161002,2,2
991,20161002,2,2
992,20160930,1,6
993,20161002,1,6
994,20161002,1,1
995,20161002,1,6
996,20161002,2,7
997,20161001,1,1
998,20161001,1,6
999,20161002,2,7
1000,20161002,1,18
1001,20161002,3,8
1002,20161002,1,1
1003,20161002,4,57
1004,20161001,1,6
1005,20161001,1,6
1006,20161002,1,6
1007,20161002,1,1
1008,20161002,2,7
1009,20161002,2,2
1010,20161002,1,6
1011,20161002,2,2
1012,20161001,1,6
1013,20161002,2,2
1014,20161001,1,1
1015,20161002,1,1
1016,20161002,3,56
1017,20161002,3,32
1018,20161002,1,6
1019,20161002,2,7
1020,20161002,1,1
1021,20161002,1,1
1022,20161002,1,1
1023,20161002,2,7
1024,20161002,1,6
1025,20161002,1,6
1026,20161002,1,1
1027,20161002,1,1
1028,20161002,1,6
1029,20161002,1,1
1030,20161002,3,13
1031,20161002,1,1
1032,20161002,2,7
1033,20161002,1,1
1034,20161002,1,6
1035,20161002,3,8
1036,20161002,2,2
1037,20161002,1,1
1038,20161002,1,6
1039,20161002,1,25
1040,20161002,1,1
1041,20161002,1,6
1042,20161002,1,6
1043,20161002,1,1
1044,20161002,1,6
1045,20161002,1,6
1046,20161002,1,1
1047,20161002,5,37
1048,20161002,3,13
1049,20161002,1,6
1050,20161002,1,6
1051,20161002,1,1
1052,20161002,1,6
1053,20161002,1,1
1054,20161002,1,1
1055,20161002,1,1
1056,20161002,1,6
1057,20161002,1,6
1058,20161002,1,6
1059,20161002,1,6
1060,20161002,1,25
1061,20161002,1,6
1062,20161001,1,6
1063,20161002,2,43
1064,20161002,1,18
1065,20161002,1,1
1066,20161002,1,6
1067,20161002,1,6
1068,20161002,2,31
1069,20161002,5,2050
1070,20161002,10,211
1071,20161002,2,24
1072,20161002,1,6
1073,20161002,2,60
1074,20161002,1,25
1075,20161002,1,6
1076,20161002,1,25
1077,20160930,2,12
1078,20161002,5,182
1079,20161002,2,104
1080,20161002,1,6
1081,20161002,1,6
1082,20161002,2,31
1083,20161002,3,994
1084,20161002,1,25
1085,20161002,2,7
1086,20161002,2,526
1087,20161002,2,12
1088,20161002,1,6
1089,20161002,2,24
1090,20161002,2,673
1091,20161001,1,6
1092,20161002,3,426
1093,20161002,1,25
1094,20161002,1,6
1095,20161002,1,6
1096,20161001,3,25
1097,20161001,3,37
1098,20160929,2,7
1099,20161002,1,25
1100,20161002,2,43
1101,20161002,2,60
1102,20161002,2,55
1103,20161002,1,1
1104,20161002,2,60
1105,20161002,7,422
1106,20161002,1,25
1107,20160930,1,6
1108,20161002,2,43
1109,20161002,1,25
1110,20161002,1,25
1111,20161002,1,25
1112,20161002,2,31
1113,20161002,1,30
1114,20161002,2,31
1115,20161002,1,6
1116,20161002,1,6
1117,20161002,1,25
1118,20161002,4,43
1119,20161002,1,6
1120,20161002,1,6
1121,20161002,4,36
1122,20161002,1,6
1123,20161002,1,30
1124,20161002,1,25
1125,20161002,1,6
1126,20161002,1,1
1127,20161002,1,30
1128,20161002,1,1
1129,20161002,5,1679
1130,20161002,4,108
1131,20160929,3,49
1132,20161002,2,7
1133,20161001,1,1
1134,20161002,4,327
1135,20161002,2,26
1136,20161002,1,25
1137,20161001,1,1
1138,20161002,2,43
1139,20161002,2,426
1140,20161002,1,25
1141,20161002,5,30
1142,20161002,1,6
1143,20161001,1,25
1144,20161002,1,1
1145,20161001,1,6
1146,20161002,1,1
1147,20161002,1,1
1148,20161002,1,18
1149,20160930,1,6
1150,20161002,1,6
1151,20161002,2,31
1152,20161002,1,25
1153,20161002,1,6
1154,20161002,2,7
1155,20161002,14,1513
1156,20161002,3,61
1157,20161002,1,6
1158,20161002,1,6
1159,20160928,1,25
1160,20160928,2,26
1161,20161002,2,12
1162,20161002,1,1
1163,20161002,1,30
1164,20161002,6,280
1165,20161001,1,6
1166,20161002,2,2
1167,20161002,1,18
1168,20160926,1,1
1169,20161002,2,48
1170,20161002,1,6
1171,20161002,1,6
1172,20161002,1,6
1173,20161002,1,1
1174,20161002,12,1156
1175,20161002,1,1
1176,20160930,1,1
1177,20161002,1,98
1178,20161002,2,43
1179,20161002,2,26
1180,20161002,1,18
1181,20161002,1,25
1182,20161002,1,6
1183,20161002,1,6
1184,20160929,1,25
1185,20161002,8,199
1186,20160926,1,1
1187,20161002,1,1
1188,20161002,1,1
1189,20161002,2,55
1190,20161002,1,1
1191,20161002,1,1
1192,20160929,1,6
1193,20161002,1,1
1194,20160930,3,25
1195,20161002,3,49
1196,20161002,2,26
1197,20161002,1,6
1198,20161002,7,237
1199,20161002,1,1
1200,20161002,1,1
1201,20161002,1,1
1202,20161002,1,6
1203,20161002,2,7
1204,20161002,6,31
1205,20161002,2,7
1206,20161002,1,6
1207,20161002,2,7
1208,20160929,2,7
1209,20161002,1,1
1210,20161002,2,31
1211,20161002,1,1
1212,20161002,1,1
1213,20160930,1,1
1214,20161001,2,199
1215,20160926,2,2
1216,20160928,1,1
1217,20161001,3,32
1218,20161002,1,6
1219,20161002,4,24
1220,20161002,1,6
1221,20161002,1,6
1222,20160927,1,1
1223,20160930,1,1
1224,20161002,1,6
1225,20161002,1,25
1226,20161002,2,2
1227,20161002,1,1
1228,20161001,1,1
1229,20161001,1,1
1230,20160928,1,6
1231,20161001,4,50
1232,20161002,3,13
1233,20161002,1,1
1234,20161002,2,7
1235,20160930,1,6
1236,20160929,4,19
1237,20161002,4,31
1238,20161001,1,1
1239,20161001,2,7
1240,20160928,1,1
1241,20160928,2,2
1242,20160929,1,1
1243,20161002,1,1
1244,20161001,2,31
1245,20161002,3,25
1246,20161002,1,6
1247,20161002,1,1
1248,20161002,1,6
1249,20161002,4,55
1250,20160930,1,6
1251,20160929,2,7
1252,20161002,1,25
1253,20161002,1,1
1254,20161002,2,7
1255,20160930,2,7
1256,20161002,1,1
1257,20161002,2,649
1258,20161002,1,1
1259,20160928,1,6
1260,20161002,1,1
1261,20160928,2,7
1262,20160929,1,1
1263,20161002,2,2
1264,20161002,1,1
1265,20160929,2,7
1266,20160927,1,1
1267,20161002,1,18
1268,20161001,2,7
1269,20160927,2,7
1270,20161001,1,6
1271,20160928,1,1
1272,20161002,2,7
1273,20161002,1,1
1274,20160929,2,7
1275,20160927,1,6
1276,20161002,2,7
1277,20161002,2,7
1278,20161002,1,6
1279,20161002,2,7
1280,20161002,3,8
1281,20161002,4,19
1282,20160929,1,6
1283,20161002,1,1
1284,20161002,2,36
1285,20161002,1,1
1286,20161001,1,1
1287,20161002,1,1
1288,20161002,2,26
1289,20161002,4,154
1290,20160929,1,6
1291,20161002,2,2
1292,20160930,1,1
1293,20161002,2,7
1294,20161002,2,2
1295,20161002,5,328
1296,20161001,1,6
1297,20161002,2,12
1298,20161002,1,1
1299,20161002,1,6
1300,20160930,1,6
1301,20160929,1,25
1302,20161002,2,7
1303,20161001,1,1
1304,20161002,1,6
1305,20161002,3,32
1306,20161001,2,2
1307,20160930,1,1
1308,20161002,8,62
1309,20161002,1,6
1310,20161001,1,6
1311,20161002,2,7
1312,20161002,1,6
1313,20161001,1,1
1314,20160929,1,1
1315,20161001,2,7
1316,20161001,1,1
1317,20160929,1,1
1318,20160930,1,1
1319,20161002,3,32
1320,20161002,1,6
1321,20160930,1,6
1322,20161002,1,6
1323,20161001,3,8
1324,20161002,2,7
1325,20161002,1,1
1326,20161001,3,32
1327,20161002,2,7
1328,20161002,2,2
1329,20161002,2,31
1330,20161001,1,1
1331,20161001,1,6
1332,20161002,2,2
1333,20161002,1,6
1334,20161002,1,6
1335,20161002,1,6
1336,20161002,1,1
1337,20161002,1,6
1338,20161002,4,45
1339,20161002,3,32
1340,20161002,2,7
1341,20160930,1,98
1342,20161002,3,32
1343,20160930,2,2
1344,20161002,1,6
1345,20161002,2,2
1346,20161001,1,1
1347,20161002,2,7
1348,20161002,3,8
1349,20161001,1,6
1350,20161002,2,7
1351,20161002,2,2
1352,20161002,1,6
1353,20161001,1,6
1354,20161002,1,1
1355,20161002,2,7
1356,20161002,2,7
1357,20161001,1,1
1358,20161002,2,7
1359,20161002,1,6
1360,20161002,1,6
1361,20161002,1,6
1362,20161002,1,1
1363,20161002,1,1
1364,20161002,2,2
1365,20161002,1,1
1366,20161002,2,7
1367,20161002,2,7
1368,20161002,1,1
1369,20161002,1,6
1370,20161002,1,6
1371,20161002,1,6
1372,20161002,1,6
1373,20161002,1,6
1374,20161002,2,2
1375,20161002,1,1
1376,20161002,2,7
1377,20161002,2,7
1378,20161002,1,1
1379,20161002,1,1
1380,20161002,1,1
1381,20161002,3,8
1382,20161002,1,6
1383,20161002,1,6
1384,20161002,1,1
1385,20161002,1,1
1386,20161002,4,48
1387,20161002,1,6
1388,20161002,2,7
1389,20161002,1,1
1390,20161002,1,1
1391,20161002,1,1
1392,20161002,1,1
1393,20161002,2,2
1394,20161002,1,1
1395,20161002,1,1
1396,20160930,1,1
1397,20161002,1,6
1398,20161002,1,25
1399,20161002,2,7
1400,20161002,1,6
1401,20161002,1,25
1402,20161002,2,7
1403,20161002,1,6
1404,20161002,1,648
1405,20160929,2,2
1406,20161002,1,18
1407,20160930,1,6
1408,20161002,2,36
1409,20161002,2,353
1410,20161001,3,37
1411,20161002,2,60
1412,20161002,1,6
1413,20161002,2,26
1414,20161002,5,433
1415,20161002,1,25
1416,20161002,1,1
1417,20160927,1,1
1418,20161002,3,18
1419,20161002,1,25
1420,20161002,1,25
1421,20161002,1,25
1422,20161002,1,25
1423,20161002,1,25
1424,20161002,2,31
1425,20161002,2,2
1426,20161002,1,18
1427,20161001,1,6
1428,20161002,1,6
1429,20161002,1,25
1430,20161002,1,25
1431,20161002,1,30
1432,20161002,4,159
1433,20161002,3,90
1434,20161002,1,6
1435,20161002,1,1
1436,20161002,2,128
1437,20161002,2,128
1438,20160930,1,6
1439,20161002,11,675
1440,20161002,1,25
1441,20161002,1,1
1442,20161002,1,6
1443,20161002,4,91
1444,20161002,1,30
1445,20160928,1,1
1446,20161002,1,25
1447,20161002,2,43
1448,20161002,1,1
1449,20161002,1,6
1450,20161002,2,31
1451,20161002,1,98
1452,20161002,1,25
1453,20161002,1,6
1454,20161002,1,25
1455,20161002,3,49
1456,20161002,1,6
1457,20161002,1,25
1458,20161002,1,6
1459,20161002,3,49
1460,20161002,1,198
1461,20161002,14,3560
1462,20161002,4,79
1463,20161002,2,31
1464,20161002,2,7
1465,20161002,3,66
1466,20161002,2,60
1467,20161002,1,30
1468,20161002,1,25
1469,20161002,4,276
1470,20161002,1,25
1471,20161002,1,1
1472,20161002,2,7
1473,20161002,1,6
1474,20161002,1,30
1475,20161002,2,48
1476,20161002,1,6
1477,20161002,3,54
1478,20161002,1,6
1479,20160930,1,25
1480,20161002,5,145
1481,20161002,1,25
1482,20160926,1,1
1483,20161001,1,1
1484,20161002,5,165
1485,20161002,1,25
1486,20161002,1,1
1487,20161002,1,1
1488,20161002,1,1
1489,20161002,1,30
1490,20161002,1,6
1491,20161002,2,7
1492,20161002,1,6
1493,20161002,3,13
1494,20161002,2,60
1495,20161002,1,6
1496,20161002,1,1
1497,20161002,1,648
1498,20161002,1,6
1499,20161001,1,25
1500,20161002,2,12
1501,20161002,1,6
1502,20160929,1,6
1503,20161002,1,1
1504,20161002,1,6
1505,20161002,1,6
1506,20161002,1,6
1507,20161002,1,6
1508,20161002,1,6
1509,20161002,1,6
1510,20160929,1,1
1511,20161002,3,54
1512,20161002,1,6
1513,20161001,1,1
1514,20161002,1,1
1515,20161002,1,1
1516,20161002,2,26
1517,20161002,1,6
1518,20161002,1,6
1519,20161002,2,7
1520,20161001,2,7
1521,20161002,1,1
1522,20161002,1,25
1523,20161002,1,1
1524,20161002,1,6
1525,20161002,2,2
1526,20161002,2,2
1527,20161002,6,714
1528,20161002,1,1
1529,20161002,1,1
1530,20161002,3,49
1531,20161002,5,97
1532,20161002,1,6
1533,20160930,1,1
1534,20161002,2,7
1535,20160926,1,1
1536,20161002,1,6
1537,20161002,1,1
1538,20161002,1,1
1539,20161002,2,7
1540,20161002,1,6
1541,20161002,2,7
1542,20160930,1,6
1543,20161002,1,1
1544,20161002,1,98
1545,20161002,1,1
1546,20161002,1,18
1547,20160926,1,1
1548,20160930,1,6
1549,20160926,2,7
1550,20160930,2,7
1551,20161002,1,1
1552,20160929,2,7
1553,20161001,1,1
1554,20161002,2,7
1555,20161002,1,1
1556,20160929,2,55
1557,20161002,2,2
1558,20161002,1,1
1559,20160927,1,6
1560,20161002,4,72
1561,20161002,1,1
1562,20160929,1,1
1563,20161002,2,7
1564,20161002,16,1968
1565,20161002,2,2
1566,20161002,1,1
1567,20161001,1,1
1568,20161002,7,106
1569,20161002,1,1
1570,20160930,4,33
1571,20161002,1,1
1572,20161002,2,7
1573,20160930,2,2
1574,20161002,2,2
1575,20161001,1,1
1576,20160930,1,6
1577,20161002,1,1
1578,20161001,2,2
1579,20160928,1,6
1580,20161001,2,2
1581,20160930,1,6
1582,20160930,1,1
1583,20161002,1,6
1584,20161002,1,1
1585,20161002,1,1
1586,20161002,1,1
1587,20161002,1,6
1588,20161002,2,31
1589,20161002,2,12
1590,20161002,2,12
1591,20160927,1,6
1592,20160927,1,6
1593,20161002,8,105
1594,20160926,1,6
1595,20161002,1,6
1596,20160926,1,6
1597,20161001,1,6
1598,20160926,1,1
1599,20161002,1,1
1600,20161002,2,19
1601,20160929,1,1
1602,20161001,2,7
1603,20161002,2,7
1604,20160927,1,18
1605,20161002,2,7
1606,20161002,1,6
1607,20161002,1,6
1608,20161002,1,1
1609,20161002,3,13
1610,20160927,1,6
1611,20161002,1,6
1612,20160927,1,6
1613,20160928,1,6
1614,20161002,2,7
1615,20161001,2,2
1616,20160928,6,358
1617,20161002,4,33
1618,20160926,1,1
1619,20161001,2,7
1620,20161001,1,1
1621,20160928,1,1
1622,20161001,1,1
1623,20161002,3,13
1624,20160928,1,6
1625,20161001,2,7
1626,20161002,1,6
1627,20161002,1,6
1628,20161002,4,62
1629,20160929,1,1
1630,20160930,3,13
1631,20161002,3,129
1632,20161002,1,18
1633,20161002,15,207
1634,20161001,2,7
1635,20161001,1,6
1636,20161001,4,38
1637,20161002,1,1
1638,20160928,2,7
1639,20161001,2,7
1640,20161002,7,104
1641,20161002,1,6
1642,20160929,2,7
1643,20161002,1,6
1644,20161002,1,1
1645,20161002,1,1
1646,20161002,2,12
1647,20161001,1,6
1648,20161002,1,1
1649,20161001,2,2
1650,20161002,2,7
1651,20161002,1,1
1652,20161001,1,1
1653,20161001,2,7
1654,20161002,2,7
1655,20160929,1,1
1656,20160930,1,1
1657,20161001,2,7
1658,20160930,1,6
1659,20161002,1,1
1660,20161002,3,13
1661,20161002,1,6
1662,20161002,1,6
1663,20161002,1,6
1664,20161002,1,1
1665,20161002,1,6
1666,20161001,1,6
1667,20161002,1,1
1668,20161002,2,2
1669,20160929,1,6
1670,20161002,1,1
1671,20161002,2,12
1672,20161002,2,7
1673,20160929,1,6
1674,20161002,3,752
1675,20161002,8,105
1676,20161002,3,8
1677,20161002,1,1
1678,20161002,1,6
1679,20161001,1,6
1680,20161002,2,7
1681,20161002,1,6
1682,20161002,1,25
1683,20160930,2,7
1684,20161001,1,1
1685,20161002,1,6
1686,20161002,2,7
1687,20161002,1,1
1688,20161002,4,135
1689,20160930,1,1
1690,20161001,1,6
1691,20161002,1,6
1692,20161001,1,6
1693,20161002,1,1
1694,20161002,1,6
1695,20161002,3,25
1696,20161002,1,6
1697,20161001,2,24
1698,20161001,2,2
1699,20161002,1,1
1700,20160930,1,6
1701,20161002,1,6
1702,20161002,1,1
1703,20161002,1,6
1704,20160930,2,7
1705,20161002,1,6
1706,20161002,1,6
1707,20161002,2,2
1708,20161001,2,2
1709,20161002,1,1
1710,20161002,2,7
1711,20161002,1,1
1712,20161002,1,6
1713,20161002,2,26
1714,20161001,1,1
1715,20161001,1,6
1716,20161001,2,2
1717,20161002,1,1
1718,20161002,1,1
1719,20161001,2,2
1720,20161001,1,1
1721,20161002,1,1
1722,20161002,1,1
1723,20161002,2,2
1724,20161002,2,12
1725,20161002,1,1
1726,20161002,1,6
1727,20161002,1,1
1728,20161002,1,6
1729,20161002,1,1
1730,20161002,1,6
1731,20161002,5,558
1732,20161002,1,6
1733,20161002,1,1
1734,20161002,2,2
1735,20161002,2,12
1736,20161002,1,6
1737,20161002,1,6
1738,20161002,2,2
1739,20161002,1,6
1740,20161002,1,6
1741,20161002,1,6
1742,20161002,1,1
1743,20161002,1,6
1744,20161002,1,6
1745,20161002,2,7
1746,20161002,2,7
1747,20161002,3,56
1748,20161002,1,1
1749,20161002,1,1
1750,20161002,2,2
1751,20161002,2,2
1752,20161002,2,2
1753,20161001,1,6
1754,20161002,2,7
1755,20161002,1,1
1756,20160926,1,1
1757,20161002,1,25
1758,20161002,4,72
1759,20160929,1,6
1760,20161002,1,25
1761,20161002,2,2
1762,20160927,1,1
1763,20161002,1,25
1764,20161002,1,1
1765,20161002,3,73
1766,20161002,1,25
1767,20161002,2,43
1768,20161002,1,6
1769,20161002,1,25
1770,20161002,1,6
1771,20161002,1,25
1772,20161002,1,25
1773,20161002,3,854
1774,20161002,1,6
1775,20161002,1,6
1776,20161002,1,25
1777,20161002,1,6
1778,20161002,5,257
1779,20161002,3,432
1780,20161002,1,25
1781,20161001,3,18
1782,20160930,1,1
1783,20161002,1,6
1784,20161002,2,104
1785,20161002,1,30
1786,20161002,2,43
1787,20161002,3,30
1788,20161002,2,55
1789,20161002,1,6
1790,20161002,1,6
1791,20161002,2,31
1792,20160927,4,1031
1793,20161002,2,7
1794,20161002,2,31
1795,20161002,2,31
1796,20161002,42,11206
1797,20161002,1,25
1798,20161002,1,30
1799,20161002,3,49
1800,20160930,1,1
1801,20161002,4,1099
1802,20161002,1,25
1803,20161002,5,640
1804,20161001,1,25
1805,20161001,1,328
1806,20161002,1,25
1807,20161002,1,18
1808,20161002,1,1
1809,20161002,1,25
1810,20161002,5,233
1811,20161002,1,25
1812,20161002,2,426
1813,20161002,1,6
1814,20161002,2,12
1815,20161002,4,252
1816,20161002,2,7
1817,20161002,1,6
1818,20161002,2,12
1819,20161002,1,1
1820,20161002,2,7
1821,20161002,1,6
1822,20161002,1,25
1823,20161002,1,30
1824,20161001,1,648
1825,20161002,1,6
1826,20161002,1,6
1827,20161002,2,31
1828,20161002,1,328
1829,20161002,3,49
1830,20161002,1,6
1831,20161002,2,2
1832,20161001,2,2
1833,20161002,1,6
1834,20161002,1,6
1835,20161002,1,25
1836,20161002,2,43
1837,20161001,1,6
1838,20161001,2,60
1839,20161002,6,534
1840,20161002,2,43
1841,20161002,1,1
1842,20161002,1,1
1843,20161002,2,846
1844,20161002,3,37
1845,20161002,1,6
1846,20161002,1,30
1847,20161002,1,18
1848,20161002,1,6
1849,20161002,2,7
1850,20161002,3,37
1851,20161002,1,6
1852,20161002,1,1
1853,20161002,2,60
1854,20161002,1,6
1855,20161002,1,6
1856,20161002,1,6
1857,20161002,1,1
1858,20161002,1,1
1859,20161002,5,170
1860,20161001,2,2
1861,20161002,1,6
1862,20161002,3,1302
1863,20161002,1,6
1864,20161002,2,24
1865,20161002,2,526
1866,20161002,1,1
1867,20161002,1,25
1868,20161002,2,36
1869,20161002,2,36
1870,20161002,3,49
1871,20161002,2,846
1872,20161002,1,1
1873,20161002,1,6
1874,20160930,1,30
1875,20161002,2,55
1876,20161001,4,55
1877,20161002,2,7
1878,20161001,1,1
1879,20161002,1,1
1880,20161002,2,7
1881,20161001,1,18
1882,20160928,1,1
1883,20161002,3,37
1884,20161002,1,1
1885,20161002,1,1
1886,20160930,1,1
1887,20161002,3,1006
1888,20161002,1,6
1889,20161002,1,6
1890,20161002,2,31
1891,20161002,1,1
1892,20161002,1,30
1893,20161002,3,32
1894,20161002,2,36
1895,20161002,1,30
1896,20161002,6,152
1897,20161002,3,78
1898,20161002,1,1
1899,20161002,1,6
1900,20160930,2,24
1901,20161001,2,7
1902,20161002,1,1
1903,20161002,1,18
1904,20160929,2,2
1905,20161002,2,7
1906,20161002,3,234
1907,20161002,2,7
1908,20161002,3,30
1909,20161001,1,1
1910,20161002,1,1
1911,20161002,4,79
1912,20161002,1,1
1913,20161002,1,6
1914,20161002,1,1
1915,20161002,2,7
1916,20161002,3,18
1917,20161002,2,26
1918,20160928,1,1
1919,20161002,1,1
1920,20160926,1,1
1921,20161002,3,20
1922,20161001,1,1
1923,20160929,1,6
1924,20160927,1,6
1925,20161002,2,7
1926,20161002,3,18
1927,20161002,1,6
1928,20161001,1,1
1929,20161001,1,1
1930,20160928,1,1
1931,20161001,1,6
1932,20161002,4,62
1933,20161002,1,6
1934,20160929,3,32
1935,20161002,3,32
1936,20160926,1,6
1937,20160930,1,1
1938,20161002,1,1
1939,20161002,1,6
1940,20161002,1,6
1941,20160930,2,7
1942,20161002,1,6
1943,20161002,2,7
1944,20160926,2,7
1945,20161001,1,6
1946,20161002,9,208
1947,20161002,1,6
1948,20161002,2,2
1949,20161002,2,7
1950,20161002,2,7
1951,20160927,2,7
1952,20161002,1,6
1953,20161002,2,26
1954,20161001,1,1
1955,20160929,1,1
1956,20161002,1,1
1957,20160926,1,1
1958,20161002,1,1
1959,20160929,1,6
1960,20160926,1,1
1961,20160929,2,2
1962,20161002,1,25
1963,20160928,2,7
1964,20160930,1,1
1965,20161002,1,6
1966,20161002,3,32
1967,20160927,1,1
1968,20161002,2,7
1969,20160927,1,6
1970,20161002,1,1
1971,20161002,1,6
1972,20160927,1,1
1973,20161002,5,56
1974,20161002,1,6
1975,20160928,1,1
1976,20161002,1,1
1977,20161002,4,45
1978,20161002,2,7
1979,20161002,1,6
1980,20161002,1,1
1981,20160929,1,1
1982,20161002,1,1
1983,20161001,2,2
1984,20161002,1,6
1985,20160930,2,31
1986,20160928,1,1
1987,20161002,1,1
1988,20161002,2,12
1989,20161002,3,13
1990,20161001,2,7
1991,20161002,1,6
1992,20161002,2,7
1993,20161001,1,1
1994,20161001,2,7
1995,20161002,7,140
1996,20161002,1,1
1997,20161001,1,1
1998,20161001,2,7
1999,20161002,2,7
2000,20160928,1,6
2001,20161001,3,8
2002,20161002,2,7
2003,20161002,1,6
2004,20161002,1,6
2005,20161002,1,6
2006,20161002,1,1
2007,20161002,1,6
2008,20161002,1,1
2009,20161002,1,6
2010,20160929,1,1
2011,20160928,2,7
2012,20160929,1,1
2013,20161001,1,1
2014,20160929,2,7
2015,20161002,2,7
2016,20161002,1,6
2017,20160929,1,6
2018,20161002,2,7
2019,20160930,1,1
2020,20161002,4,57
2021,20160929,1,1
2022,20161002,2,7
2023,20161002,1,6
2024,20161002,1,6
2025,20161002,5,160
2026,20161002,2,31
2027,20160930,1,1
2028,20161002,1,6
2029,20161002,2,7
2030,20161002,2,7
2031,20161001,1,6
2032,20161002,2,26
2033,20161002,1,6
2034,20161002,1,1
2035,20161002,1,1
2036,20161001,2,123
2037,20160930,1,1
2038,20160929,2,2
2039,20161002,1,1
2040,20160930,2,7
2041,20160930,1,1
2042,20161002,1,6
2043,20161001,1,1
2044,20161002,2,2
2045,20161002,1,1
2046,20161001,4,31
2047,20161002,4,57
2048,20161001,2,12
2049,20161002,3,37
2050,20161002,2,7
2051,20161002,5,34
2052,20161002,1,6
2053,20161002,2,7
2054,20161002,4,50
2055,20161002,2,7
2056,20161002,2,7
2057,20161002,1,1
2058,20161002,2,7
2059,20161001,1,1
2060,20161002,2,24
2061,20161002,2,7
2062,20161002,4,31
2063,20161002,1,6
2064,20161002,1,1
2065,20161002,1,6
2066,20161002,1,1
2067,20161002,2,7
2068,20161002,1,1
2069,20161002,2,7
2070,20161002,1,1
2071,20161002,6,505
2072,20161001,1,1
2073,20161002,1,6
2074,20161002,1,1
2075,20161002,3,13
2076,20161002,4,55
2077,20161002,2,2
2078,20161002,1,6
2079,20161002,2,12
2080,20161002,1,1
2081,20161001,1,1
2082,20161002,1,1
2083,20161002,2,31
2084,20161002,1,6
2085,20161002,1,6
2086,20161002,1,1
2087,20161002,1,1
2088,20161002,1,1
2089,20161002,2,7
2090,20161002,1,1
2091,20161002,1,1
2092,20161002,4,79
2093,20161002,1,6
2094,20161002,3,13
2095,20161002,2,7
2096,20161002,1,6
2097,20161002,1,1
2098,20161002,1,6
2099,20161002,1,1
2100,20161002,2,7
2101,20161002,1,6
2102,20161002,1,6
2103,20161002,1,1
2104,20161002,2,2
2105,20161002,1,6
2106,20161002,1,6
2107,20161002,1,1
2108,20161002,1,6
2109,20160929,2,7
2110,20161002,1,1
2111,20161002,1,6
2112,20161002,1,6
2113,20161002,1,25
2114,20160928,4,9
2115,20161002,3,427
2116,20161002,1,25
2117,20161002,1,25
2118,20161002,4,24
2119,20161002,1,30
2120,20161002,1,6
2121,20161002,1,18
2122,20161002,1,18
2123,20160930,2,12
2124,20161002,2,656
2125,20161002,4,79
2126,20161002,4,33
2127,20161002,4,171
2128,20160930,1,1
2129,20161002,1,25
2130,20161002,1,25
2131,20161002,2,60
2132,20161002,1,25
2133,20161001,1,30
2134,20161002,2,7
2135,20161001,1,6
2136,20161002,1,6
2137,20161002,1,6
2138,20161002,1,6
2139,20161002,7,1425
2140,20161002,1,6
2141,20161002,3,85
2142,20161002,1,25
2143,20161002,1,25
2144,20161002,2,2
2145,20161002,1,6
2146,20161002,7,218
2147,20161002,1,648
2148,20161002,1,6
2149,20161002,2,12
2150,20161002,1,30
2151,20161002,1,18
2152,20161001,1,6
2153,20161002,2,204
2154,20161002,4,14
2155,20161002,1,25
2156,20161002,1,1
2157,20161002,1,30
2158,20160930,1,6
2159,20161002,3,66
2160,20161002,1,25
2161,20161002,2,7
2162,20160930,3,85
2163,20161002,1,98
2164,20161002,2,55
2165,20161002,1,6
2166,20161002,1,25
2167,20161002,1,6
2168,20161002,3,54
2169,20161001,1,6
2170,20161002,1,18
2171,20161002,2,31
2172,20161002,1,25
2173,20161002,1,6
2174,20161002,2,26
2175,20161002,1,98
2176,20161002,1,6
2177,20161002,3,32
2178,20161002,2,426
2179,20161002,1,18
2180,20161002,1,1
2181,20161002,2,19
2182,20161002,1,25
2183,20161002,3,66
2184,20161002,1,18
2185,20161002,2,12
2186,20160930,2,7
2187,20161002,1,25
2188,20161002,1,6
2189,20161001,1,6
2190,20161002,2,60
2191,20161002,1,25
2192,20161002,1,1
2193,20161002,1,25
2194,20161002,1,6
2195,20161002,1,18
2196,20161002,1,25
2197,20161002,1,6
2198,20161002,1,6
2199,20161002,1,6
2200,20161002,1,30
2201,20161002,1,25
2202,20161002,3,8
2203,20161002,2,7
2204,20161002,1,1
2205,20161002,2,60
2206,20161002,2,7
2207,20161002,3,54
2208,20161002,1,1
2209,20160930,1,1
2210,20161002,2,526
2211,20161002,1,6
2212,20161002,1,6
2213,20161002,2,2
2214,20161002,1,25
2215,20161002,2,7
2216,20161002,5,424
2217,20161002,1,6
2218,20161002,9,1514
2219,20161002,3,78
2220,20161002,4,592
2221,20161002,2,31
2222,20161002,2,228
2223,20161002,2,2
2224,20161002,1,1
2225,20161002,1,1
2226,20161002,7,157
2227,20161002,1,6
2228,20161002,1,6
2229,20161001,1,1
2230,20161001,1,1
2231,20161002,1,6
2232,20161002,1,30
2233,20161001,1,30
2234,20161002,1,6
2235,20161002,1,18
2236,20161002,2,31
2237,20160930,1,6
2238,20161002,1,1
2239,20161002,1,98
2240,20161002,1,6
2241,20161002,1,1
2242,20161002,2,12
2243,20161001,1,1
2244,20161002,1,1
2245,20161002,6,176
2246,20160930,1,6
2247,20161002,1,1
2248,20161002,2,7
2249,20160930,1,1
2250,20161002,1,1
2251,20161002,1,1
2252,20161002,1,1
2253,20161002,1,6
2254,20161002,2,26
2255,20161002,1,6
2256,20161002,1,6
2257,20160930,2,7
2258,20161002,1,6
2259,20161002,4,118
2260,20160927,2,2
2261,20160928,3,30
2262,20161002,3,3
2263,20161002,2,7
2264,20161002,3,73
2265,20161002,1,25
2266,20161002,1,6
2267,20161002,1,6
2268,20161002,1,18
2269,20160928,1,6
2270,20161002,1,6
2271,20161002,1,1
2272,20161002,1,6
2273,20161001,1,1
2274,20160927,1,1
2275,20161001,1,1
2276,20161001,1,1
2277,20161002,6,103
2278,20161002,1,6
2279,20160928,1,1
2280,20161002,1,1
2281,20160930,1,1
2282,20160926,1,1
2283,20161002,26,2690
2284,20161001,2,7
2285,20161002,1,6
2286,20161002,2,7
2287,20161002,1,1
2288,20160928,1,6
2289,20161001,2,7
2290,20161002,1,6
2291,20161002,2,7
2292,20160930,1,6
2293,20161001,2,7
2294,20161002,2,26
2295,20160929,2,2
2296,20161002,6,57
2297,20161001,1,6
2298,20161002,1,1
2299,20161002,2,7
2300,20161002,3,13
2301,20160926,1,1
2302,20161002,2,7
2303,20160928,2,7
2304,20161002,1,1
2305,20160928,2,7
2306,20161002,1,1
2307,20161001,3,8
2308,20161001,1,1
2309,20161002,1,1
2310,20160927,3,8
2311,20160928,1,18
2312,20160927,1,6
2313,20160927,1,1
2314,20160927,1,6
2315,20161002,3,13
2316,20160928,2,7
2317,20161002,6,1259
2318,20160929,1,6
2319,20161002,8,382
2320,20161002,4,31
2321,20160929,1,1
2322,20161002,1,6
2323,20161002,1,1
2324,20161001,1,1
2325,20161001,1,1
2326,20161002,1,6
2327,20161002,1,6
2328,20161001,2,7
2329,20161001,1,6
2330,20161002,2,7
2331,20161002,5,10
2332,20161002,1,6
2333,20161002,1,1
2334,20161002,1,1
2335,20161002,4,14
2336,20161002,1,1
2337,20160929,1,6
2338,20160928,1,1
2339,20161002,5,80
2340,20161001,2,7
2341,20161001,1,6
2342,20161002,1,1
2343,20161002,1,1
2344,20161002,2,7
2345,20160928,2,7
2346,20160929,2,7
2347,20160929,1,1
2348,20161002,2,7
2349,20161002,5,80
2350,20160929,1,18
2351,20161002,2,7
2352,20161002,5,425
2353,20161002,2,7
2354,20160929,2,26
2355,20161002,1,1
2356,20161002,3,8
2357,20161002,2,26
2358,20161002,1,6
2359,20160929,1,1
2360,20161002,3,32
2361,20160930,1,1
2362,20161001,2,7
2363,20161002,1,1
2364,20160929,1,6
2365,20161002,2,2
2366,20161001,1,6
2367,20161001,2,7
2368,20161002,3,8
2369,20160930,1,1
2370,20161002,1,25
2371,20161001,5,143
2372,20161002,2,7
2373,20161002,2,31
2374,20161002,1,6
2375,20161002,2,7
2376,20161002,2,7
2377,20161002,2,7
2378,20161001,1,25
2379,20161002,1,6
2380,20160930,2,7
2381,20160930,1,1
2382,20161002,2,7
2383,20161002,2,7
2384,20161001,1,6
2385,20161002,1,6
2386,20161001,1,1
2387,20161002,1,6
2388,20161002,1,6
2389,20161002,1,6
2390,20161002,1,1
2391,20161002,2,2
2392,20161001,1,1
2393,20161001,1,6
2394,20161002,1,1
2395,20161002,1,6
2396,20161002,1,6
2397,20161002,1,1
2398,20161002,1,1
2399,20161002,2,7
2400,20161002,1,6
2401,20161002,1,6
2402,20161002,1,1
2403,20161001,1,1
2404,20161002,5,56
2405,20161002,1,6
2406,20161002,1,1
2407,20161002,1,1
2408,20161002,1,1
2409,20161002,1,1
2410,20161002,2,19
2411,20161002,1,6
2412,20161002,2,7
2413,20161002,2,2
2414,20161002,2,7
2415,20161002,1,1
2416,20161002,1,6
2417,20161002,1,1
2418,20161002,1,1
2419,20161002,1,1
2420,20161002,5,39
2421,20161002,5,56
2422,20161002,1,1
2423,20161002,3,8
2424,20161002,2,7
2425,20161002,1,6
2426,20161002,2,7
2427,20161002,3,8
2428,20161002,1,6
2429,20161002,1,1
2430,20161002,1,25
2431,20161002,1,6
2432,20161002,1,1
2433,20160930,1,18
2434,20161002,1,648
2435,20161001,1,6
2436,20161002,1,1
2437,20161002,2,24
2438,20161002,1,198
2439,20161002,2,2
2440,20161002,1,6
2441,20161002,1,6
2442,20161002,1,6
2443,20161002,1,25
2444,20161002,2,60
2445,20161002,1,6
2446,20161002,1,25
2447,20161002,1,1
2448,20161002,11,691
2449,20161002,1,25
2450,20161002,1,25
2451,20161002,1,6
2452,20161002,1,25
2453,20161002,2,2
2454,20161002,1,6
2455,20161002,1,25
2456,20161002,2,104
2457,20161002,2,55
2458,20160928,2,2
2459,20161002,1,6
2460,20161002,1,25
2461,20161002,1,18
2462,20161002,1,25
2463,20161002,2,31
2464,20161002,1,6
2465,20161001,2,7
2466,20161002,3,85
2467,20161002,1,25
2468,20161002,1,30
2469,20161002,2,60
2470,20161002,2,31
2471,20161002,1,25
2472,20160930,1,6
2473,20161002,1,6
2474,20161002,2,55
2475,20161002,1,25
2476,20161002,3,141
2477,20161002,2,55
2478,20161002,1,648
2479,20161002,1,1
2480,20161001,1,1
2481,20161002,1,1
2482,20161002,3,18
2483,20161002,1,6
2484,20161002,7,868
2485,20161001,3,0.03
2486,20161002,1,1
2487,20161002,2,104
2488,20161002,1,1
2489,20161002,1,25
2490,20161002,1,30
2491,20161002,1,198
2492,20161002,1,30
2493,20161002,10,195
2494,20161002,1,25
2495,20161002,1,6
2496,20161002,1,25
2497,20161002,4,649
2498,20161002,1,6
2499,20161002,1,30
2500,20161001,1,6
2501,20161002,1,6
2502,20161002,2,24
2503,20161002,3,49
2504,20161002,1,25
2505,20161002,1,25
2506,20161002,5,684
2507,20161002,1,1
2508,20161002,2,55
2509,20161002,1,25
2510,20161002,3,49
2511,20161002,1,6
2512,20161002,1,25
2513,20161001,2,7
2514,20161002,3,1304
2515,20161002,8,683
2516,20161002,1,25
2517,20161002,1,1
2518,20161002,1,6
2519,20161001,1,6
2520,20160930,1,1
2521,20161002,18,1615
2522,20161002,1,30
2523,20161002,1,25
2524,20161002,3,146
2525,20161002,1,6
2526,20161002,2,123
2527,20161002,1,6
2528,20161002,2,60
2529,20161002,1,6
2530,20160930,1,6
2531,20161002,2,7
2532,20161002,1,6
2533,20161002,3,8
2534,20161002,7,1008
2535,20161002,4,62
2536,20161002,3,3
2537,20161002,1,25
2538,20161002,3,158
2539,20160928,1,1
2540,20161002,1,25
2541,20161001,1,1
2542,20161002,2,31
2543,20161002,6,108
2544,20161002,2,7
2545,20161002,2,24
2546,20161001,7,478
2547,20161002,1,1
2548,20161002,1,6
2549,20161002,7,194
2550,20161002,1,6
2551,20161002,1,1
2552,20161002,1,6
2553,20161002,1,25
2554,20160929,1,1
2555,20161002,3,13
2556,20161002,2,128
2557,20161002,2,7
2558,20161002,1,1
2559,20161002,1,6
2560,20161001,1,6
2561,20161002,1,6
2562,20160927,1,6
2563,20161002,1,6
2564,20161001,1,1
2565,20161002,1,1
2566,20161002,2,31
2567,20161002,1,1
2568,20161002,1,1
2569,20161002,2,2
2570,20161002,1,25
2571,20161001,1,98
2572,20161002,1,6
2573,20161002,7,32
2574,20161002,1,1
2575,20160927,1,1
2576,20161002,2,7
2577,20161002,1,1
2578,20161002,1,1
2579,20161002,1,6
2580,20160930,1,6
2581,20161002,1,6
2582,20161002,2,2
2583,20161001,3,222
2584,20161002,3,54
2585,20161002,1,6
2586,20161002,1,1
2587,20161002,1,30
2588,20160930,1,6
2589,20161002,1,6
2590,20161002,3,27
2591,20161002,10,527
2592,20161002,1,1
2593,20161002,1,6
2594,20161002,2,7
2595,20161002,2,7
2596,20161002,1,1
2597,20161002,1,1
2598,20161002,3,13
2599,20160928,2,7
2600,20160928,2,19
2601,20160928,1,1
2602,20161001,1,1
2603,20161002,2,2
2604,20160926,1,6
2605,20161002,1,6
2606,20160928,1,6
2607,20161002,2,2
2608,20161002,7,276
2609,20161002,1,1
2610,20160930,2,7
2611,20161002,2,7
2612,20160926,1,1
2613,20161001,1,1
2614,20161002,5,56
2615,20160930,1,6
2616,20160927,1,6
2617,20160927,4,130
2618,20161001,1,1
2619,20160929,2,7
2620,20160926,1,6
2621,20161002,7,208
2622,20160930,1,30
2623,20161002,1,1
2624,20160928,1,1
2625,20161002,1,1
2626,20161001,1,6
2627,20161002,2,7
2628,20161002,5,260
2629,20160928,1,1
2630,20161002,1,6
2631,20160930,2,7
2632,20161002,2,7
2633,20160930,2,128
2634,20161002,1,25
2635,20160930,1,6
2636,20161002,1,6
2637,20161002,1,6
2638,20160930,1,6
2639,20161002,1,1
2640,20161002,1,6
2641,20161002,2,2
2642,20161001,3,8
2643,20161001,1,6
2644,20160927,1,6
2645,20161002,2,2
2646,20160930,1,1
2647,20160928,2,7
2648,20161002,2,7
2649,20160928,1,6
2650,20160928,1,6
2651,20161001,2,2
2652,20160928,2,2
2653,20161002,2,7
2654,20161002,1,1
2655,20160929,2,26
2656,20161002,1,1
2657,20161001,2,7
2658,20161002,1,6
2659,20161002,2,2
2660,20161001,2,7
2661,20161002,1,6
2662,20160929,2,7
2663,20161001,3,56
2664,20161002,1,6
2665,20160930,1,1
2666,20161002,2,7
2667,20161002,1,25
2668,20160929,1,1
2669,20161002,1,1
2670,20161002,1,1
2671,20161002,1,18
2672,20161002,1,1
2673,20161001,1,6
2674,20161002,1,1
2675,20161002,2,7
2676,20161002,2,7
2677,20161002,2,7
2678,20161002,2,7
2679,20161002,3,8
2680,20161002,1,6
2681,20160929,1,6
2682,20161002,1,1
2683,20161002,3,205
2684,20161001,1,1
2685,20161002,1,6
2686,20161002,3,8
2687,20161002,3,32
2688,20161001,2,26
2689,20161002,1,1
2690,20160930,1,1
2691,20161002,5,63
2692,20160930,1,6
2693,20161002,1,6
2694,20160930,1,1
2695,20161002,2,7
2696,20161002,2,2
2697,20161002,2,7
2698,20161002,3,13
2699,20160930,2,2
2700,20161002,7,179
2701,20161002,1,1
2702,20161001,1,1
2703,20161002,4,57
2704,20161002,2,7
2705,20161001,1,6
2706,20160930,1,1
2707,20161001,1,6
2708,20161002,1,6
2709,20161002,1,1
2710,20161002,1,1
2711,20161002,1,1
2712,20161001,1,1
2713,20161002,1,6
2714,20161002,1,6
2715,20161002,2,7
2716,20161002,1,6
2717,20161002,2,2
2718,20161001,1,1
2719,20161002,2,7
2720,20161002,2,2
2721,20161002,1,1
2722,20161001,1,1
2723,20161002,1,6
2724,20161002,2,7
2725,20161002,2,7
2726,20161001,2,7
2727,20161002,1,1
2728,20161001,1,1
2729,20161002,3,13
2730,20161002,2,7
2731,20161002,1,1
2732,20161002,1,1
2733,20161002,2,7
2734,20161002,1,1
2735,20161002,3,20
2736,20161002,1,1
2737,20161002,1,1
2738,20161002,2,7
2739,20161002,3,8
2740,20161001,1,6
2741,20161002,1,1
2742,20161002,1,6
2743,20161002,2,7
2744,20161002,2,7
2745,20161002,1,6
2746,20161002,1,1
2747,20161002,1,1
2748,20161002,1,6
2749,20161002,1,6
2750,20161002,1,1
2751,20161002,2,2
2752,20161002,2,7
2753,20161002,1,1
2754,20161002,2,7
2755,20161002,1,6
2756,20161002,1,6
2757,20161002,1,1
2758,20161002,3,32
2759,20161002,2,7
2760,20161002,1,6
2761,20161002,2,7
2762,20161002,2,7
2763,20161002,1,1
2764,20161002,1,1
2765,20161002,1,1
2766,20161002,1,6
2767,20160929,2,7
2768,20160930,3,32
2769,20160929,2,7
2770,20160928,4,74
2771,20160930,2,2
2772,20161002,1,6
2773,20161002,2,55
2774,20161002,3,426
2775,20161002,4,120
2776,20161002,2,426
2777,20161002,2,2
2778,20161002,1,1
2779,20160930,1,6
2780,20161002,1,25
2781,20161002,1,25
2782,20161002,1,6
2783,20161002,1,25
2784,20161002,1,1
2785,20161002,1,25
2786,20161001,1,6
2787,20161002,1,25
2788,20161002,2,31
2789,20161002,10,1599
2790,20161002,3,85
2791,20160930,1,1
2792,20161002,3,8
2793,20161002,1,18
2794,20161002,2,60
2795,20161002,1,6
2796,20161002,1,6
2797,20161002,2,12
2798,20161002,1,1
2799,20161002,1,6
2800,20161002,1,30
2801,20161002,3,61
2802,20161002,4,60
2803,20161002,2,7
2804,20161002,2,12
2805,20161002,1,6
2806,20161002,1,25
2807,20161002,2,60
2808,20161002,1,30
2809,20161002,1,25
2810,20161002,2,60
2811,20161002,1,25
2812,20161002,1,1
2813,20161002,1,25
2814,20161002,1,1
2815,20161002,1,25
2816,20161002,1,1
2817,20161002,1,30
2818,20161002,2,43
2819,20161002,2,31
2820,20161002,1,25
2821,20161002,3,30
2822,20161002,2,12
2823,20161002,2,2
2824,20161002,1,6
2825,20161002,2,1296
2826,20161002,1,1
2827,20161002,5,1061
2828,20161001,1,6
2829,20161002,2,7
2830,20161002,4,84
2831,20161002,2,31
2832,20161002,1,6
2833,20161002,1,6
2834,20161002,3,13
2835,20161002,1,6
2836,20161002,1,6
2837,20161002,3,85
2838,20161001,1,6
2839,20161002,1,25
2840,20161002,1,6
2841,20161002,1,18
2842,20161002,1,6
2843,20160930,1,1
2844,20161002,3,129
2845,20161002,1,6
2846,20161002,1,18
2847,20161002,7,269
2848,20161002,1,30
2849,20161002,3,61
2850,20161002,1,30
2851,20160929,1,1
2852,20160930,1,1
2853,20161002,1,1
2854,20161002,1,6
2855,20161002,9,482
2856,20160928,1,6
2857,20161002,3,44
2858,20161002,3,134
2859,20161002,1,18
2860,20161002,1,1
2861,20161002,4,103
2862,20161002,1,98
2863,20161002,5,426
2864,20161002,1,30
2865,20161001,1,6
2866,20161002,1,6
2867,20161002,7,179
2868,20160927,2,7
2869,20161002,1,25
2870,20161002,1,328
2871,20160928,1,1
2872,20161002,1,6
2873,20161002,1,1
2874,20161002,3,18
2875,20161002,1,6
2876,20161002,1,25
2877,20161002,1,18
2878,20161002,1,6
2879,20161002,1,6
2880,20160930,1,1
2881,20161002,1,30
2882,20161002,1,1
2883,20161002,1,98
2884,20161002,2,2
2885,20160930,1,6
2886,20161002,22,1372
2887,20161002,2,2
2888,20161002,2,19
2889,20160930,1,1
2890,20161002,1,25
2891,20161002,1,1
2892,20161002,2,7
2893,20161002,1,1
2894,20161002,1,1
2895,20161002,3,8
2896,20161002,4,67
2897,20161002,1,1
2898,20161002,1,30
2899,20161002,1,1
2900,20161002,1,1
2901,20160930,1,1
2902,20161002,1,6
2903,20161002,3,134
2904,20161001,1,1
2905,20161002,1,25
2906,20161002,1,1
2907,20161002,1,1
2908,20161002,2,26
2909,20161002,1,18
2910,20161002,1,6
2911,20160926,1,6
2912,20161002,1,6
2913,20161002,1,1
2914,20161002,1,18
2915,20161002,4,67
2916,20161002,1,1
2917,20160927,2,12
2918,20160928,1,1
2919,20160930,1,1
2920,20161002,1,30
2921,20161002,1,6
2922,20161002,1,6
2923,20161002,2,12
2924,20161002,2,2
2925,20161002,1,6
2926,20161002,1,6
2927,20161002,1,6
2928,20161002,1,1
2929,20161002,1,1
2930,20161002,1,1
2931,20161002,1,6
2932,20160930,2,2
2933,20160929,1,30
2934,20161002,1,1
2935,20161001,1,6
2936,20160926,3,8
2937,20161001,2,104
2938,20160930,1,1
2939,20161002,1,1
2940,20160929,1,6
2941,20161002,1,1
2942,20160930,1,1
2943,20161002,1,1
2944,20160928,2,7
2945,20161002,4,33
2946,20161001,1,6
2947,20161002,1,25
2948,20161002,1,1
2949,20161002,2,7
2950,20161002,1,6
2951,20160927,1,1
2952,20161002,2,7
2953,20161002,3,37
2954,20161002,2,7
2955,20160927,1,1
2956,20161001,4,33
2957,20160930,2,7
2958,20161002,1,6
2959,20161001,2,2
2960,20161002,1,1
2961,20160927,1,6
2962,20161002,1,1
2963,20161002,1,6
2964,20160930,1,6
2965,20161002,1,6
2966,20160927,1,1
2967,20160930,3,8
2968,20160929,1,6
2969,20160927,1,6
2970,20161002,1,6
2971,20161002,6,154
2972,20161002,2,7
2973,20161002,4,74
2974,20161002,4,38
2975,20161002,1,6
2976,20160928,1,1
2977,20160927,1,6
2978,20161002,4,55
2979,20161001,1,6
2980,20161002,1,6
2981,20161002,2,31
2982,20160929,1,1
2983,20161002,2,7
2984,20161002,3,32
2985,20161002,1,1
2986,20161002,2,26
2987,20160929,2,2
2988,20161002,4,38
2989,20161002,2,7
2990,20161001,2,19
2991,20161002,1,1
2992,20160929,1,6
2993,20161002,1,25
2994,20160930,1,6
2995,20161002,2,7
2996,20161002,5,160
2997,20161001,1,6
2998,20161002,1,1
2999,20160928,1,6
3000,20161001,2,26
3001,20160929,2,43
3002,20161002,3,129
3003,20160929,1,1
3004,20160928,2,24
3005,20161002,1,6
3006,20160928,1,1
3007,20161002,1,1
3008,20161002,1,6
3009,20161002,1,6
3010,20161002,1,1
3011,20161002,4,14
3012,20160929,1,1
3013,20160930,2,7
3014,20161002,2,7
3015,20160929,2,7
3016,20161002,1,30
3017,20161002,12,1031
3018,20161001,2,2
3019,20161002,1,6
3020,20160929,1,1
3021,20161002,1,1
3022,20160929,1,1
3023,20160929,1,1
3024,20161002,2,7
3025,20161002,1,6
3026,20161002,1,6
3027,20161002,1,6
3028,20161002,2,7
3029,20161002,1,6
3030,20160930,1,1
3031,20161002,2,7
3032,20160930,1,1
3033,20161002,4,14
3034,20160929,3,8
3035,20161002,2,7
3036,20160930,1,6
3037,20161002,1,1
3038,20161001,1,6
3039,20161001,2,31
3040,20161002,1,1
3041,20161002,2,7
3042,20161002,2,2
3043,20161002,1,1
3044,20161002,1,6
3045,20161002,1,1
3046,20161002,2,7
3047,20161002,2,26
3048,20161002,1,18
3049,20161002,2,12
3050,20161002,2,31
3051,20161002,1,1
3052,20161002,2,7
3053,20160930,1,1
3054,20161002,2,7
3055,20161002,2,26
3056,20161002,1,6
3057,20161002,2,7
3058,20161001,1,1
3059,20161001,1,1
3060,20161002,3,8
3061,20161002,4,62
3062,20161001,1,1
3063,20161002,4,14
3064,20161002,2,7
3065,20161002,1,6
3066,20161001,1,1
3067,20161002,1,1
3068,20161002,2,31
3069,20161002,1,6
3070,20161001,1,1
3071,20161002,1,1
3072,20161002,1,1
3073,20161001,1,1
3074,20161002,1,6
3075,20161002,1,1
3076,20161002,1,6
3077,20161002,1,1
3078,20161002,1,1
3079,20161002,1,6
3080,20161002,1,1
3081,20161002,1,6
3082,20161002,1,6
3083,20161002,1,6
3084,20161002,1,6
3085,20161002,1,1
3086,20161002,2,7
3087,20161002,1,1
3088,20161002,2,7
3089,20161002,3,13
3090,20161002,2,7
3091,20161002,2,2
3092,20161002,7,123
3093,20161002,1,1
3094,20161002,3,32
3095,20161002,1,6
3096,20161002,1,1
3097,20161002,2,7
3098,20161002,1,6
3099,20161002,1,6
3100,20161002,1,1
3101,20161002,2,19
3102,20161002,1,6
3103,20161002,3,56
3104,20161002,1,1
3105,20161002,1,6
3106,20161002,7,208
3107,20161002,1,1
3108,20161002,2,2
3109,20161002,1,6
3110,20161002,2,7
3111,20160927,2,7
3112,20161002,1,6
3113,20161002,1,18
3114,20161002,1,30
3115,20160930,1,1
3116,20160929,4,147
3117,20161002,2,55
3118,20161002,1,1
3119,20160929,2,7
3120,20161002,2,26
3121,20161002,6,127
3122,20161002,1,25
3123,20161001,2,2
3124,20161002,4,91
3125,20161002,1,25
3126,20161002,1,25
3127,20161002,1,6
3128,20161002,1,6
3129,20161002,2,19
3130,20161002,3,85
3131,20161002,3,158
3132,20161002,2,24
3133,20161002,1,6
3134,20161002,4,31
3135,20161002,1,6
3136,20161002,2,60
3137,20161002,1,6
3138,20161002,1,25
3139,20161002,2,48
3140,20160928,1,1
3141,20161002,7,85
3142,20161002,2,2
3143,20161002,1,30
3144,20161002,2,2
3145,20161002,1,6
3146,20161002,2,7
3147,20161002,2,2
3148,20161002,1,98
3149,20161002,3,54
3150,20161002,2,7
3151,20161002,20,1434
3152,20161002,1,1
3153,20161002,1,1
3154,20161002,1,25
3155,20161002,2,55
3156,20161002,1,6
3157,20161002,3,18
3158,20161002,1,25
3159,20161002,2,60
3160,20161002,2,678
3161,20161002,1,25
3162,20161002,3,129
3163,20161002,2,12
3164,20161002,3,27
3165,20161002,1,30
3166,20161001,1,1
3167,20161002,5,109
3168,20161002,4,240
3169,20161002,1,6
3170,20161002,1,25
3171,20161002,2,31
3172,20161002,2,31
3173,20161002,2,31
3174,20161002,2,31
3175,20161002,1,25
3176,20161002,1,6
3177,20161002,2,48
3178,20161002,1,6
3179,20161002,2,426
3180,20161002,1,6
3181,20161002,1,25
3182,20161002,5,425
3183,20161002,2,2
3184,20161002,1,6
3185,20161002,2,2
3186,20161002,2,7
3187,20161002,1,1
3188,20161002,2,31
3189,20161001,1,1
3190,20161002,1,30
3191,20161002,1,25
3192,20160928,1,1
3193,20161001,1,1
3194,20161002,5,25
3195,20161002,1,30
3196,20161002,1,6
3197,20161002,3,54
3198,20160930,1,6
3199,20161002,4,79
3200,20160930,1,1
3201,20160930,1,25
3202,20161001,1,6
3203,20161002,1,6
3204,20161002,1,6
3205,20161002,1,6
3206,20161001,1,1
3207,20161002,1,6
3208,20161002,1,6
3209,20161002,1,30
3210,20160928,1,6
3211,20161002,2,31
3212,20161002,3,703
3213,20161002,5,194
3214,20161002,2,60
3215,20161002,1,1
3216,20161002,1,6
3217,20161002,1,1
3218,20161002,2,2
3219,20161001,3,49
3220,20161002,1,1
3221,20161002,1,30
3222,20161002,1,1
3223,20161002,1,1
3224,20161002,1,25
3225,20161001,1,1
3226,20160927,1,1
3227,20161002,1,18
3228,20160927,1,6
3229,20161002,1,1
3230,20161002,1,6
3231,20161002,1,1
3232,20161002,1,1
3233,20161001,1,6
3234,20161002,1,1
3235,20161002,1,1
3236,20161002,3,20
3237,20161002,1,6
3238,20160930,1,1
3239,20160929,1,1
3240,20161002,1,648
3241,20161002,1,6
3242,20161002,1,6
3243,20161002,2,7
3244,20161002,2,2
3245,20161002,1,18
3246,20161002,1,25
3247,20161002,1,6
3248,20161002,2,7
3249,20161002,2,48
3250,20161002,1,98
3251,20161002,4,38
3252,20161002,3,78
3253,20161002,1,6
3254,20160929,1,1
3255,20161002,1,30
3256,20161002,2,26
3257,20161002,1,1
3258,20161002,1,25
3259,20161002,4,884
3260,20160929,1,1
3261,20160928,1,6
3262,20161002,1,6
3263,20161001,1,6
3264,20161001,2,2
3265,20161002,1,1
3266,20160928,2,24
3267,20161001,2,2
3268,20161002,2,7
3269,20161002,2,7
3270,20161002,1,6
3271,20160927,3,210
3272,20160929,1,1
3273,20161002,1,1
3274,20161002,1,1
3275,20161002,3,13
3276,20161002,2,2
3277,20161002,1,6
3278,20161002,1,1
3279,20161002,3,37
3280,20161002,1,6
3281,20161002,2,7
3282,20161002,1,1
3283,20160930,1,30
3284,20160929,1,6
3285,20160926,1,6
3286,20160926,1,1
3287,20160927,2,7
3288,20161001,2,7
3289,20160926,1,6
3290,20160930,2,31
3291,20161002,1,6
3292,20160927,1,1
3293,20161002,1,25
3294,20161002,4,62
3295,20161002,1,1
3296,20161002,3,13
3297,20161002,1,6
3298,20161002,2,7
3299,20160930,2,7
3300,20161002,1,6
3301,20161002,2,7
3302,20160930,1,6
3303,20161001,1,1
3304,20161001,1,6
3305,20160926,1,1
3306,20160929,2,7
3307,20160930,2,7
3308,20160926,1,1
3309,20160929,2,7
3310,20161002,2,7
3311,20161001,2,2
3312,20160930,1,1
3313,20160930,1,6
3314,20161002,1,1
3315,20160927,1,1
3316,20161002,2,2
3317,20161002,1,6
3318,20161002,3,105
3319,20161002,3,32
3320,20161002,3,32
3321,20161002,1,1
3322,20161002,1,6
3323,20161001,2,7
3324,20160928,1,1
3325,20160927,1,6
3326,20161002,2,12
3327,20160928,4,33
3328,20161002,2,7
3329,20160928,1,1
3330,20161002,1,1
3331,20161002,1,6
3332,20161002,7,32
3333,20160930,1,1
3334,20161002,1,1
3335,20161002,1,6
3336,20161001,1,6
3337,20161002,1,1
3338,20161002,3,32
3339,20161002,1,6
3340,20161002,1,6
3341,20161002,1,1
3342,20160929,2,2
3343,20161002,1,18
3344,20161002,1,1
3345,20161002,1,6
3346,20161002,3,32
3347,20161001,2,7
3348,20161002,2,55
3349,20161002,1,1
3350,20161002,4,33
3351,20161002,1,6
3352,20161001,1,6
3353,20161002,1,6
3354,20160929,1,1
3355,20161002,2,7
3356,20160929,1,1
3357,20160929,1,1
3358,20161002,1,6
3359,20161001,1,1
3360,20161002,1,1
3361,20161002,1,30
3362,20161001,3,13
3363,20161002,2,7
3364,20161002,3,37
3365,20161002,4,14
3366,20161002,7,208
3367,20160929,3,32
3368,20161001,1,6
3369,20161002,1,6
3370,20161001,2,7
3371,20161002,1,6
3372,20161002,1,1
3373,20160929,1,1
3374,20161002,2,2
3375,20161001,1,6
3376,20161002,2,7
3377,20161002,7,179
3378,20161002,1,6
3379,20161002,4,50
3380,20160930,1,6
3381,20161002,3,105
3382,20161002,12,735
3383,20161002,2,26
3384,20161002,1,1
3385,20161002,1,6
3386,20161002,1,6
3387,20161002,1,1
3388,20161002,1,6
3389,20161002,1,6
3390,20161002,1,6
3391,20161002,1,1
3392,20161002,2,7
3393,20161002,2,7
3394,20161002,2,12
3395,20161001,2,7
3396,20161002,4,55
3397,20161002,2,2
3398,20161002,2,7
3399,20161001,1,6
3400,20161002,1,6
3401,20161002,1,1
3402,20161002,1,1
3403,20161002,1,6
3404,20161002,1,6
3405,20161002,1,6
3406,20161002,5,66
3407,20161002,1,1
3408,20161002,1,6
3409,20161002,1,1
3410,20161002,3,129
3411,20161002,7,426
3412,20161002,1,1
3413,20161001,1,6
3414,20161002,3,32
3415,20161002,1,1
3416,20161002,1,1
3417,20161002,4,31
3418,20161002,1,1
3419,20161001,1,6
3420,20161002,1,6
3421,20161002,1,6
3422,20161002,3,32
3423,20161002,1,6
3424,20161002,1,1
3425,20161002,2,7
3426,20161002,1,6
3427,20161002,1,1
3428,20161002,1,6
3429,20161002,1,6
3430,20161002,7,201
3431,20161002,2,7
3432,20161002,1,1
3433,20161002,1,6
3434,20161002,2,7
3435,20161002,2,7
3436,20161002,2,7
3437,20161002,1,6
3438,20161002,1,6
3439,20161002,1,6
3440,20161002,2,7
3441,20161002,1,30
3442,20161002,1,6
3443,20161002,1,6
3444,20160929,1,25
3445,20161002,3,30
3446,20161002,1,25
3447,20161002,2,99
3448,20161002,6,1102
3449,20161002,1,30
3450,20161002,2,36
3451,20161002,1,6
3452,20161002,7,548
3453,20161002,1,198
3454,20161002,3,66
3455,20161002,2,24
3456,20161002,1,25
3457,20161002,1,25
3458,20161002,2,36
3459,20161002,1,18
3460,20161002,1,1
3461,20161002,2,31
3462,20161002,5,369
3463,20161002,2,31
3464,20161002,1,25
3465,20161002,1,30
3466,20161002,1,6
3467,20161002,1,1
3468,20161002,3,85
3469,20161002,2,26
3470,20161002,1,1
3471,20161002,1,6
3472,20161002,1,25
3473,20161002,1,6
3474,20161002,9,1758
3475,20161002,1,25
3476,20161002,1,198
3477,20161002,4,120
3478,20161002,1,98
3479,20161002,1,25
3480,20161002,1,25
3481,20161002,1,25
3482,20161002,2,7
3483,20161002,1,25
3484,20161002,1,6
3485,20161002,1,25
3486,20161002,1,30
3487,20161002,1,18
3488,20160928,2,2
3489,20161002,4,84
3490,20161002,1,6
3491,20161002,1,1
3492,20161002,1,1
3493,20161002,1,30
3494,20161002,1,6
3495,20161002,1,1
3496,20161002,5,109
3497,20161002,3,30
3498,20161002,1,25
3499,20161002,9,497
3500,20161002,1,18
3501,20161002,1,25
3502,20161001,1,6
3503,20161002,4,103
3504,20161002,5,54
3505,20161002,1,25
3506,20161002,1,198
3507,20161002,5,604
3508,20161002,1,1
3509,20161002,1,6
3510,20161002,1,6
3511,20161002,1,1
3512,20161002,2,24
3513,20161002,1,25
3514,20161002,1,6
3515,20161001,1,1
3516,20161002,5,32
3517,20161002,1,18
3518,20161002,1,18
3519,20161002,8,2043
3520,20161002,5,1067
3521,20161002,1,25
3522,20161002,2,55
3523,20161002,2,31
3524,20160930,1,6
3525,20161002,1,25
3526,20161002,1,25
3527,20160928,1,6
3528,20161002,1,1
3529,20161002,1,18
3530,20161002,3,61
3531,20161002,1,1
3532,20161002,1,25
3533,20161002,6,149
3534,20161002,1,1
3535,20161002,2,7
3536,20161002,2,7
3537,20161002,2,7
3538,20161002,1,18
3539,20161002,4,424
3540,20161001,1,25
3541,20161002,1,6
3542,20161002,2,12
3543,20161002,2,2
3544,20161002,1,1
3545,20161002,1,1
3546,20161002,1,6
3547,20161001,2,24
3548,20161002,1,1
3549,20161002,2,55
3550,20161002,1,6
3551,20161002,1,6
3552,20161002,1,6
3553,20161002,2,2
3554,20161002,1,1
3555,20161001,1,6
3556,20161002,1,25
3557,20161002,1,6
3558,20161001,1,1
3559,20161002,1,1
3560,20161002,1,1
3561,20161002,1,25
3562,20161002,1,1
3563,20160927,1,1
3564,20161001,4,14
3565,20161002,1,6
3566,20160930,1,1
3567,20161002,2,31
3568,20161002,1,6
3569,20161002,2,12
3570,20161002,1,1
3571,20161002,2,128
3572,20161002,1,1
3573,20161002,1,6
3574,20161001,2,24
3575,20161002,1,6
3576,20160928,1,1
3577,20161002,1,1
3578,20161002,1,1
3579,20160929,1,6
3580,20160926,1,1
3581,20161002,1,18
3582,20160927,2,7
3583,20161002,1,98
3584,20161002,1,6
3585,20161002,1,6
3586,20160928,3,8
3587,20161002,1,1
3588,20161002,1,6
3589,20161002,1,1
3590,20161002,1,1
3591,20161002,1,6
3592,20161002,1,1
3593,20161002,1,6
3594,20161002,2,2
3595,20161002,1,6
3596,20161002,1,1
3597,20161002,1,1
3598,20161002,1,1
3599,20160926,1,1
3600,20160930,1,6
3601,20161002,1,6
3602,20160929,1,1
3603,20161002,3,32
3604,20161001,1,6
3605,20160926,1,1
3606,20161002,8,404
3607,20160930,1,6
3608,20161002,4,57
3609,20161002,1,1
3610,20161001,1,6
3611,20161002,3,13
3612,20160927,1,1
3613,20161002,2,26
3614,20160927,1,6
3615,20161002,2,24
3616,20160929,1,1
3617,20160929,1,1
3618,20161001,7,56
3619,20160927,1,1
3620,20161002,2,7
3621,20160928,1,1
3622,20161002,2,7
3623,20161002,1,6
3624,20161002,1,1
3625,20160928,2,7
3626,20161002,2,7
3627,20161001,2,7
3628,20160927,1,1
3629,20161002,1,1
3630,20161002,1,1
3631,20161002,2,7
3632,20160927,1,1
3633,20161002,2,7
3634,20161002,3,13
3635,20161002,1,1
3636,20161002,3,27
3637,20161002,2,2
3638,20161002,6,110
3639,20161002,3,44
3640,20161002,2,7
3641,20160930,1,6
3642,20160930,3,13
3643,20161002,2,12
3644,20161002,2,12
3645,20161002,5,136
3646,20161001,1,6
3647,20160929,4,33
3648,20161001,1,1
3649,20161002,1,6
3650,20160930,1,6
3651,20161001,2,12
3652,20161002,4,55
3653,20161001,2,7
3654,20161001,3,32
3655,20161002,1,1
3656,20161002,1,1
3657,20161002,2,7
3658,20161002,1,6
3659,20161002,4,111
3660,20161002,3,13
3661,20161002,2,7
3662,20160929,3,32
3663,20161002,2,7
3664,20160930,1,1
3665,20161002,2,7
3666,20161002,4,351
3667,20161002,1,1
3668,20161002,1,1
3669,20160928,1,1
3670,20161002,1,1
3671,20161002,2,31
3672,20161002,1,1
3673,20161002,1,1
3674,20161001,2,7
3675,20161001,1,1
3676,20160930,3,32
3677,20161002,1,1
3678,20161001,1,1
3679,20160930,1,18
3680,20161002,2,7
3681,20161002,2,7
3682,20160929,2,7
3683,20160928,1,1
3684,20161002,2,7
3685,20160929,2,7
3686,20160929,1,6
3687,20161002,1,1
3688,20161002,2,7
3689,20161001,1,1
3690,20161002,1,1
3691,20160929,1,6
3692,20160929,1,1
3693,20161002,1,1
3694,20160929,1,6
3695,20161002,2,7
3696,20160929,2,7
3697,20161001,2,7
3698,20161001,1,1
3699,20161002,1,1
3700,20161002,1,1
3701,20160930,1,1
3702,20161002,1,6
3703,20160930,2,7
3704,20161002,3,27
3705,20161002,2,7
3706,20161002,1,6
3707,20160929,1,6
3708,20161002,3,32
3709,20161002,1,1
3710,20160929,1,1
3711,20161002,3,32
3712,20161002,2,2
3713,20161002,1,1
3714,20161002,1,1
3715,20161002,1,6
3716,20160930,1,1
3717,20161002,1,6
3718,20161001,1,6
3719,20161002,1,1
3720,20161002,1,6
3721,20161002,3,56
3722,20160930,1,1
3723,20161002,5,104
3724,20161002,2,2
3725,20161002,1,25
3726,20161002,1,6
3727,20161002,3,32
3728,20161002,1,6
3729,20161002,1,6
3730,20161002,1,1
3731,20161002,2,7
3732,20161002,2,7
3733,20161001,2,7
3734,20161001,1,1
3735,20161002,3,32
3736,20161002,3,8
3737,20161001,2,7
3738,20161001,2,2
3739,20161001,1,1
3740,20161002,9,208
3741,20160930,1,6
3742,20161002,3,32
3743,20161002,1,1
3744,20161002,1,1
3745,20161001,1,1
3746,20161002,1,6
3747,20161001,1,6
3748,20161002,3,32
3749,20161002,1,6
3750,20161002,3,56
3751,20161001,1,6
3752,20161001,1,1
3753,20161002,4,62
3754,20161001,1,1
3755,20161002,1,1
3756,20161002,1,1
3757,20161001,1,1
3758,20161002,1,1
3759,20161002,1,6
3760,20161002,3,32
3761,20161002,2,2
3762,20161001,1,1
3763,20161002,1,1
3764,20161002,1,1
3765,20161002,2,7
3766,20161002,1,1
3767,20161002,1,1
3768,20161002,1,1
3769,20161002,1,1
3770,20161002,1,6
3771,20161002,1,1
3772,20161002,2,2
3773,20161002,1,6
3774,20161002,1,6
3775,20161002,5,104
3776,20161002,1,6
3777,20161002,1,6
3778,20161002,1,1
3779,20161002,2,7
3780,20161002,3,8
3781,20161002,1,1
3782,20161002,1,1
