player_id,pay_recency,pay_cnt,pay_mnt,pay_all_cnt,pay_all_mnt,paycnt_per_day,paymnt_per_day,paymnt_per_time
1,3,2,48,5,109,0,9,24
2,2,2,7,2,7,0,1,3
3,0,1,6,2,7,0,2,6
4,6,2,31,3,32,1,15,15
5,4,1,6,1,6,1,6,6
6,4,5,73,16,278,1,14,14
7,2,1,6,4,14,0,0,6
8,3,1,6,1,6,0,2,6
9,1,1,25,14,499,0,3,25
10,2,1,30,9,291,0,7,30
11,1,1,6,35,1546,0,0,6
12,6,1,6,1,6,0,0,6
13,0,3,85,12,511,0,12,28
14,6,1,6,1,6,0,1,6
15,1,2,2,2,2,1,1,1
16,6,1,6,3,13,0,3,6
17,2,1,18,23,257,0,2,18
18,2,2,2,2,2,0,0,1
19,0,1,6,1,6,0,2,6
20,0,4,152,41,2165,0,21,38
21,0,1,30,5,111,0,4,30
22,0,3,85,11,318,0,12,28
23,3,1,25,20,1639,0,3,25
24,0,4,481,9,539,0,68,120
25,0,1,6,11,431,0,0,6
26,5,1,6,2,7,0,1,6
27,0,2,31,14,1098,0,5,15
28,6,1,98,7,300,0,19,98
29,4,1,1,1,1,0,0,1
30,3,1,6,3,13,0,0,6
31,0,1,25,7,135,0,5,25
32,3,1,6,3,8,0,0,6
33,1,1,25,5,101,0,3,25
34,1,2,31,12,283,0,4,15
35,0,2,55,23,1115,0,9,27
36,0,2,55,6,377,0,13,27
37,1,1,1,3,13,0,0,1
38,3,1,18,13,209,0,2,18
39,0,1,25,6,107,0,3,25
40,2,3,18,17,171,0,2,6
41,0,1,25,4,33,0,4,25
42,4,1,18,7,87,0,2,18
43,0,1,6,3,13,0,0,6
44,4,1,1,1,1,1,1,1
45,0,3,551,11,1255,0,78,183
46,6,3,54,14,506,0,7,18
47,1,2,204,2,204,1,102,102
48,0,3,944,9,1049,0,134,314
49,5,2,7,2,7,0,1,3
50,0,2,7,2,7,0,1,3
51,1,2,31,6,161,0,4,15
52,4,1,25,6,88,0,3,25
53,0,3,90,35,3147,0,12,30
54,5,3,30,5,56,0,4,10
55,2,1,6,13,123,0,0,6
56,4,1,25,5,58,0,3,25
57,0,1,6,1,6,0,0,6
58,0,1,30,1,30,1,30,30
59,5,1,6,1,6,0,1,6
60,0,1,30,14,261,0,4,30
61,0,1,25,34,5134,0,3,25
62,2,1,25,5,77,0,3,25
63,1,2,673,14,1088,0,96,336
64,2,1,6,2,7,0,0,6
65,1,1,6,2,7,0,0,6
66,4,1,25,3,32,0,6,25
67,1,2,2,2,2,0,0,1
68,0,1,6,1,6,0,1,6
69,1,1,25,4,38,0,8,25
70,1,1,6,11,111,0,0,6
71,1,1,6,6,38,0,1,6
72,1,8,674,38,5915,1,134,84
73,0,8,72,10,79,4,36,9
74,2,1,6,2,7,0,1,6
75,2,1,1,2,7,0,0,1
76,1,2,104,8,209,0,14,52
77,3,1,6,3,13,0,1,6
78,4,1,1,1,1,1,1,1
79,0,1,25,11,338,0,3,25
80,1,2,7,2,7,0,1,3
81,0,6,132,30,1189,0,18,22
82,1,2,104,13,542,0,14,52
83,4,2,12,4,55,0,1,6
84,0,2,2,2,2,0,0,1
85,2,1,1,2,7,0,0,1
86,0,2,31,18,2041,0,4,15
87,1,1,1,1,1,1,1,1
88,2,3,32,4,38,0,8,10
89,2,1,1,1,1,0,0,1
90,3,1,25,4,69,0,4,25
91,2,1,18,12,461,0,3,18
92,1,4,79,16,540,0,11,19
93,3,1,6,2,7,0,0,6
94,1,1,1,1,1,0,0,1
95,0,2,7,2,7,2,7,3
96,0,2,12,6,79,0,2,6
97,4,1,1,3,32,0,0,1
98,0,4,55,9,215,0,7,13
99,1,1,30,5,63,0,4,30
100,5,1,1,1,1,0,0,1
101,1,2,12,2,12,0,1,6
102,3,1,98,3,124,0,16,98
103,0,3,852,8,1005,0,121,284
104,1,1,1,1,1,0,0,1
105,4,1,1,1,1,0,0,1
106,1,1,6,2,7,0,2,6
107,2,1,1,1,1,0,0,1
108,3,1,6,2,7,0,0,6
109,5,1,25,3,32,0,3,25
110,4,3,8,4,14,0,1,2
111,0,1,1,1,1,0,0,1
112,0,1,6,1,6,0,0,6
113,6,1,30,3,37,0,15,30
114,0,6,127,6,127,3,63,21
115,3,1,1,1,1,0,0,1
116,6,1,6,2,7,0,0,6
117,6,1,6,9,468,0,2,6
118,1,3,37,6,45,0,5,12
119,3,1,1,1,1,0,0,1
120,1,2,43,5,56,0,6,21
121,2,1,6,1,6,0,1,6
122,1,2,48,6,81,0,6,24
123,1,2,48,8,158,0,6,24
124,2,2,43,5,80,0,6,21
125,2,1,1,1,1,0,0,1
126,0,5,177,7,208,0,25,35
127,5,1,1,1,1,0,0,1
128,0,4,48,6,55,1,16,12
129,3,3,8,3,8,0,1,2
130,2,1,6,2,7,0,0,6
131,6,1,1,1,1,0,0,1
132,6,1,25,1,25,0,4,25
133,3,1,1,1,1,0,0,1
134,4,1,1,1,1,0,0,1
135,1,1,6,2,7,0,1,6
136,1,1,6,1,6,0,1,6
137,5,1,1,2,7,0,0,1
138,6,3,30,6,62,0,4,10
139,3,1,1,2,7,0,0,1
140,2,1,1,2,7,0,0,1
141,3,1,6,1,6,0,2,6
142,6,3,61,6,69,0,8,20
143,6,1,1,1,1,0,0,1
144,5,7,14,8,16,3,7,2
145,2,3,56,4,62,0,8,18
146,6,2,2,2,2,0,0,1
147,4,1,1,1,1,0,0,1
148,4,1,1,3,13,0,0,1
149,1,1,6,4,62,0,1,6
150,3,1,1,1,1,0,0,1
151,6,1,1,2,7,0,0,1
152,6,1,1,1,1,0,0,1
153,5,1,6,3,18,0,0,6
154,5,1,1,1,1,0,0,1
155,3,2,26,4,62,0,3,13
156,3,1,6,1,6,0,0,6
157,6,1,18,7,104,0,2,18
158,6,1,1,2,7,1,1,1
159,1,2,2,2,2,0,0,1
160,6,1,6,1,6,0,0,6
161,6,1,6,1,6,0,2,6
162,2,2,2,2,2,0,0,1
163,6,1,1,1,1,0,0,1
164,3,3,73,3,73,0,10,24
165,3,4,31,4,31,0,5,7
166,3,2,7,3,13,0,1,3
167,5,1,1,1,1,0,0,1
168,6,1,6,1,6,0,1,6
169,5,2,7,2,7,0,1,3
170,2,2,2,3,27,0,0,1
171,3,1,1,2,31,0,0,1
172,0,1,6,1,6,0,1,6
173,5,2,2,3,8,1,1,1
174,5,2,7,2,7,0,1,3
175,4,1,6,1,6,0,0,6
176,5,1,25,2,26,0,3,25
177,6,1,6,1,6,0,3,6
178,6,2,7,2,7,0,1,3
179,1,1,6,1,6,0,2,6
180,1,4,123,4,123,0,17,30
181,6,1,1,1,1,0,0,1
182,1,2,7,2,7,0,1,3
183,1,1,1,1,1,0,0,1
184,5,1,6,1,6,0,2,6
185,4,2,7,2,7,0,1,3
186,3,1,6,1,6,0,1,6
187,6,2,7,2,7,0,1,3
188,2,1,1,1,1,0,0,1
189,6,1,1,1,1,0,0,1
190,6,1,6,3,13,0,0,6
191,6,1,1,1,1,0,0,1
192,3,1,1,1,1,0,0,1
193,6,1,6,1,6,1,6,6
194,3,1,1,1,1,0,0,1
195,1,5,153,5,153,0,21,30
196,6,1,6,1,6,0,0,6
197,0,5,172,5,172,0,24,34
198,6,1,1,1,1,0,0,1
199,5,6,55,6,55,2,18,9
200,5,1,1,1,1,0,0,1
201,5,1,6,1,6,0,2,6
202,5,3,32,3,32,1,10,10
203,5,2,7,2,7,0,1,3
204,5,1,6,1,6,0,3,6
205,3,4,55,4,55,0,7,13
206,5,2,26,2,26,1,13,13
207,6,1,6,1,6,1,6,6
208,4,1,6,1,6,0,0,6
209,4,1,6,1,6,0,0,6
210,5,2,26,2,26,0,3,13
211,5,2,7,2,7,0,1,3
212,5,1,6,1,6,0,1,6
213,0,2,2,2,2,0,0,1
214,4,1,6,1,6,0,2,6
215,5,1,1,1,1,1,1,1
216,3,1,1,1,1,0,0,1
217,1,2,7,2,7,0,1,3
218,5,1,6,1,6,0,3,6
219,3,2,2,2,2,0,0,1
220,5,2,7,2,7,0,1,3
221,4,2,7,2,7,0,2,3
222,2,1,30,1,30,0,6,30
223,0,1,6,1,6,0,1,6
224,5,2,7,2,7,0,1,3
225,5,1,1,1,1,0,0,1
226,4,1,1,1,1,0,0,1
227,3,1,6,1,6,0,1,6
228,4,2,26,2,26,0,4,13
229,5,1,6,1,6,0,3,6
230,4,2,2,2,2,1,1,1
231,4,1,1,1,1,0,0,1
232,4,2,7,2,7,1,3,3
233,4,1,1,1,1,0,0,1
234,4,1,6,1,6,0,3,6
235,4,1,1,1,1,0,0,1
236,4,1,6,1,6,0,3,6
237,4,2,26,2,26,1,13,13
238,3,1,6,1,6,0,1,6
239,1,8,202,8,202,1,40,25
240,3,2,7,2,7,0,1,3
241,0,3,37,3,37,0,7,12
242,4,1,1,1,1,0,0,1
243,4,2,31,2,31,0,6,15
244,4,1,1,1,1,0,0,1
245,3,2,7,2,7,0,1,3
246,4,3,32,3,32,0,6,10
247,4,4,55,4,55,0,11,13
248,2,2,7,2,7,0,1,3
249,3,3,32,3,32,0,6,10
250,4,2,7,2,7,0,1,3
251,0,1,1,1,1,0,0,1
252,4,1,6,1,6,0,1,6
253,0,1,1,1,1,0,0,1
254,2,1,1,1,1,0,0,1
255,2,3,8,3,8,1,2,2
256,1,1,25,1,25,0,5,25
257,3,4,33,4,33,0,6,8
258,2,6,86,6,86,1,17,14
259,4,1,6,1,6,0,3,6
260,4,1,1,1,1,0,0,1
261,2,2,7,2,7,0,1,3
262,4,2,7,2,7,1,3,3
263,2,1,6,1,6,0,1,6
264,3,1,1,1,1,1,1,1
265,3,1,1,1,1,0,0,1
266,3,2,7,2,7,0,1,3
267,3,1,1,1,1,1,1,1
268,3,3,8,3,8,0,2,2
269,1,1,6,1,6,0,1,6
270,3,1,1,1,1,0,0,1
271,3,1,1,1,1,1,1,1
272,3,1,1,1,1,0,0,1
273,0,1,6,1,6,0,1,6
274,2,5,37,5,37,1,9,7
275,3,1,6,1,6,0,2,6
276,1,3,13,3,13,0,3,4
277,2,2,26,2,26,0,6,13
278,2,6,278,6,278,1,69,46
279,3,1,1,1,1,0,0,1
280,3,1,1,1,1,0,0,1
281,0,2,7,2,7,0,1,3
282,1,2,7,2,7,0,1,3
283,2,1,1,1,1,0,0,1
284,2,3,27,3,27,0,6,9
285,2,2,2,2,2,0,0,1
286,2,1,1,1,1,0,0,1
287,2,1,1,1,1,0,0,1
288,2,1,1,1,1,0,0,1
289,2,1,1,1,1,1,1,1
290,1,2,2,2,2,0,0,1
291,2,1,6,1,6,1,6,6
292,2,2,7,2,7,0,2,3
293,2,2,7,2,7,0,2,3
294,0,1,1,1,1,0,0,1
295,0,2,31,2,31,0,10,15
296,1,1,6,1,6,0,2,6
297,1,1,1,1,1,0,0,1
298,0,1,1,1,1,0,0,1
299,0,3,253,3,253,1,84,84
300,2,3,32,3,32,3,32,10
301,0,2,7,2,7,1,3,3
302,1,2,7,2,7,0,2,3
303,1,3,13,3,13,1,6,4
304,1,1,6,1,6,0,3,6
305,1,2,7,2,7,1,3,3
306,1,1,6,1,6,0,3,6
307,1,2,7,2,7,1,3,3
308,1,1,6,1,6,0,3,6
309,0,4,57,4,57,2,28,14
310,1,1,6,1,6,1,6,6
311,1,1,25,1,25,1,25,25
312,0,2,19,2,19,1,9,9
313,1,1,6,1,6,0,3,6
314,1,3,25,3,25,1,12,8
315,1,3,8,3,8,1,4,2
316,0,6,178,6,178,3,89,29
317,1,1,1,1,1,0,0,1
318,0,2,104,2,104,1,52,52
319,1,1,6,1,6,0,3,6
320,0,2,7,2,7,1,3,3
321,0,1,1,1,1,0,0,1
322,1,1,1,1,1,0,0,1
323,1,1,1,1,1,0,0,1
324,1,2,2,2,2,1,1,1
325,1,1,6,1,6,0,3,6
326,0,4,33,4,33,2,16,8
327,0,1,1,1,1,0,0,1
328,0,3,37,3,37,1,18,12
329,0,1,6,1,6,0,3,6
330,0,1,6,1,6,1,6,6
331,0,2,12,2,12,2,12,6
332,0,3,32,3,32,3,32,10
333,0,1,1,1,1,1,1,1
334,0,1,6,1,6,1,6,6
335,0,1,25,1,25,1,25,25
336,0,2,31,2,31,2,31,15
337,0,1,6,1,6,1,6,6
338,0,4,62,4,62,4,62,15
339,0,1,1,1,1,1,1,1
340,0,2,12,2,12,2,12,6
341,0,1,1,1,1,1,1,1
342,0,1,1,1,1,1,1,1
343,0,2,12,2,12,2,12,6
344,0,2,7,2,7,2,7,3
345,0,1,6,1,6,1,6,6
346,0,1,1,1,1,1,1,1
347,0,1,6,1,6,1,6,6
348,0,4,106,4,106,4,106,26
349,0,1,1,1,1,1,1,1
350,0,1,6,1,6,1,6,6
351,4,1,1,2,7,0,0,1
352,3,1,1,1,1,0,0,1
353,4,1,1,1,1,0,0,1
354,5,1,6,1,6,1,6,6
355,0,3,78,59,9577,0,11,26
356,0,1,1,1,1,1,1,1
357,1,2,24,8,394,0,6,12
358,1,2,104,19,1614,0,14,52
359,0,3,708,34,6021,0,101,236
360,0,1,6,2,7,1,6,6
361,1,2,228,43,4251,0,32,114
362,1,3,54,14,329,0,7,18
363,0,2,60,24,1064,0,8,30
364,0,1,25,12,307,0,4,25
365,0,1,30,5,87,0,4,30
366,5,2,12,3,13,0,1,6
367,0,1,6,2,7,1,6,6
368,4,1,1,2,7,0,0,1
369,1,1,25,22,2261,0,3,25
370,0,7,193,117,2843,1,27,27
371,3,1,6,1,6,0,0,6
372,1,1,6,6,43,0,1,6
373,0,2,123,29,993,0,17,61
374,0,2,31,5,44,0,4,15
375,0,5,425,36,3323,0,60,85
376,4,1,25,9,253,0,4,25
377,6,1,25,4,57,0,3,25
378,1,2,31,12,203,0,4,15
379,3,1,25,29,808,0,3,25
380,3,1,25,26,1318,0,3,25
381,2,1,25,22,391,0,3,25
382,0,2,43,8,124,0,6,21
383,1,1,25,6,107,0,3,25
384,0,5,30,27,345,0,4,6
385,0,5,1747,12,2416,1,349,349
386,1,6,239,171,17837,0,34,39
387,2,2,31,13,486,0,4,15
388,0,1,25,14,1761,0,4,25
389,0,4,244,7,257,1,81,61
390,0,2,204,10,406,0,29,102
391,0,14,788,25,1572,2,112,56
392,0,6,3270,19,6571,0,467,545
393,1,1,6,8,81,0,0,6
394,2,2,12,4,24,0,2,6
395,0,1,6,18,581,0,0,6
396,1,5,1197,22,2227,1,399,239
397,0,2,60,32,1390,0,8,30
398,2,1,25,4,149,0,3,25
399,6,1,25,9,113,0,3,25
400,5,2,43,5,56,0,6,21
401,0,2,7,2,7,0,1,3
402,5,1,25,4,57,0,3,25
403,0,1,30,11,789,0,4,30
404,0,1,1,1,1,1,1,1
405,0,1,1,2,26,0,0,1
406,1,1,1,2,26,0,0,1
407,0,2,12,5,68,0,1,6
408,1,1,6,2,7,0,1,6
409,2,1,6,4,62,0,0,6
410,2,1,25,1,25,0,8,25
411,1,2,31,12,264,0,4,15
412,2,1,6,2,7,0,2,6
413,5,1,1,1,1,0,0,1
414,4,1,30,3,37,0,5,30
415,5,1,18,4,31,0,4,18
416,0,1,25,16,2052,0,3,25
417,0,3,42,10,153,0,6,14
418,1,1,6,1,6,0,3,6
419,1,5,468,43,1616,0,66,93
420,4,1,1,1,1,1,1,1
421,0,1,6,5,109,0,0,6
422,6,2,24,8,112,0,3,12
423,0,2,60,12,281,0,8,30
424,3,1,1,1,1,0,0,1
425,4,1,6,3,13,0,0,6
426,2,1,25,6,178,0,3,25
427,1,1,6,2,7,0,0,6
428,1,1,1,4,62,1,1,1
429,0,1,6,4,31,0,1,6
430,5,1,6,1,6,1,6,6
431,6,2,48,8,110,0,6,24
432,1,1,6,4,19,0,1,6
433,1,1,6,1,6,0,0,6
434,1,1,25,10,129,0,3,25
435,0,8,312,30,1463,1,44,39
436,6,1,25,1,25,0,8,25
437,1,1,25,3,32,0,4,25
438,5,2,7,2,7,0,1,3
439,1,1,6,3,13,0,0,6
440,0,2,31,4,38,0,4,15
441,0,1,98,9,499,0,14,98
442,5,1,1,2,7,0,0,1
443,1,2,43,10,148,0,6,21
444,6,2,7,2,7,1,3,3
445,0,1,18,8,122,0,6,18
446,0,1,25,6,377,0,3,25
447,1,1,1,1,1,0,0,1
448,2,1,6,3,13,0,0,6
449,1,1,6,4,19,0,0,6
450,1,3,229,11,431,0,32,76
451,5,1,1,2,7,0,0,1
452,1,1,30,14,819,0,6,30
453,4,1,6,1,6,0,0,6
454,6,1,6,2,7,0,0,6
455,2,1,1,2,7,0,0,1
456,2,1,1,1,1,0,0,1
457,6,2,2,2,2,0,0,1
458,2,1,6,1,6,0,1,6
459,1,2,526,7,686,0,75,263
460,2,2,36,4,55,0,5,18
461,1,8,323,15,432,1,46,40
462,3,1,1,1,1,1,1,1
463,0,1,6,3,8,0,0,6
464,6,1,6,3,13,0,0,6
465,0,2,7,2,7,0,1,3
466,4,1,1,1,1,0,0,1
467,1,1,25,3,32,0,3,25
468,1,1,1,1,1,1,1,1
469,6,1,6,4,19,0,0,6
470,4,1,6,2,12,0,1,6
471,0,1,1,1,1,0,0,1
472,1,1,6,1,6,0,1,6
473,1,1,1,1,1,0,0,1
474,4,1,6,3,13,0,0,6
475,1,1,1,1,1,0,0,1
476,0,2,31,4,38,0,5,15
477,5,1,6,1,6,0,1,6
478,1,3,158,18,1167,0,22,52
479,3,1,1,1,1,0,0,1
480,0,2,7,2,7,0,1,3
481,2,1,1,2,7,0,0,1
482,6,1,1,1,1,0,0,1
483,4,2,43,4,50,0,6,21
484,3,2,7,2,7,0,1,3
485,6,1,6,1,6,0,1,6
486,1,3,451,4,452,0,64,150
487,5,4,55,4,55,0,7,13
488,1,1,6,3,13,0,1,6
489,1,1,25,3,32,0,8,25
490,6,1,1,1,1,0,0,1
491,5,1,1,2,7,0,0,1
492,2,1,1,1,1,0,0,1
493,3,3,32,3,32,0,8,10
494,0,2,296,9,710,0,42,148
495,6,2,26,3,32,0,6,13
496,6,1,6,1,6,0,0,6
497,2,1,6,2,7,0,0,6
498,1,1,1,1,1,0,0,1
499,6,1,1,1,1,0,0,1
500,3,1,18,5,51,0,2,18
501,4,6,244,12,405,0,34,40
502,2,1,6,1,6,0,1,6
503,3,1,1,2,7,0,0,1
504,4,1,6,1,6,0,1,6
505,6,1,6,1,6,0,0,6
506,4,1,6,2,7,0,0,6
507,1,4,60,5,61,0,8,15
508,3,1,6,1,6,0,1,6
509,5,1,648,7,1207,0,92,648
510,4,4,400,10,758,0,57,100
511,5,1,1,1,1,0,0,1
512,0,4,36,5,37,0,5,9
513,2,1,1,1,1,0,0,1
514,5,1,6,1,6,0,1,6
515,4,2,12,3,13,0,1,6
516,1,2,7,2,7,0,1,3
517,1,1,1,1,1,0,0,1
518,6,2,24,7,56,0,3,12
519,3,1,6,3,13,0,0,6
520,6,1,198,4,211,0,28,198
521,6,2,2,2,2,0,0,1
522,4,1,6,2,7,0,0,6
523,2,1,1,1,1,0,0,1
524,2,2,7,2,7,0,1,3
525,2,4,649,6,656,0,108,162
526,0,1,1,1,1,0,0,1
527,4,2,19,5,80,0,2,9
528,2,2,2,3,8,0,0,1
529,4,2,31,2,31,0,4,15
530,6,1,1,1,1,0,0,1
531,4,1,1,2,7,0,0,1
532,4,2,7,2,7,0,1,3
533,5,2,2,2,2,0,0,1
534,5,2,55,3,56,0,7,27
535,0,1,1,1,1,0,0,1
536,4,3,32,4,38,0,4,10
537,6,1,1,2,7,0,0,1
538,5,1,6,1,6,0,1,6
539,6,1,1,2,7,0,0,1
540,6,1,25,3,32,0,3,25
541,0,1,1,1,1,0,0,1
542,6,2,2,2,2,0,0,1
543,6,2,7,2,7,0,1,3
544,3,1,6,1,6,0,0,6
545,3,1,1,1,1,0,0,1
546,6,1,6,2,12,0,1,6
547,6,2,7,2,7,2,7,3
548,5,1,1,1,1,0,0,1
549,4,2,7,2,7,0,1,3
550,6,1,1,1,1,0,0,1
551,5,3,25,3,25,1,8,8
552,4,1,1,1,1,0,0,1
553,6,2,7,2,7,2,7,3
554,6,2,7,2,7,0,1,3
555,4,2,7,2,7,0,1,3
556,6,2,7,2,7,0,1,3
557,6,1,1,1,1,0,0,1
558,0,3,32,3,32,0,4,10
559,5,1,30,1,30,0,5,30
560,1,1,25,1,25,0,3,25
561,5,2,7,2,7,1,3,3
562,0,1,6,1,6,0,1,6
563,6,2,7,2,7,2,7,3
564,3,1,1,1,1,0,0,1
565,5,1,1,1,1,0,0,1
566,6,1,6,1,6,0,3,6
567,4,2,7,2,7,0,1,3
568,5,2,7,2,7,0,1,3
569,5,4,57,4,57,0,11,14
570,5,1,1,1,1,1,1,1
571,5,1,6,1,6,0,1,6
572,5,1,1,1,1,0,0,1
573,4,1,6,1,6,0,3,6
574,0,11,227,11,227,1,37,20
575,5,1,6,1,6,0,1,6
576,4,5,51,5,51,0,8,10
577,4,1,6,1,6,0,2,6
578,5,1,18,1,18,0,9,18
579,3,2,2,2,2,0,0,1
580,4,1,6,1,6,0,2,6
581,5,1,6,1,6,0,1,6
582,3,1,1,1,1,0,0,1
583,3,1,6,1,6,0,1,6
584,0,2,2,2,2,0,0,1
585,4,1,6,1,6,0,3,6
586,4,1,1,1,1,0,0,1
587,5,1,1,1,1,0,0,1
588,4,6,154,6,154,1,38,25
589,2,1,6,1,6,0,1,6
590,4,1,6,1,6,0,1,6
591,4,1,1,1,1,0,0,1
592,5,1,6,1,6,1,6,6
593,2,2,7,2,7,0,1,3
594,1,1,6,1,6,0,2,6
595,4,3,13,3,13,0,3,4
596,4,2,7,2,7,2,7,3
597,3,1,6,1,6,0,1,6
598,3,1,6,1,6,0,1,6
599,4,5,51,5,51,5,51,10
600,4,1,1,1,1,0,0,1
601,4,1,1,1,1,0,0,1
602,1,2,7,2,7,0,1,3
603,3,1,6,1,6,0,1,6
604,2,1,6,1,6,0,1,6
605,2,1,1,1,1,0,0,1
606,2,3,27,3,27,0,5,9
607,4,1,1,1,1,1,1,1
608,2,1,1,1,1,0,0,1
609,3,1,6,1,6,0,1,6
610,3,2,31,2,31,0,10,15
611,3,4,31,4,31,0,6,7
612,3,2,7,2,7,2,7,3
613,3,2,7,2,7,0,1,3
614,3,1,1,1,1,1,1,1
615,2,3,13,3,13,0,3,4
616,3,2,24,2,24,1,12,12
617,1,3,13,3,13,0,3,4
618,3,2,7,2,7,0,2,3
619,3,2,7,2,7,2,7,3
620,0,3,56,3,56,0,14,18
621,3,2,7,2,7,0,1,3
622,2,2,7,2,7,0,1,3
623,2,2,2,2,2,0,0,1
624,1,2,26,2,26,0,6,13
625,2,1,1,1,1,0,0,1
626,3,1,1,1,1,1,1,1
627,3,1,6,1,6,0,1,6
628,2,1,6,1,6,0,1,6
629,2,1,6,1,6,0,3,6
630,3,1,1,1,1,0,0,1
631,0,3,8,3,8,0,2,2
632,3,1,1,1,1,0,0,1
633,0,4,43,4,43,2,21,10
634,1,2,26,2,26,0,6,13
635,2,2,7,2,7,0,1,3
636,3,1,1,1,1,0,0,1
637,1,1,1,1,1,0,0,1
638,0,1,1,1,1,0,0,1
639,2,1,1,1,1,0,0,1
640,2,1,1,1,1,1,1,1
641,1,2,31,2,31,0,10,15
642,1,1,6,1,6,0,2,6
643,1,3,8,3,8,1,2,2
644,1,1,1,1,1,0,0,1
645,2,2,7,2,7,0,2,3
646,1,1,1,1,1,0,0,1
647,2,1,1,1,1,0,0,1
648,2,1,1,1,1,1,1,1
649,0,6,57,6,57,2,19,9
650,2,1,6,1,6,0,3,6
651,0,1,6,1,6,0,2,6
652,1,1,1,1,1,0,0,1
653,1,1,6,1,6,0,2,6
654,2,2,7,2,7,1,3,3
655,1,4,62,4,62,1,20,15
656,2,1,6,1,6,0,2,6
657,1,2,7,2,7,0,2,3
658,2,2,7,2,7,0,2,3
659,1,1,1,1,1,0,0,1
660,1,1,6,1,6,0,2,6
661,0,1,6,1,6,0,2,6
662,2,1,1,1,1,1,1,1
663,1,2,2,2,2,0,0,1
664,1,1,6,1,6,0,2,6
665,0,1,6,1,6,0,2,6
666,1,2,7,2,7,2,7,3
667,1,1,6,1,6,1,6,6
668,0,1,1,1,1,0,0,1
669,1,1,6,1,6,1,6,6
670,1,2,7,2,7,2,7,3
671,0,1,1,1,1,0,0,1
672,0,1,6,1,6,0,3,6
673,0,2,7,2,7,1,3,3
674,1,1,25,1,25,0,12,25
675,0,1,1,1,1,0,0,1
676,1,1,6,1,6,1,6,6
677,1,2,7,2,7,1,3,3
678,1,3,32,3,32,1,16,10
679,1,1,6,1,6,0,3,6
680,0,7,208,7,208,3,104,29
681,1,1,1,1,1,1,1,1
682,0,2,7,2,7,1,3,3
683,0,2,2,2,2,1,1,1
684,1,1,6,1,6,0,3,6
685,0,1,6,1,6,0,3,6
686,0,2,2,2,2,1,1,1
687,1,4,31,4,31,2,15,7
688,0,1,6,1,6,1,6,6
689,0,1,6,1,6,1,6,6
690,0,1,6,1,6,1,6,6
691,0,1,1,1,1,1,1,1
692,0,1,6,1,6,1,6,6
693,0,5,51,5,51,5,51,10
694,0,2,228,2,228,2,228,114
695,0,1,6,1,6,1,6,6
696,0,1,1,1,1,1,1,1
697,0,3,32,3,32,3,32,10
698,0,2,55,2,55,2,55,27
699,0,1,1,1,1,1,1,1
700,0,1,6,1,6,1,6,6
701,0,2,2,2,2,2,2,1
702,0,1,1,1,1,1,1,1
703,1,3,8,3,8,1,4,2
704,1,1,1,1,1,0,0,1
705,0,2,649,2,649,0,216,324
706,2,1,25,9,253,0,4,25
707,5,1,25,16,1059,0,3,25
708,5,1,1,1,1,0,0,1
709,1,2,7,2,7,1,3,3
710,0,4,116,57,7363,0,16,29
711,3,1,25,24,1723,0,4,25
712,2,2,43,12,305,0,14,21
713,1,1,1,1,1,0,0,1
714,2,1,25,17,190,0,3,25
715,0,1,6,8,166,0,0,6
716,1,1,6,16,228,0,0,6
717,3,1,6,9,109,0,0,6
718,6,1,6,1,6,0,0,6
719,1,3,456,9,807,0,65,152
720,1,2,2,2,2,0,0,1
721,0,1,25,8,155,0,3,25
722,0,2,60,34,2363,0,8,30
723,5,1,6,8,98,0,0,6
724,4,1,1,1,1,0,0,1
725,6,1,1,1,1,0,0,1
726,1,2,2,2,2,2,2,1
727,0,3,85,25,2201,0,12,28
728,1,1,25,15,329,0,3,25
729,4,1,25,19,245,0,3,25
730,1,1,25,6,62,0,3,25
731,6,2,7,3,13,0,1,3
732,1,1,25,5,131,0,3,25
733,3,1,25,58,3991,0,3,25
734,1,4,538,19,2002,0,76,134
735,1,1,25,10,332,0,3,25
736,0,2,60,142,16871,0,8,30
737,0,1,6,9,73,0,0,6
738,5,1,1,1,1,0,0,1
739,1,2,426,7,598,0,60,213
740,0,1,30,5,106,0,4,30
741,0,5,177,5,177,1,59,35
742,6,1,6,1,6,0,0,6
743,0,2,31,7,94,0,4,15
744,0,1,6,7,191,0,0,6
745,0,2,976,21,1876,0,139,488
746,4,2,24,5,32,0,4,12
747,2,1,6,2,7,0,0,6
748,2,2,31,3,32,0,4,15
749,1,5,54,17,1486,0,7,10
750,1,1,18,2,24,0,2,18
751,2,1,6,1,6,0,3,6
752,2,4,24,44,1178,0,3,6
753,0,1,6,1,6,1,6,6
754,5,1,25,5,82,0,3,25
755,6,1,30,5,63,0,4,30
756,6,1,6,1,6,1,6,6
757,0,4,33,4,33,2,16,8
758,2,1,25,4,130,0,3,25
759,1,1,1,2,7,0,0,1
760,4,2,31,3,32,0,4,15
761,2,2,60,17,402,0,8,30
762,1,4,147,7,203,0,21,36
763,0,1,1,1,1,1,1,1
764,0,4,60,24,1509,0,8,15
765,1,1,1,1,1,0,0,1
766,0,1,30,1,30,0,10,30
767,6,1,25,5,56,0,3,25
768,1,3,37,10,141,0,5,12
769,0,3,42,6,55,0,7,14
770,0,1,6,1,6,1,6,6
771,1,1,6,2,7,0,3,6
772,0,6,139,26,444,0,19,23
773,2,1,6,5,20,1,6,6
774,4,1,6,1,6,0,1,6
775,3,2,48,8,105,0,6,24
776,2,2,2,2,2,0,0,1
777,0,1,25,3,56,0,3,25
778,1,1,6,1,6,0,0,6
779,0,1,25,4,57,0,3,25
780,6,1,25,4,38,0,4,25
781,0,1,1,1,1,1,1,1
782,4,1,6,6,62,0,0,6
783,0,2,2,3,8,1,1,1
784,4,2,2,3,8,0,0,1
785,1,1,25,9,227,0,3,25
786,5,1,18,6,57,0,3,18
787,6,1,1,3,32,0,0,1
788,6,1,1,2,7,0,0,1
789,4,1,18,3,20,0,2,18
790,0,3,44,6,105,0,6,14
791,3,1,25,4,57,0,3,25
792,3,1,6,3,13,0,1,6
793,2,5,42,24,331,0,6,8
794,0,2,48,5,80,0,6,24
795,4,1,6,3,13,0,1,6
796,0,1,6,1,6,0,0,6
797,6,2,48,7,104,0,6,24
798,0,3,18,6,50,0,2,6
799,4,2,7,2,7,0,2,3
800,1,3,3,4,9,0,0,1
801,2,1,6,4,50,0,0,6
802,0,3,54,7,87,0,7,18
803,5,2,2,2,2,0,0,1
804,0,1,18,1,18,1,18,18
805,2,1,6,2,7,0,1,6
806,2,1,6,2,7,0,0,6
807,6,1,6,2,7,0,1,6
808,2,2,12,6,31,0,1,6
809,0,2,2,2,2,0,0,1
810,3,1,25,3,27,0,5,25
811,3,1,1,1,1,0,0,1
812,1,1,1,1,1,1,1,1
813,1,1,6,2,7,0,1,6
814,5,2,36,3,37,0,5,18
815,1,1,1,1,1,0,0,1
816,0,1,18,14,305,0,2,18
817,0,1,1,1,1,0,0,1
818,5,1,18,1,18,1,18,18
819,1,1,1,1,1,0,0,1
820,2,1,1,1,1,1,1,1
821,4,1,1,1,1,0,0,1
822,1,1,6,1,6,0,0,6
823,5,1,1,1,1,0,0,1
824,2,1,6,3,13,0,0,6
825,0,1,1,1,1,0,0,1
826,3,1,6,1,6,1,6,6
827,0,6,86,6,86,0,12,14
828,2,2,7,2,7,0,1,3
829,3,1,6,2,7,0,1,6
830,5,1,98,6,159,0,14,98
831,5,1,25,3,32,0,12,25
832,3,1,25,2,26,0,3,25
833,3,2,7,2,7,0,1,3
834,0,1,25,1,25,0,5,25
835,6,2,7,2,7,0,1,3
836,6,1,25,1,25,0,4,25
837,6,1,6,1,6,0,1,6
838,3,1,1,2,7,0,0,1
839,3,1,6,2,7,0,1,6
840,0,2,2,4,14,0,0,1
841,5,1,1,1,1,0,0,1
842,2,1,18,6,38,1,18,18
843,0,2,7,3,32,0,1,3
844,0,5,54,11,116,0,7,10
845,5,1,6,1,6,0,0,6
846,5,3,27,4,33,0,3,9
847,3,1,6,1,6,0,1,6
848,6,2,31,3,37,0,4,15
849,5,1,6,1,6,0,3,6
850,0,1,1,1,1,0,0,1
851,6,2,31,3,32,0,4,15
852,6,1,1,1,1,0,0,1
853,0,1,6,2,7,0,0,6
854,0,1,1,2,7,0,0,1
855,2,1,25,1,25,1,25,25
856,0,1,1,1,1,0,0,1
857,3,3,8,3,8,0,1,2
858,6,3,8,3,8,0,2,2
859,6,1,6,3,13,0,1,6
860,4,1,1,1,1,0,0,1
861,6,2,7,3,13,0,1,3
862,6,1,1,1,1,0,0,1
863,1,4,38,4,38,0,5,9
864,4,2,7,2,7,0,1,3
865,6,1,1,1,1,0,0,1
866,6,1,1,1,1,0,0,1
867,5,1,30,5,63,0,7,30
868,6,2,26,2,26,0,3,13
869,6,1,6,1,6,0,0,6
870,5,1,6,1,6,0,1,6
871,3,2,7,2,7,0,2,3
872,6,1,18,1,18,0,2,18
873,3,1,1,2,7,0,0,1
874,6,1,1,1,1,0,0,1
875,5,1,1,1,1,0,0,1
876,0,2,2,2,2,0,0,1
877,3,3,32,3,32,0,4,10
878,0,1,1,2,7,0,0,1
879,4,2,12,2,12,0,1,6
880,6,1,1,1,1,1,1,1
881,4,1,6,1,6,0,1,6
882,4,3,13,3,13,0,1,4
883,0,1,1,1,1,0,0,1
884,5,2,31,2,31,0,7,15
885,2,7,145,7,145,1,24,20
886,6,1,6,1,6,0,1,6
887,6,3,32,3,32,0,4,10
888,6,1,6,1,6,1,6,6
889,3,3,56,3,56,0,8,18
890,1,2,7,2,7,0,1,3
891,3,1,6,1,6,0,0,6
892,6,1,6,1,6,0,0,6
893,6,2,7,2,7,0,1,3
894,6,2,7,2,7,0,1,3
895,5,4,14,4,14,0,2,3
896,6,1,6,1,6,0,3,6
897,2,3,8,3,8,0,1,2
898,5,1,1,1,1,0,0,1
899,6,1,6,1,6,0,3,6
900,5,1,6,1,6,0,2,6
901,5,2,26,2,26,0,3,13
902,3,1,6,1,6,0,0,6
903,1,2,7,2,7,0,1,3
904,4,2,2,2,2,0,0,1
905,5,1,1,1,1,0,0,1
906,3,3,8,3,8,0,1,2
907,5,3,8,3,8,0,2,2
908,5,2,7,2,7,0,2,3
909,4,1,1,1,1,0,0,1
910,5,4,26,4,26,0,4,6
911,1,3,32,3,32,0,5,10
912,5,1,6,1,6,0,1,6
913,5,2,2,2,2,1,1,1
914,5,1,1,1,1,0,0,1
915,5,2,7,2,7,1,3,3
916,5,1,1,1,1,0,0,1
917,4,1,6,1,6,0,1,6
918,1,2,2,2,2,0,0,1
919,5,2,2,2,2,2,2,1
920,4,1,1,1,1,0,0,1
921,4,1,6,1,6,0,1,6
922,5,2,2,2,2,0,0,1
923,4,1,6,1,6,0,2,6
924,4,2,7,2,7,0,1,3
925,4,2,2,2,2,1,1,1
926,3,3,32,3,32,0,6,10
927,3,1,1,1,1,0,0,1
928,4,2,7,2,7,0,1,3
929,3,1,1,1,1,0,0,1
930,4,3,8,3,8,0,1,2
931,4,2,7,2,7,0,1,3
932,4,1,1,1,1,0,0,1
933,1,1,6,1,6,0,1,6
934,4,1,25,1,25,0,5,25
935,3,1,6,1,6,0,2,6
936,2,1,1,1,1,0,0,1
937,3,1,6,1,6,0,1,6
938,3,2,2,2,2,0,0,1
939,4,1,1,1,1,0,0,1
940,3,2,7,2,7,0,1,3
941,1,2,2,2,2,0,0,1
942,4,2,7,2,7,0,1,3
943,2,1,1,1,1,0,0,1
944,4,2,2,2,2,1,1,1
945,4,2,19,2,19,2,19,9
946,4,2,7,2,7,0,1,3
947,4,2,7,2,7,2,7,3
948,2,2,7,2,7,2,7,3
949,2,2,26,2,26,0,6,13
950,3,2,2,2,2,0,0,1
951,3,2,7,2,7,0,1,3
952,4,1,1,1,1,1,1,1
953,4,2,7,2,7,0,1,3
954,1,2,7,2,7,0,1,3
955,0,4,31,4,31,0,6,7
956,3,2,7,2,7,0,1,3
957,3,1,1,1,1,0,0,1
958,0,2,12,2,12,0,3,6
959,3,1,1,1,1,0,0,1
960,3,1,25,1,25,0,12,25
961,2,1,6,1,6,0,3,6
962,3,2,7,2,7,0,1,3
963,1,1,6,1,6,0,1,6
964,3,2,2,2,2,2,2,1
965,2,2,7,2,7,1,3,3
966,3,1,1,1,1,0,0,1
967,2,2,104,2,104,0,26,52
968,2,1,1,1,1,0,0,1
969,3,1,1,1,1,0,0,1
970,1,1,1,1,1,0,0,1
971,1,2,7,2,7,0,1,3
972,2,3,13,3,13,1,6,4
973,3,2,2,2,2,0,0,1
974,0,2,7,2,7,0,2,3
975,3,2,7,2,7,0,1,3
976,2,1,30,1,30,0,7,30
977,3,1,1,1,1,1,1,1
978,1,3,13,3,13,0,3,4
979,2,2,7,2,7,0,2,3
980,2,2,7,2,7,0,1,3
981,0,8,462,8,462,2,115,57
982,2,1,1,1,1,0,0,1
983,2,2,7,2,7,0,1,3
984,2,2,7,2,7,1,3,3
985,0,1,6,1,6,0,2,6
986,0,1,6,1,6,0,2,6
987,1,1,6,1,6,0,2,6
988,2,1,6,1,6,0,3,6
989,2,2,7,2,7,0,2,3
990,1,2,2,2,2,0,0,1
991,2,2,2,2,2,0,0,1
992,2,1,6,1,6,1,6,6
993,2,1,6,1,6,0,2,6
994,1,1,1,1,1,0,0,1
995,1,1,6,1,6,0,2,6
996,1,2,7,2,7,0,2,3
997,2,1,1,1,1,0,0,1
998,2,1,6,1,6,0,3,6
999,1,2,7,2,7,0,2,3
1000,0,1,18,1,18,0,6,18
1001,1,3,8,3,8,1,2,2
1002,1,1,1,1,1,0,0,1
1003,1,4,57,4,57,1,19,14
1004,1,1,6,1,6,1,6,6
1005,1,1,6,1,6,1,6,6
1006,1,1,6,1,6,0,3,6
1007,1,1,1,1,1,0,0,1
1008,1,2,7,2,7,1,3,3
1009,0,2,2,2,2,1,1,1
1010,1,1,6,1,6,0,3,6
1011,1,2,2,2,2,1,1,1
1012,1,1,6,1,6,1,6,6
1013,0,2,2,2,2,1,1,1
1014,1,1,1,1,1,1,1,1
1015,0,1,1,1,1,0,0,1
1016,1,3,56,3,56,1,28,18
1017,1,3,32,3,32,1,16,10
1018,0,1,6,1,6,0,3,6
1019,0,2,7,2,7,1,3,3
1020,1,1,1,1,1,0,0,1
1021,0,1,1,1,1,0,0,1
1022,0,1,1,1,1,0,0,1
1023,1,2,7,2,7,1,3,3
1024,1,1,6,1,6,0,3,6
1025,0,1,6,1,6,0,3,6
1026,0,1,1,1,1,0,0,1
1027,0,1,1,1,1,0,0,1
1028,0,1,6,1,6,0,3,6
1029,0,1,1,1,1,1,1,1
1030,0,3,13,3,13,3,13,4
1031,0,1,1,1,1,1,1,1
1032,0,2,7,2,7,2,7,3
1033,0,1,1,1,1,1,1,1
1034,0,1,6,1,6,1,6,6
1035,0,3,8,3,8,3,8,2
1036,0,2,2,2,2,2,2,1
1037,0,1,1,1,1,1,1,1
1038,0,1,6,1,6,1,6,6
1039,0,1,25,1,25,1,25,25
1040,0,1,1,1,1,1,1,1
1041,0,1,6,1,6,1,6,6
1042,0,1,6,1,6,1,6,6
1043,0,1,1,1,1,1,1,1
1044,0,1,6,1,6,1,6,6
1045,0,1,6,1,6,1,6,6
1046,0,1,1,1,1,1,1,1
1047,0,5,37,5,37,5,37,7
1048,0,3,13,3,13,3,13,4
1049,0,1,6,1,6,1,6,6
1050,0,1,6,1,6,1,6,6
1051,0,1,1,1,1,1,1,1
1052,0,1,6,1,6,1,6,6
1053,0,1,1,1,1,1,1,1
1054,0,1,1,1,1,1,1,1
1055,0,1,1,1,1,1,1,1
1056,1,1,6,1,6,0,3,6
1057,3,1,6,1,6,0,1,6
1058,4,1,6,1,6,0,1,6
1059,6,1,6,2,7,0,0,6
1060,3,1,25,26,347,0,3,25
1061,5,1,6,4,31,0,1,6
1062,3,1,6,1,6,0,1,6
1063,0,2,43,17,257,0,6,21
1064,0,1,18,4,31,1,18,18
1065,0,1,1,1,1,0,0,1
1066,1,1,6,42,800,0,0,6
1067,3,1,6,7,94,0,0,6
1068,1,2,31,13,166,0,4,15
1069,1,5,2050,72,14393,0,292,410
1070,0,10,211,27,757,1,30,21
1071,3,2,24,12,257,0,3,12
1072,5,1,6,21,1292,0,0,6
1073,0,2,60,42,859,0,8,30
1074,4,1,25,24,768,0,3,25
1075,0,1,6,1,6,0,0,6
1076,6,1,25,12,174,0,3,25
1077,2,2,12,6,69,1,6,6
1078,0,5,182,23,1241,0,26,36
1079,1,2,104,15,316,0,14,52
1080,3,1,6,5,37,0,0,6
1081,2,1,6,1,6,0,1,6
1082,3,2,31,24,667,0,4,15
1083,2,3,994,5,1001,1,331,331
1084,2,1,25,28,415,0,3,25
1085,6,2,7,2,7,0,1,3
1086,5,2,526,11,736,0,75,263
1087,0,2,12,124,1031,0,1,6
1088,0,1,6,5,37,0,0,6
1089,1,2,24,12,162,0,3,12
1090,1,2,673,67,7477,0,96,336
1091,1,1,6,1,6,1,6,6
1092,1,3,426,13,661,0,60,142
1093,6,1,25,4,81,0,3,25
1094,0,1,6,14,141,0,0,6
1095,1,1,6,4,38,0,0,6
1096,3,3,25,3,25,0,5,8
1097,3,3,37,3,37,1,12,12
1098,5,2,7,2,7,0,2,3
1099,1,1,25,8,228,0,3,25
1100,0,2,43,6,105,0,6,21
1101,0,2,60,16,1090,0,8,30
1102,1,2,55,5,87,0,7,27
1103,1,1,1,1,1,0,0,1
1104,0,2,60,13,1462,0,8,30
1105,1,7,422,27,1149,1,60,60
1106,1,1,25,11,118,0,3,25
1107,2,1,6,1,6,1,6,6
1108,0,2,43,6,57,0,6,21
1109,5,1,25,13,590,0,3,25
1110,6,1,25,11,1402,0,3,25
1111,3,1,25,9,80,0,3,25
1112,1,2,31,4,57,0,4,15
1113,1,1,30,16,867,0,4,30
1114,1,2,31,10,264,0,4,15
1115,0,1,6,3,32,0,0,6
1116,2,1,6,1,6,0,2,6
1117,5,1,25,11,433,0,3,25
1118,2,4,43,5,44,0,6,10
1119,0,1,6,2,12,0,0,6
1120,2,1,6,2,7,0,2,6
1121,1,4,36,13,111,0,5,9
1122,1,1,6,12,117,0,0,6
1123,0,1,30,8,648,0,4,30
1124,5,1,25,5,44,0,3,25
1125,1,1,6,5,25,0,0,6
1126,1,1,1,1,1,0,0,1
1127,1,1,30,3,37,0,7,30
1128,2,1,1,1,1,0,0,1
1129,0,5,1679,15,2080,0,239,335
1130,0,4,108,31,1566,0,15,27
1131,3,3,49,5,51,1,24,16
1132,0,2,7,2,7,0,1,3
1133,4,1,1,1,1,0,0,1
1134,1,4,327,4,327,0,46,81
1135,4,2,26,6,81,0,3,13
1136,1,1,25,3,32,0,3,25
1137,2,1,1,1,1,0,0,1
1138,4,2,43,5,56,0,6,21
1139,0,2,426,7,1062,0,60,213
1140,1,1,25,5,58,0,3,25
1141,3,5,30,16,122,0,4,6
1142,5,1,6,2,7,0,0,6
1143,4,1,25,8,204,0,4,25
1144,3,1,1,2,26,0,0,1
1145,1,1,6,2,7,0,1,6
1146,6,1,1,1,1,0,0,1
1147,6,1,1,2,7,0,0,1
1148,6,1,18,4,55,0,3,18
1149,2,1,6,4,14,0,1,6
1150,0,1,6,3,13,0,2,6
1151,1,2,31,13,239,0,4,15
1152,0,1,25,12,810,0,3,25
1153,4,1,6,11,741,0,0,6
1154,3,2,7,2,7,0,1,3
1155,0,14,1513,22,2635,2,216,108
1156,0,3,61,8,112,0,8,20
1157,0,1,6,3,13,0,1,6
1158,4,1,6,2,7,0,0,6
1159,6,1,25,2,26,0,12,25
1160,4,2,26,2,26,1,13,13
1161,5,2,12,5,25,0,2,6
1162,2,1,1,1,1,0,0,1
1163,2,1,30,4,62,0,4,30
1164,0,6,280,16,746,0,40,46
1165,1,1,6,2,7,0,3,6
1166,5,2,2,2,2,0,0,1
1167,1,1,18,2,24,0,9,18
1168,6,1,1,1,1,1,1,1
1169,0,2,48,4,55,0,6,24
1170,0,1,6,1,6,0,0,6
1171,6,1,6,3,13,0,0,6
1172,4,1,6,3,13,0,0,6
1173,0,1,1,1,1,1,1,1
1174,1,12,1156,29,1671,1,165,96
1175,6,1,1,2,7,0,0,1
1176,6,1,1,2,7,0,0,1
1177,1,1,98,1,98,0,32,98
1178,0,2,43,2,43,1,21,21
1179,2,2,26,2,26,0,3,13
1180,3,1,18,1,18,0,2,18
1181,4,1,25,2,26,0,3,25
1182,0,1,6,1,6,0,1,6
1183,4,1,6,2,12,0,0,6
1184,6,1,25,4,62,0,6,25
1185,1,8,199,10,206,1,28,24
1186,6,1,1,1,1,1,1,1
1187,6,1,1,1,1,0,0,1
1188,6,1,1,2,7,0,0,1
1189,1,2,55,3,56,0,7,27
1190,6,1,1,1,1,0,0,1
1191,6,1,1,1,1,0,0,1
1192,6,1,6,1,6,0,1,6
1193,6,1,1,1,1,0,0,1
1194,3,3,25,3,25,0,6,8
1195,1,3,49,5,56,0,7,16
1196,4,2,26,5,56,0,3,13
1197,6,1,6,1,6,0,0,6
1198,2,7,237,10,250,1,33,33
1199,6,1,1,2,7,0,0,1
1200,4,1,1,2,7,0,0,1
1201,4,1,1,1,1,0,0,1
1202,5,1,6,1,6,0,0,6
1203,6,2,7,2,7,0,1,3
1204,0,6,31,10,110,0,4,5
1205,0,2,7,3,13,0,1,3
1206,4,1,6,1,6,0,0,6
1207,3,2,7,2,7,0,1,3
1208,4,2,7,2,7,1,3,3
1209,0,1,1,1,1,0,0,1
1210,5,2,31,2,31,0,6,15
1211,4,1,1,2,7,0,0,1
1212,3,1,1,1,1,0,0,1
1213,2,1,1,1,1,0,0,1
1214,5,2,199,3,297,0,39,99
1215,6,2,2,3,8,2,2,1
1216,6,1,1,1,1,0,0,1
1217,1,3,32,3,32,0,8,10
1218,3,1,6,3,13,0,0,6
1219,0,4,24,6,31,0,3,6
1220,2,1,6,2,7,0,0,6
1221,5,1,6,1,6,0,3,6
1222,5,1,1,1,1,1,1,1
1223,4,1,1,1,1,0,0,1
1224,6,1,6,1,6,0,0,6
1225,0,1,25,1,25,0,3,25
1226,1,2,2,2,2,0,0,1
1227,2,1,1,1,1,0,0,1
1228,5,1,1,1,1,0,0,1
1229,3,1,1,1,1,0,0,1
1230,6,1,6,2,7,0,2,6
1231,6,4,50,5,56,1,12,12
1232,2,3,13,3,13,0,1,4
1233,6,1,1,1,1,0,0,1
1234,4,2,7,2,7,0,1,3
1235,6,1,6,1,6,0,1,6
1236,6,4,19,4,19,1,4,4
1237,5,4,31,4,31,0,4,7
1238,6,1,1,1,1,0,0,1
1239,4,2,7,2,7,0,1,3
1240,6,1,1,1,1,0,0,1
1241,5,2,2,2,2,0,0,1
1242,6,1,1,1,1,0,0,1
1243,5,1,1,1,1,0,0,1
1244,6,2,31,2,31,0,5,15
1245,1,3,25,3,25,0,3,8
1246,4,1,6,1,6,0,0,6
1247,3,1,1,1,1,0,0,1
1248,6,1,6,1,6,0,0,6
1249,6,4,55,4,55,0,7,13
1250,6,1,6,1,6,0,1,6
1251,5,2,7,2,7,0,1,3
1252,5,1,25,1,25,0,3,25
1253,4,1,1,1,1,0,0,1
1254,4,2,7,2,7,0,1,3
1255,5,2,7,2,7,0,1,3
1256,3,1,1,1,1,0,0,1
1257,4,2,649,2,649,0,92,324
1258,6,1,1,1,1,0,0,1
1259,4,1,6,1,6,0,3,6
1260,0,1,1,1,1,0,0,1
1261,5,2,7,2,7,1,3,3
1262,5,1,1,1,1,0,0,1
1263,3,2,2,2,2,0,0,1
1264,4,1,1,1,1,0,0,1
1265,5,2,7,2,7,0,2,3
1266,5,1,1,1,1,1,1,1
1267,5,1,18,1,18,0,3,18
1268,3,2,7,2,7,0,1,3
1269,5,2,7,2,7,2,7,3
1270,3,1,6,1,6,0,1,6
1271,4,1,1,1,1,0,0,1
1272,2,2,7,2,7,0,1,3
1273,2,1,1,1,1,0,0,1
1274,4,2,7,2,7,0,2,3
1275,5,1,6,1,6,1,6,6
1276,3,2,7,2,7,0,1,3
1277,3,2,7,2,7,0,1,3
1278,3,1,6,1,6,0,1,6
1279,3,2,7,2,7,0,1,3
1280,0,3,8,3,8,1,2,2
1281,1,4,19,4,19,0,3,4
1282,4,1,6,1,6,0,3,6
1283,4,1,1,1,1,0,0,1
1284,4,2,36,2,36,0,7,18
1285,3,1,1,1,1,0,0,1
1286,4,1,1,1,1,0,0,1
1287,2,1,1,1,1,0,0,1
1288,1,2,26,2,26,0,5,13
1289,3,4,154,4,154,0,30,38
1290,4,1,6,1,6,0,3,6
1291,3,2,2,2,2,0,0,1
1292,4,1,1,1,1,0,0,1
1293,3,2,7,2,7,0,1,3
1294,0,2,2,2,2,0,0,1
1295,4,5,328,5,328,1,65,65
1296,4,1,6,1,6,0,1,6
1297,0,2,12,2,12,0,2,6
1298,3,1,1,1,1,0,0,1
1299,4,1,6,1,6,0,1,6
1300,3,1,6,1,6,0,2,6
1301,3,1,25,1,25,0,12,25
1302,1,2,7,2,7,0,1,3
1303,3,1,1,1,1,0,0,1
1304,3,1,6,1,6,0,2,6
1305,2,3,32,3,32,0,8,10
1306,3,2,2,2,2,0,0,1
1307,3,1,1,1,1,0,0,1
1308,0,8,62,8,62,2,15,7
1309,3,1,6,1,6,0,1,6
1310,3,1,6,1,6,0,2,6
1311,1,2,7,2,7,0,1,3
1312,0,1,6,1,6,0,1,6
1313,2,1,1,1,1,0,0,1
1314,3,1,1,1,1,1,1,1
1315,3,2,7,2,7,0,2,3
1316,2,1,1,1,1,0,0,1
1317,3,1,1,1,1,1,1,1
1318,3,1,1,1,1,0,0,1
1319,3,3,32,3,32,0,8,10
1320,1,1,6,1,6,0,1,6
1321,3,1,6,1,6,0,3,6
1322,3,1,6,1,6,0,1,6
1323,1,3,8,3,8,1,2,2
1324,2,2,7,2,7,0,1,3
1325,0,1,1,1,1,0,0,1
1326,3,3,32,3,32,1,10,10
1327,1,2,7,2,7,0,1,3
1328,2,2,2,2,2,0,0,1
1329,2,2,31,2,31,0,10,15
1330,2,1,1,1,1,0,0,1
1331,2,1,6,1,6,0,3,6
1332,2,2,2,2,2,0,0,1
1333,2,1,6,1,6,0,2,6
1334,0,1,6,1,6,0,2,6
1335,1,1,6,1,6,0,2,6
1336,2,1,1,1,1,0,0,1
1337,2,1,6,1,6,0,2,6
1338,0,4,45,4,45,1,15,11
1339,0,3,32,3,32,1,10,10
1340,0,2,7,2,7,0,2,3
1341,1,1,98,1,98,1,98,98
1342,1,3,32,3,32,1,10,10
1343,2,2,2,2,2,2,2,1
1344,1,1,6,1,6,0,2,6
1345,2,2,2,2,2,0,0,1
1346,1,1,1,1,1,0,0,1
1347,2,2,7,2,7,0,2,3
1348,1,3,8,3,8,1,2,2
1349,1,1,6,1,6,0,3,6
1350,1,2,7,2,7,0,2,3
1351,0,2,2,2,2,0,0,1
1352,1,1,6,1,6,0,2,6
1353,1,1,6,1,6,1,6,6
1354,1,1,1,1,1,0,0,1
1355,0,2,7,2,7,1,3,3
1356,1,2,7,2,7,1,3,3
1357,1,1,1,1,1,1,1,1
1358,0,2,7,2,7,1,3,3
1359,1,1,6,1,6,0,3,6
1360,1,1,6,1,6,0,3,6
1361,0,1,6,1,6,0,3,6
1362,0,1,1,1,1,0,0,1
1363,1,1,1,1,1,0,0,1
1364,0,2,2,2,2,1,1,1
1365,0,1,1,1,1,0,0,1
1366,1,2,7,2,7,1,3,3
1367,0,2,7,2,7,1,3,3
1368,1,1,1,1,1,0,0,1
1369,1,1,6,1,6,0,3,6
1370,1,1,6,1,6,0,3,6
1371,0,1,6,1,6,0,3,6
1372,0,1,6,1,6,0,3,6
1373,1,1,6,1,6,0,3,6
1374,0,2,2,2,2,1,1,1
1375,0,1,1,1,1,1,1,1
1376,0,2,7,2,7,2,7,3
1377,0,2,7,2,7,2,7,3
1378,0,1,1,1,1,1,1,1
1379,0,1,1,1,1,1,1,1
1380,0,1,1,1,1,1,1,1
1381,0,3,8,3,8,3,8,2
1382,0,1,6,1,6,1,6,6
1383,0,1,6,1,6,1,6,6
1384,0,1,1,1,1,1,1,1
1385,0,1,1,1,1,1,1,1
1386,0,4,48,4,48,4,48,12
1387,0,1,6,1,6,1,6,6
1388,0,2,7,2,7,2,7,3
1389,0,1,1,1,1,1,1,1
1390,0,1,1,1,1,1,1,1
1391,0,1,1,1,1,1,1,1
1392,0,1,1,1,1,1,1,1
1393,0,2,2,2,2,2,2,1
1394,0,1,1,1,1,1,1,1
1395,2,1,1,1,1,0,0,1
1396,3,1,1,1,1,0,0,1
1397,5,1,6,1,6,0,1,6
1398,6,1,25,26,2177,0,3,25
1399,0,2,7,2,7,2,7,3
1400,0,1,6,2,7,1,6,6
1401,1,1,25,5,77,0,3,25
1402,2,2,7,2,7,0,2,3
1403,1,1,6,2,12,0,0,6
1404,1,1,648,12,2841,0,216,648
1405,3,2,2,2,2,0,0,1
1406,5,1,18,17,546,0,2,18
1407,4,1,6,1,6,0,1,6
1408,3,2,36,8,351,0,5,18
1409,1,2,353,18,1407,0,50,176
1410,1,3,37,6,69,0,6,12
1411,0,2,60,18,1795,0,8,30
1412,0,1,6,1,6,0,2,6
1413,0,2,26,2,26,0,3,13
1414,1,5,433,23,1589,2,216,86
1415,4,1,25,4,100,0,5,25
1416,0,1,1,1,1,1,1,1
1417,5,1,1,1,1,1,1,1
1418,1,3,18,22,256,0,2,6
1419,3,1,25,5,101,0,3,25
1420,5,1,25,24,4072,0,3,25
1421,5,1,25,4,57,0,3,25
1422,1,1,25,3,51,0,3,25
1423,3,1,25,16,227,0,3,25
1424,0,2,31,40,1085,0,4,15
1425,2,2,2,2,2,0,0,1
1426,6,1,18,49,1022,0,2,18
1427,1,1,6,1,6,1,6,6
1428,2,1,6,4,14,0,0,6
1429,3,1,25,2,31,0,3,25
1430,1,1,25,5,63,0,3,25
1431,1,1,30,5,68,0,4,30
1432,1,4,159,26,2778,0,22,39
1433,0,3,90,30,2136,0,12,30
1434,0,1,6,7,87,0,0,6
1435,3,1,1,2,7,0,0,1
1436,1,2,128,8,245,0,18,64
1437,0,2,128,40,3452,0,18,64
1438,2,1,6,1,6,1,6,6
1439,0,11,675,31,2678,1,96,61
1440,2,1,25,8,90,0,3,25
1441,2,1,1,1,1,0,0,1
1442,2,1,6,1,6,0,0,6
1443,0,4,91,22,1177,0,13,22
1444,1,1,30,9,263,0,4,30
1445,4,1,1,1,1,1,1,1
1446,1,1,25,8,136,0,3,25
1447,0,2,43,7,123,0,8,21
1448,0,1,1,1,1,1,1,1
1449,0,1,6,2,7,0,3,6
1450,1,2,31,7,65,0,4,15
1451,2,1,98,5,153,0,16,98
1452,0,1,25,4,81,0,3,25
1453,2,1,6,6,36,0,2,6
1454,3,1,25,4,57,0,3,25
1455,1,3,49,7,106,0,7,16
1456,6,1,6,1,6,0,0,6
1457,3,1,25,10,1379,0,3,25
1458,4,1,6,2,7,0,0,6
1459,1,3,49,9,118,0,7,16
1460,1,1,198,10,505,0,33,198
1461,0,14,3560,42,9663,2,508,254
1462,0,4,79,6,81,0,11,19
1463,1,2,31,4,38,0,4,15
1464,6,2,7,2,7,0,1,3
1465,1,3,66,14,492,0,11,22
1466,0,2,60,22,1533,0,8,30
1467,2,1,30,13,784,0,4,30
1468,0,1,25,3,51,0,3,25
1469,0,4,276,14,533,0,39,69
1470,1,1,25,7,106,0,3,25
1471,1,1,1,1,1,0,0,1
1472,2,2,7,2,7,0,1,3
1473,1,1,6,9,123,0,0,6
1474,0,1,30,7,203,0,4,30
1475,1,2,48,7,203,0,6,24
1476,6,1,6,2,12,0,0,6
1477,1,3,54,9,104,1,27,18
1478,1,1,6,5,25,0,1,6
1479,3,1,25,9,111,0,8,25
1480,0,5,145,14,1497,0,20,29
1481,1,1,25,6,105,0,3,25
1482,6,1,1,1,1,1,1,1
1483,2,1,1,1,1,0,0,1
1484,0,5,165,14,276,0,23,33
1485,6,1,25,3,27,0,3,25
1486,0,1,1,1,1,0,0,1
1487,0,1,1,1,1,0,0,1
1488,0,1,1,1,1,1,1,1
1489,6,1,30,4,57,0,4,30
1490,2,1,6,2,31,0,0,6
1491,5,2,7,3,32,0,1,3
1492,6,1,6,1,6,0,1,6
1493,1,3,13,3,13,0,2,4
1494,0,2,60,9,164,0,8,30
1495,0,1,6,2,7,0,0,6
1496,6,1,1,1,1,0,0,1
1497,1,1,648,14,2084,0,92,648
1498,6,1,6,3,13,0,0,6
1499,5,1,25,3,32,0,4,25
1500,3,2,12,3,13,0,2,6
1501,0,1,6,2,7,0,1,6
1502,5,1,6,3,30,0,2,6
1503,0,1,1,1,1,0,0,1
1504,1,1,6,4,14,0,0,6
1505,4,1,6,1,6,0,0,6
1506,1,1,6,3,13,0,0,6
1507,3,1,6,1,6,0,0,6
1508,6,1,6,3,13,0,1,6
1509,5,1,6,5,37,0,0,6
1510,6,1,1,1,1,0,0,1
1511,0,3,54,4,60,0,9,18
1512,0,1,6,1,6,0,3,6
1513,2,1,1,1,1,0,0,1
1514,0,1,1,1,1,0,0,1
1515,1,1,1,1,1,0,0,1
1516,0,2,26,2,26,0,8,13
1517,6,1,6,1,6,0,0,6
1518,1,1,6,2,7,0,0,6
1519,6,2,7,2,7,0,1,3
1520,1,2,7,2,7,1,3,3
1521,1,1,1,1,1,0,0,1
1522,5,1,25,2,31,0,3,25
1523,1,1,1,2,7,0,0,1
1524,5,1,6,1,6,0,1,6
1525,1,2,2,2,2,0,0,1
1526,2,2,2,2,2,0,0,1
1527,0,6,714,15,2066,0,102,119
1528,4,1,1,1,1,0,0,1
1529,1,1,1,1,1,0,0,1
1530,3,3,49,5,56,0,7,16
1531,1,5,97,9,152,0,13,19
1532,4,1,6,1,6,0,0,6
1533,5,1,1,1,1,0,0,1
1534,0,2,7,3,13,0,1,3
1535,6,1,1,2,7,1,1,1
1536,6,1,6,3,32,0,1,6
1537,5,1,1,1,1,0,0,1
1538,0,1,1,2,7,1,1,1
1539,0,2,7,2,7,0,1,3
1540,3,1,6,1,6,0,1,6
1541,1,2,7,3,13,0,1,3
1542,6,1,6,3,13,0,1,6
1543,0,1,1,1,1,0,0,1
1544,1,1,98,3,105,0,14,98
1545,1,1,1,3,32,0,0,1
1546,3,1,18,3,25,0,2,18
1547,6,1,1,1,1,1,1,1
1548,5,1,6,3,13,0,1,6
1549,6,2,7,2,7,2,7,3
1550,4,2,7,2,7,0,1,3
1551,3,1,1,1,1,0,0,1
1552,4,2,7,2,7,0,1,3
1553,2,1,1,1,1,0,0,1
1554,6,2,7,2,7,0,1,3
1555,2,1,1,2,7,0,0,1
1556,5,2,55,2,55,0,13,27
1557,6,2,2,3,27,0,0,1
1558,0,1,1,1,1,0,0,1
1559,6,1,6,1,6,0,3,6
1560,2,4,72,7,104,0,10,18
1561,0,1,1,1,1,1,1,1
1562,4,1,1,1,1,0,0,1
1563,5,2,7,2,7,0,1,3
1564,0,16,1968,26,3030,2,281,123
1565,1,2,2,2,2,0,0,1
1566,2,1,1,1,1,0,0,1
1567,4,1,1,1,1,0,0,1
1568,5,7,106,8,112,1,17,15
1569,5,1,1,1,1,0,0,1
1570,3,4,33,4,33,0,6,8
1571,4,1,1,1,1,0,0,1
1572,5,2,7,2,7,0,1,3
1573,3,2,2,3,8,0,0,1
1574,6,2,2,3,20,0,0,1
1575,5,1,1,1,1,0,0,1
1576,2,1,6,2,7,0,1,6
1577,1,1,1,1,1,0,0,1
1578,2,2,2,2,2,1,1,1
1579,6,1,6,1,6,0,2,6
1580,5,2,2,2,2,0,0,1
1581,5,1,6,1,6,0,1,6
1582,5,1,1,1,1,0,0,1
1583,5,1,6,2,7,0,0,6
1584,6,1,1,2,7,0,0,1
1585,5,1,1,2,7,0,0,1
1586,6,1,1,1,1,0,0,1
1587,6,1,6,3,32,0,1,6
1588,2,2,31,2,31,0,4,15
1589,0,2,12,2,12,0,2,6
1590,4,2,12,2,12,0,1,6
1591,5,1,6,1,6,0,3,6
1592,6,1,6,1,6,0,3,6
1593,1,8,105,8,105,1,15,13
1594,6,1,6,1,6,1,6,6
1595,0,1,6,1,6,0,1,6
1596,6,1,6,2,7,1,6,6
1597,5,1,6,1,6,0,1,6
1598,6,1,1,1,1,1,1,1
1599,4,1,1,1,1,0,0,1
1600,1,2,19,2,19,0,2,9
1601,5,1,1,1,1,0,0,1
1602,1,2,7,2,7,0,2,3
1603,4,2,7,2,7,0,1,3
1604,6,1,18,1,18,0,9,18
1605,6,2,7,2,7,0,1,3
1606,6,1,6,1,6,0,0,6
1607,5,1,6,1,6,0,1,6
1608,4,1,1,1,1,0,0,1
1609,5,3,13,3,13,0,1,4
1610,6,1,6,1,6,0,3,6
1611,4,1,6,1,6,0,0,6
1612,5,1,6,1,6,0,3,6
1613,6,1,6,1,6,0,2,6
1614,6,2,7,2,7,0,1,3
1615,3,2,2,2,2,0,0,1
1616,5,6,358,6,358,2,119,59
1617,2,4,33,4,33,0,4,8
1618,6,1,1,1,1,1,1,1
1619,2,2,7,2,7,0,1,3
1620,5,1,1,1,1,0,0,1
1621,5,1,1,1,1,0,0,1
1622,5,1,1,1,1,0,0,1
1623,0,3,13,3,13,0,2,4
1624,5,1,6,1,6,0,3,6
1625,5,2,7,2,7,0,2,3
1626,4,1,6,1,6,0,1,6
1627,0,1,6,1,6,0,1,6
1628,0,4,62,4,62,0,12,15
1629,4,1,1,1,1,0,0,1
1630,4,3,13,3,13,0,3,4
1631,5,3,129,3,129,0,21,43
1632,3,1,18,1,18,0,3,18
1633,2,15,207,15,207,2,34,13
1634,4,2,7,2,7,0,1,3
1635,4,1,6,1,6,0,1,6
1636,3,4,38,4,38,0,7,9
1637,3,1,1,1,1,0,0,1
1638,4,2,7,2,7,2,7,3
1639,4,2,7,2,7,0,1,3
1640,1,7,104,7,104,1,20,14
1641,4,1,6,1,6,0,1,6
1642,3,2,7,2,7,1,3,3
1643,4,1,6,1,6,0,1,6
1644,4,1,1,1,1,0,0,1
1645,2,1,1,1,1,0,0,1
1646,3,2,12,2,12,0,2,6
1647,4,1,6,1,6,0,2,6
1648,4,1,1,1,1,0,0,1
1649,4,2,2,2,2,0,0,1
1650,3,2,7,2,7,0,1,3
1651,2,1,1,1,1,0,0,1
1652,2,1,1,1,1,0,0,1
1653,4,2,7,2,7,0,1,3
1654,4,2,7,2,7,0,1,3
1655,3,1,1,1,1,0,0,1
1656,3,1,1,1,1,0,0,1
1657,1,2,7,2,7,1,3,3
1658,3,1,6,1,6,0,3,6
1659,0,1,1,1,1,0,0,1
1660,2,3,13,3,13,0,3,4
1661,3,1,6,1,6,0,1,6
1662,3,1,6,1,6,0,2,6
1663,3,1,6,1,6,0,1,6
1664,2,1,1,1,1,0,0,1
1665,3,1,6,1,6,0,1,6
1666,2,1,6,1,6,0,2,6
1667,2,1,1,1,1,0,0,1
1668,3,2,2,2,2,0,0,1
1669,3,1,6,1,6,1,6,6
1670,3,1,1,1,1,0,0,1
1671,1,2,12,2,12,0,3,6
1672,3,2,7,2,7,0,2,3
1673,3,1,6,1,6,1,6,6
1674,1,3,752,3,752,0,188,250
1675,1,8,105,8,105,2,26,13
1676,0,3,8,3,8,0,2,2
1677,1,1,1,1,1,0,0,1
1678,3,1,6,1,6,0,1,6
1679,3,1,6,1,6,0,2,6
1680,3,2,7,2,7,0,2,3
1681,0,1,6,1,6,0,1,6
1682,2,1,25,1,25,0,8,25
1683,2,2,7,2,7,2,7,3
1684,2,1,1,1,1,0,0,1
1685,2,1,6,1,6,0,2,6
1686,2,2,7,2,7,0,2,3
1687,0,1,1,1,1,0,0,1
1688,1,4,135,4,135,1,45,33
1689,2,1,1,1,1,1,1,1
1690,1,1,6,1,6,0,3,6
1691,0,1,6,1,6,0,2,6
1692,2,1,6,1,6,0,3,6
1693,0,1,1,1,1,0,0,1
1694,1,1,6,1,6,0,2,6
1695,1,3,25,3,25,1,8,8
1696,2,1,6,1,6,0,2,6
1697,1,2,24,2,24,1,12,12
1698,2,2,2,2,2,1,1,1
1699,2,1,1,1,1,0,0,1
1700,2,1,6,1,6,1,6,6
1701,1,1,6,1,6,0,2,6
1702,1,1,1,1,1,0,0,1
1703,2,1,6,1,6,0,2,6
1704,2,2,7,2,7,2,7,3
1705,1,1,6,1,6,0,2,6
1706,2,1,6,1,6,0,2,6
1707,0,2,2,2,2,0,0,1
1708,1,2,2,2,2,2,2,1
1709,1,1,1,1,1,0,0,1
1710,1,2,7,2,7,1,3,3
1711,0,1,1,1,1,0,0,1
1712,0,1,6,1,6,0,3,6
1713,1,2,26,2,26,1,13,13
1714,1,1,1,1,1,1,1,1
1715,1,1,6,1,6,1,6,6
1716,1,2,2,2,2,2,2,1
1717,1,1,1,1,1,0,0,1
1718,1,1,1,1,1,0,0,1
1719,1,2,2,2,2,2,2,1
1720,1,1,1,1,1,1,1,1
1721,0,1,1,1,1,0,0,1
1722,1,1,1,1,1,0,0,1
1723,1,2,2,2,2,1,1,1
1724,1,2,12,2,12,1,6,6
1725,1,1,1,1,1,0,0,1
1726,1,1,6,1,6,0,3,6
1727,0,1,1,1,1,0,0,1
1728,0,1,6,1,6,0,3,6
1729,1,1,1,1,1,0,0,1
1730,1,1,6,1,6,0,3,6
1731,0,5,558,5,558,2,279,111
1732,1,1,6,1,6,0,3,6
1733,0,1,1,1,1,0,0,1
1734,0,2,2,2,2,1,1,1
1735,0,2,12,2,12,2,12,6
1736,0,1,6,1,6,1,6,6
1737,0,1,6,1,6,1,6,6
1738,0,2,2,2,2,2,2,1
1739,0,1,6,1,6,1,6,6
1740,0,1,6,1,6,1,6,6
1741,0,1,6,1,6,1,6,6
1742,0,1,1,1,1,1,1,1
1743,0,1,6,1,6,1,6,6
1744,0,1,6,1,6,1,6,6
1745,0,2,7,2,7,2,7,3
1746,0,2,7,2,7,2,7,3
1747,0,3,56,3,56,3,56,18
1748,0,1,1,1,1,1,1,1
1749,0,1,1,1,1,1,1,1
1750,0,2,2,2,2,2,2,1
1751,0,2,2,2,2,2,2,1
1752,0,2,2,2,2,2,2,1
1753,2,1,6,1,6,0,3,6
1754,0,2,7,2,7,2,7,3
1755,0,1,1,1,1,0,0,1
1756,6,1,1,1,1,1,1,1
1757,0,1,25,4,69,0,3,25
1758,4,4,72,30,316,0,10,18
1759,3,1,6,1,6,0,3,6
1760,4,1,25,5,101,0,3,25
1761,0,2,2,4,33,0,0,1
1762,5,1,1,1,1,1,1,1
1763,3,1,25,6,131,0,3,25
1764,5,1,1,2,7,0,0,1
1765,2,3,73,11,178,0,18,24
1766,2,1,25,8,1256,0,3,25
1767,1,2,43,6,105,0,6,21
1768,2,1,6,4,24,0,0,6
1769,1,1,25,9,217,0,3,25
1770,4,1,6,2,7,0,1,6
1771,5,1,25,5,101,0,3,25
1772,6,1,25,22,2247,0,3,25
1773,1,3,854,30,6134,0,122,284
1774,1,1,6,5,68,0,0,6
1775,1,1,6,10,59,0,2,6
1776,3,1,25,18,432,0,3,25
1777,4,1,6,3,13,0,0,6
1778,0,5,257,62,3631,0,36,51
1779,1,3,432,21,4050,0,61,144
1780,4,1,25,10,437,0,3,25
1781,1,3,18,3,18,0,3,6
1782,2,1,1,1,1,1,1,1
1783,5,1,6,7,82,0,0,6
1784,2,2,104,14,240,0,14,52
1785,1,1,30,16,521,0,6,30
1786,1,2,43,22,403,0,6,21
1787,0,3,30,4,31,1,10,10
1788,0,2,55,20,1261,0,7,27
1789,1,1,6,4,38,0,0,6
1790,0,1,6,1,6,0,1,6
1791,2,2,31,3,37,0,10,15
1792,6,4,1031,6,1033,2,515,257
1793,0,2,7,2,7,0,2,3
1794,1,2,31,5,75,0,4,15
1795,0,2,31,8,105,0,4,15
1796,0,42,11206,626,133816,6,1600,266
1797,1,1,25,6,434,0,3,25
1798,0,1,30,5,56,0,4,30
1799,5,3,49,7,104,0,7,16
1800,3,1,1,1,1,0,0,1
1801,0,4,1099,49,8136,4,1099,274
1802,6,1,25,6,83,0,3,25
1803,1,5,640,38,2930,0,91,128
1804,4,1,25,7,106,0,12,25
1805,5,1,328,80,11126,0,54,328
1806,3,1,25,3,32,0,3,25
1807,4,1,18,4,31,0,2,18
1808,0,1,1,2,7,0,0,1
1809,2,1,25,4,57,0,3,25
1810,0,5,233,24,702,0,33,46
1811,2,1,25,15,1109,0,3,25
1812,1,2,426,5,531,0,142,213
1813,0,1,6,3,13,0,3,6
1814,0,2,12,3,13,0,1,6
1815,0,4,252,13,455,0,36,63
1816,1,2,7,2,7,0,1,3
1817,0,1,6,3,13,0,0,6
1818,2,2,12,3,18,0,4,6
1819,1,1,1,1,1,0,0,1
1820,1,2,7,2,7,0,1,3
1821,1,1,6,6,86,0,2,6
1822,0,1,25,12,875,0,3,25
1823,1,1,30,6,207,0,4,30
1824,1,1,648,16,7063,0,324,648
1825,1,1,6,4,38,0,0,6
1826,0,1,6,5,25,0,2,6
1827,0,2,31,6,69,0,4,15
1828,6,1,328,5,482,0,54,328
1829,0,3,49,15,219,0,7,16
1830,2,1,6,3,13,0,1,6
1831,2,2,2,2,2,0,0,1
1832,1,2,2,2,2,0,0,1
1833,3,1,6,2,7,0,1,6
1834,3,1,6,2,7,0,2,6
1835,4,1,25,8,451,0,3,25
1836,2,2,43,3,44,0,6,21
1837,3,1,6,1,6,0,2,6
1838,1,2,60,6,110,1,30,30
1839,0,6,534,14,916,0,76,89
1840,0,2,43,5,56,0,6,21
1841,0,1,1,4,38,0,0,1
1842,6,1,1,2,26,0,0,1
1843,0,2,846,13,1847,0,120,423
1844,0,3,37,7,56,0,5,12
1845,0,1,6,1,6,0,1,6
1846,0,1,30,7,140,0,4,30
1847,4,1,18,1,18,0,3,18
1848,1,1,6,2,7,0,1,6
1849,0,2,7,2,7,1,3,3
1850,4,3,37,3,37,0,5,12
1851,3,1,6,1,6,0,1,6
1852,6,1,1,2,7,0,0,1
1853,0,2,60,7,104,0,8,30
1854,3,1,6,1,6,0,0,6
1855,0,1,6,1,6,1,6,6
1856,3,1,6,2,7,0,1,6
1857,2,1,1,4,19,0,0,1
1858,1,1,1,1,1,0,0,1
1859,0,5,170,18,2224,0,24,34
1860,4,2,2,2,2,0,0,1
1861,0,1,6,3,13,0,0,6
1862,1,3,1302,12,2007,0,186,434
1863,6,1,6,1,6,0,0,6
1864,0,2,24,4,31,0,3,12
1865,1,2,526,6,761,0,131,263
1866,5,1,1,1,1,0,0,1
1867,1,1,25,2,31,0,3,25
1868,1,2,36,4,67,0,5,18
1869,1,2,36,9,244,0,5,18
1870,2,3,49,6,57,0,7,16
1871,5,2,846,8,1019,0,120,423
1872,1,1,1,1,1,0,0,1
1873,4,1,6,2,7,0,1,6
1874,3,1,30,3,37,0,7,30
1875,0,2,55,4,62,0,7,27
1876,2,4,55,4,55,1,18,13
1877,4,2,7,2,7,0,1,3
1878,4,1,1,1,1,0,0,1
1879,0,1,1,1,1,0,0,1
1880,1,2,7,2,7,0,1,3
1881,6,1,18,3,25,0,3,18
1882,4,1,1,1,1,1,1,1
1883,5,3,37,5,44,0,5,12
1884,6,1,1,2,7,0,0,1
1885,0,1,1,1,1,0,0,1
1886,4,1,1,2,7,0,0,1
1887,0,3,1006,13,1717,0,143,335
1888,0,1,6,1,6,0,1,6
1889,1,1,6,2,7,0,1,6
1890,0,2,31,4,62,0,4,15
1891,6,1,1,1,1,0,0,1
1892,0,1,30,3,66,0,4,30
1893,2,3,32,3,32,0,5,10
1894,5,2,36,4,55,0,5,18
1895,0,1,30,1,30,0,10,30
1896,4,6,152,9,208,0,21,25
1897,1,3,78,6,110,0,11,26
1898,0,1,1,1,1,0,0,1
1899,4,1,6,1,6,0,0,6
1900,6,2,24,5,56,0,4,12
1901,4,2,7,2,7,0,1,3
1902,3,1,1,1,1,0,0,1
1903,3,1,18,1,18,0,3,18
1904,6,2,2,3,27,0,0,1
1905,1,2,7,2,7,0,1,3
1906,0,3,234,6,283,1,78,78
1907,3,2,7,2,7,0,1,3
1908,5,3,30,4,31,0,5,10
1909,1,1,1,1,1,0,0,1
1910,6,1,1,1,1,0,0,1
1911,0,4,79,5,80,0,11,19
1912,0,1,1,1,1,0,0,1
1913,4,1,6,1,6,0,0,6
1914,1,1,1,1,1,0,0,1
1915,4,2,7,2,7,0,1,3
1916,0,3,18,3,18,0,3,6
1917,5,2,26,3,32,0,3,13
1918,4,1,1,1,1,1,1,1
1919,2,1,1,1,1,0,0,1
1920,6,1,1,1,1,1,1,1
1921,6,3,20,3,20,0,2,6
1922,5,1,1,2,7,0,0,1
1923,3,1,6,1,6,0,2,6
1924,6,1,6,1,6,0,3,6
1925,1,2,7,2,7,0,1,3
1926,0,3,18,3,18,0,4,6
1927,6,1,6,1,6,0,1,6
1928,6,1,1,2,7,0,0,1
1929,5,1,1,1,1,0,0,1
1930,5,1,1,1,1,0,0,1
1931,6,1,6,1,6,0,1,6
1932,6,4,62,4,62,0,8,15
1933,4,1,6,1,6,0,1,6
1934,3,3,32,3,32,0,8,10
1935,3,3,32,3,32,0,4,10
1936,6,1,6,1,6,1,6,6
1937,6,1,1,1,1,0,0,1
1938,6,1,1,1,1,0,0,1
1939,6,1,6,1,6,0,0,6
1940,4,1,6,1,6,0,1,6
1941,6,2,7,2,7,0,2,3
1942,6,1,6,1,6,0,1,6
1943,5,2,7,2,7,0,1,3
1944,6,2,7,2,7,2,7,3
1945,6,1,6,1,6,0,1,6
1946,1,9,208,9,208,1,29,23
1947,6,1,6,1,6,0,0,6
1948,6,2,2,2,2,0,0,1
1949,5,2,7,2,7,0,1,3
1950,6,2,7,2,7,0,1,3
1951,6,2,7,2,7,1,3,3
1952,5,1,6,1,6,0,0,6
1953,6,2,26,2,26,0,3,13
1954,6,1,1,1,1,0,0,1
1955,6,1,1,1,1,0,0,1
1956,4,1,1,1,1,0,0,1
1957,6,1,1,1,1,1,1,1
1958,5,1,1,1,1,0,0,1
1959,6,1,6,1,6,0,2,6
1960,6,1,1,1,1,1,1,1
1961,5,2,2,2,2,0,0,1
1962,4,1,25,1,25,0,3,25
1963,6,2,7,2,7,0,2,3
1964,4,1,1,1,1,0,0,1
1965,0,1,6,1,6,0,0,6
1966,2,3,32,3,32,0,4,10
1967,5,1,1,1,1,0,0,1
1968,5,2,7,2,7,0,1,3
1969,5,1,6,1,6,1,6,6
1970,5,1,1,1,1,0,0,1
1971,3,1,6,1,6,0,1,6
1972,5,1,1,1,1,1,1,1
1973,0,5,56,5,56,1,14,11
1974,5,1,6,1,6,0,1,6
1975,4,1,1,1,1,0,0,1
1976,5,1,1,1,1,0,0,1
1977,0,4,45,4,45,0,7,11
1978,2,2,7,2,7,0,1,3
1979,5,1,6,1,6,0,1,6
1980,3,1,1,1,1,0,0,1
1981,3,1,1,1,1,0,0,1
1982,1,1,1,1,1,0,0,1
1983,2,2,2,2,2,0,0,1
1984,4,1,6,1,6,0,1,6
1985,2,2,31,2,31,0,7,15
1986,4,1,1,1,1,0,0,1
1987,4,1,1,1,1,0,0,1
1988,4,2,12,2,12,0,2,6
1989,3,3,13,3,13,0,2,4
1990,4,2,7,2,7,0,2,3
1991,4,1,6,1,6,0,1,6
1992,4,2,7,2,7,0,2,3
1993,4,1,1,1,1,0,0,1
1994,4,2,7,2,7,0,1,3
1995,1,7,140,7,140,1,35,20
1996,4,1,1,1,1,0,0,1
1997,4,1,1,1,1,0,0,1
1998,4,2,7,2,7,0,2,3
1999,3,2,7,2,7,0,1,3
2000,4,1,6,1,6,1,6,6
2001,4,3,8,3,8,0,2,2
2002,3,2,7,2,7,0,1,3
2003,3,1,6,1,6,0,1,6
2004,3,1,6,1,6,0,1,6
2005,4,1,6,1,6,0,1,6
2006,3,1,1,1,1,0,0,1
2007,3,1,6,1,6,0,1,6
2008,2,1,1,1,1,0,0,1
2009,0,1,6,1,6,0,3,6
2010,4,1,1,1,1,0,0,1
2011,4,2,7,2,7,2,7,3
2012,4,1,1,1,1,0,0,1
2013,3,1,1,1,1,0,0,1
2014,3,2,7,2,7,2,7,3
2015,3,2,7,2,7,0,1,3
2016,0,1,6,1,6,0,1,6
2017,3,1,6,1,6,1,6,6
2018,1,2,7,2,7,0,1,3
2019,3,1,1,1,1,0,0,1
2020,2,4,57,4,57,1,14,14
2021,3,1,1,1,1,1,1,1
2022,2,2,7,2,7,0,1,3
2023,3,1,6,1,6,0,2,6
2024,3,1,6,1,6,0,1,6
2025,3,5,160,5,160,1,40,32
2026,2,2,31,2,31,0,7,15
2027,3,1,1,1,1,0,0,1
2028,1,1,6,1,6,0,1,6
2029,1,2,7,2,7,0,1,3
2030,0,2,7,2,7,0,1,3
2031,3,1,6,1,6,0,2,6
2032,3,2,26,2,26,0,6,13
2033,0,1,6,1,6,0,1,6
2034,3,1,1,1,1,0,0,1
2035,3,1,1,1,1,0,0,1
2036,3,2,123,2,123,0,41,61
2037,3,1,1,1,1,0,0,1
2038,3,2,2,2,2,2,2,1
2039,2,1,1,1,1,0,0,1
2040,2,2,7,2,7,2,7,3
2041,2,1,1,1,1,1,1,1
2042,2,1,6,1,6,0,2,6
2043,2,1,1,1,1,0,0,1
2044,2,2,2,2,2,0,0,1
2045,1,1,1,1,1,0,0,1
2046,2,4,31,4,31,2,15,7
2047,0,4,57,4,57,1,19,14
2048,1,2,12,2,12,1,6,6
2049,1,3,37,3,37,1,12,12
2050,1,2,7,2,7,0,2,3
2051,0,5,34,5,34,1,11,6
2052,2,1,6,1,6,0,2,6
2053,0,2,7,2,7,0,2,3
2054,0,4,50,4,50,1,16,12
2055,0,2,7,2,7,0,2,3
2056,1,2,7,2,7,0,2,3
2057,1,1,1,1,1,0,0,1
2058,1,2,7,2,7,0,2,3
2059,1,1,1,1,1,0,0,1
2060,1,2,24,2,24,0,8,12
2061,1,2,7,2,7,0,2,3
2062,1,4,31,4,31,1,10,7
2063,1,1,6,1,6,0,2,6
2064,1,1,1,1,1,0,0,1
2065,2,1,6,1,6,0,2,6
2066,1,1,1,1,1,0,0,1
2067,2,2,7,2,7,0,2,3
2068,2,1,1,1,1,0,0,1
2069,1,2,7,2,7,1,3,3
2070,1,1,1,1,1,0,0,1
2071,1,6,505,6,505,3,252,84
2072,1,1,1,1,1,1,1,1
2073,1,1,6,1,6,0,3,6
2074,0,1,1,1,1,0,0,1
2075,1,3,13,3,13,1,6,4
2076,0,4,55,4,55,2,27,13
2077,1,2,2,2,2,1,1,1
2078,1,1,6,1,6,0,3,6
2079,1,2,12,2,12,1,6,6
2080,0,1,1,1,1,0,0,1
2081,1,1,1,1,1,1,1,1
2082,1,1,1,1,1,0,0,1
2083,1,2,31,2,31,1,15,15
2084,1,1,6,1,6,0,3,6
2085,1,1,6,1,6,0,3,6
2086,0,1,1,1,1,0,0,1
2087,0,1,1,1,1,0,0,1
2088,0,1,1,1,1,0,0,1
2089,1,2,7,2,7,1,3,3
2090,0,1,1,1,1,0,0,1
2091,0,1,1,1,1,1,1,1
2092,0,4,79,4,79,4,79,19
2093,0,1,6,1,6,1,6,6
2094,0,3,13,3,13,3,13,4
2095,0,2,7,2,7,2,7,3
2096,0,1,6,1,6,1,6,6
2097,0,1,1,1,1,1,1,1
2098,0,1,6,1,6,1,6,6
2099,0,1,1,1,1,1,1,1
2100,0,2,7,2,7,2,7,3
2101,0,1,6,1,6,1,6,6
2102,0,1,6,1,6,1,6,6
2103,0,1,1,1,1,1,1,1
2104,0,2,2,2,2,2,2,1
2105,0,1,6,1,6,1,6,6
2106,0,1,6,1,6,1,6,6
2107,0,1,1,1,1,1,1,1
2108,2,1,6,1,6,0,2,6
2109,3,2,7,2,7,1,3,3
2110,0,1,1,1,1,0,0,1
2111,6,1,6,2,7,0,0,6
2112,1,1,6,63,9163,0,0,6
2113,2,1,25,20,624,0,3,25
2114,4,4,9,4,9,2,4,2
2115,1,3,427,4,433,1,142,142
2116,1,1,25,6,107,0,3,25
2117,5,1,25,6,199,0,3,25
2118,2,4,24,19,216,0,3,6
2119,1,1,30,7,118,0,4,30
2120,1,1,6,5,15,0,0,6
2121,0,1,18,4,31,0,2,18
2122,5,1,18,8,74,0,2,18
2123,3,2,12,2,12,0,4,6
2124,2,2,656,11,1099,0,93,328
2125,2,4,79,23,709,0,11,19
2126,4,4,33,4,33,0,4,8
2127,0,4,171,8,401,0,24,42
2128,4,1,1,1,1,0,0,1
2129,1,1,25,9,154,0,3,25
2130,5,1,25,31,2090,0,3,25
2131,0,2,60,16,261,0,8,30
2132,1,1,25,3,51,0,3,25
2133,4,1,30,3,37,0,7,30
2134,3,2,7,2,7,0,1,3
2135,1,1,6,1,6,0,3,6
2136,0,1,6,4,19,0,0,6
2137,0,1,6,3,8,0,0,6
2138,0,1,6,2,7,0,2,6
2139,1,7,1425,10,1450,1,285,203
2140,0,1,6,1,6,0,3,6
2141,0,3,85,58,5705,0,12,28
2142,3,1,25,26,1028,0,3,25
2143,1,1,25,4,52,0,3,25
2144,0,2,2,2,2,0,0,1
2145,0,1,6,1,6,1,6,6
2146,0,7,218,14,353,1,31,31
2147,1,1,648,12,1420,0,92,648
2148,3,1,6,5,44,0,0,6
2149,4,2,12,2,12,0,1,6
2150,6,1,30,7,104,0,4,30
2151,0,1,18,7,58,0,2,18
2152,6,1,6,6,57,0,1,6
2153,1,2,204,9,334,0,29,102
2154,0,4,14,4,14,0,2,3
2155,1,1,25,17,1123,0,3,25
2156,0,1,1,1,1,1,1,1
2157,1,1,30,32,1113,0,5,30
2158,3,1,6,1,6,0,3,6
2159,0,3,66,12,504,0,11,22
2160,3,1,25,4,57,0,3,25
2161,2,2,7,2,7,0,2,3
2162,2,3,85,6,129,3,85,28
2163,3,1,98,4,154,0,16,98
2164,4,2,55,7,111,0,7,27
2165,0,1,6,2,7,1,6,6
2166,1,1,25,5,155,0,3,25
2167,2,1,6,1,6,0,2,6
2168,1,3,54,9,142,0,7,18
2169,2,1,6,1,6,0,1,6
2170,3,1,18,13,1523,0,2,18
2171,0,2,31,7,106,0,4,15
2172,1,1,25,10,233,0,3,25
2173,2,1,6,2,12,0,2,6
2174,6,2,26,2,26,0,3,13
2175,3,1,98,2,123,0,14,98
2176,0,1,6,1,6,1,6,6
2177,3,3,32,3,32,0,4,10
2178,0,2,426,6,517,0,71,213
2179,1,1,18,9,172,0,3,18
2180,0,1,1,1,1,1,1,1
2181,1,2,19,4,31,0,2,9
2182,0,1,25,1,25,0,3,25
2183,0,3,66,27,583,0,9,22
2184,1,1,18,36,5497,0,2,18
2185,1,2,12,12,141,0,1,6
2186,5,2,7,2,7,0,1,3
2187,0,1,25,10,1057,0,3,25
2188,5,1,6,3,13,0,0,6
2189,5,1,6,2,7,0,1,6
2190,0,2,60,16,1311,0,8,30
2191,4,1,25,17,2147,0,3,25
2192,2,1,1,1,1,0,0,1
2193,1,1,25,2,26,0,3,25
2194,4,1,6,1,6,0,0,6
2195,4,1,18,1,18,0,2,18
2196,6,1,25,4,33,0,4,25
2197,1,1,6,11,164,0,0,6
2198,6,1,6,1,6,0,1,6
2199,1,1,6,1,6,0,3,6
2200,2,1,30,4,62,0,4,30
2201,1,1,25,7,111,0,3,25
2202,1,3,8,3,8,1,2,2
2203,1,2,7,2,7,0,1,3
2204,0,1,1,1,1,1,1,1
2205,0,2,60,12,218,0,8,30
2206,5,2,7,2,7,0,1,3
2207,0,3,54,10,158,0,9,18
2208,1,1,1,1,1,0,0,1
2209,6,1,1,2,7,0,0,1
2210,0,2,526,14,1478,0,75,263
2211,3,1,6,1,6,0,1,6
2212,4,1,6,6,62,0,1,6
2213,0,2,2,2,2,2,2,1
2214,5,1,25,1,25,0,3,25
2215,1,2,7,2,7,0,1,3
2216,1,5,424,12,1728,0,60,84
2217,0,1,6,1,6,0,0,6
2218,0,9,1514,39,5384,1,216,168
2219,0,3,78,13,188,0,11,26
2220,0,4,592,41,11424,0,98,148
2221,0,2,31,3,32,0,4,15
2222,1,2,228,7,686,0,32,114
2223,3,2,2,4,33,0,0,1
2224,1,1,1,2,7,0,0,1
2225,1,1,1,1,1,0,0,1
2226,0,7,157,8,158,2,52,22
2227,3,1,6,1,6,0,1,6
2228,4,1,6,2,7,0,0,6
2229,1,1,1,1,1,0,0,1
2230,1,1,1,1,1,1,1,1
2231,1,1,6,3,13,0,1,6
2232,0,1,30,6,370,0,5,30
2233,1,1,30,1,30,0,15,30
2234,0,1,6,2,7,0,1,6
2235,6,1,18,5,56,0,2,18
2236,0,2,31,2,31,0,4,15
2237,2,1,6,1,6,0,2,6
2238,2,1,1,1,1,0,0,1
2239,3,1,98,2,128,0,14,98
2240,2,1,6,1,6,0,1,6
2241,1,1,1,1,1,0,0,1
2242,0,2,12,2,12,0,1,6
2243,2,1,1,3,32,0,0,1
2244,1,1,1,2,7,0,0,1
2245,6,6,176,15,328,0,25,29
2246,6,1,6,1,6,0,1,6
2247,4,1,1,1,1,0,0,1
2248,5,2,7,2,7,0,1,3
2249,6,1,1,1,1,0,0,1
2250,6,1,1,1,1,0,0,1
2251,6,1,1,2,7,0,0,1
2252,5,1,1,1,1,0,0,1
2253,6,1,6,2,7,0,0,6
2254,4,2,26,3,32,0,3,13
2255,0,1,6,1,6,0,1,6
2256,0,1,6,1,6,0,0,6
2257,2,2,7,2,7,0,1,3
2258,1,1,6,1,6,0,2,6
2259,3,4,118,4,118,0,19,29
2260,5,2,2,2,2,2,2,1
2261,6,3,30,8,110,1,10,10
2262,5,3,3,3,3,0,0,1
2263,0,2,7,2,7,0,1,3
2264,4,3,73,3,73,0,10,24
2265,1,1,25,3,32,0,3,25
2266,1,1,6,1,6,0,2,6
2267,3,1,6,1,6,0,1,6
2268,6,1,18,2,24,0,2,18
2269,4,1,6,1,6,0,2,6
2270,1,1,6,2,7,0,0,6
2271,6,1,1,1,1,0,0,1
2272,1,1,6,1,6,0,2,6
2273,3,1,1,1,1,0,0,1
2274,6,1,1,1,1,0,0,1
2275,5,1,1,1,1,0,0,1
2276,5,1,1,1,1,0,0,1
2277,0,6,103,8,110,0,14,17
2278,0,1,6,1,6,0,0,6
2279,5,1,1,1,1,0,0,1
2280,1,1,1,1,1,0,0,1
2281,4,1,1,1,1,0,0,1
2282,6,1,1,1,1,1,1,1
2283,0,26,2690,31,3693,3,384,103
2284,6,2,7,2,7,0,1,3
2285,0,1,6,1,6,0,0,6
2286,4,2,7,2,7,0,1,3
2287,2,1,1,1,1,0,0,1
2288,6,1,6,1,6,0,2,6
2289,4,2,7,2,7,0,1,3
2290,6,1,6,1,6,0,0,6
2291,0,2,7,2,7,1,3,3
2292,3,1,6,1,6,0,2,6
2293,4,2,7,2,7,0,1,3
2294,4,2,26,2,26,0,3,13
2295,3,2,2,2,2,0,0,1
2296,1,6,57,6,57,0,8,9
2297,5,1,6,1,6,0,1,6
2298,6,1,1,1,1,0,0,1
2299,6,2,7,2,7,0,1,3
2300,4,3,13,3,13,0,1,4
2301,6,1,1,1,1,1,1,1
2302,6,2,7,2,7,0,1,3
2303,4,2,7,2,7,1,3,3
2304,4,1,1,1,1,0,0,1
2305,6,2,7,2,7,0,2,3
2306,5,1,1,1,1,0,0,1
2307,5,3,8,3,8,0,1,2
2308,5,1,1,1,1,0,0,1
2309,5,1,1,1,1,0,0,1
2310,5,3,8,3,8,1,4,2
2311,5,1,18,1,18,0,9,18
2312,5,1,6,1,6,1,6,6
2313,5,1,1,1,1,1,1,1
2314,5,1,6,1,6,1,6,6
2315,0,3,13,3,13,0,2,4
2316,4,2,7,2,7,1,3,3
2317,0,6,1259,6,1259,1,209,209
2318,4,1,6,1,6,0,2,6
2319,2,8,382,8,382,1,63,47
2320,4,4,31,4,31,0,5,7
2321,4,1,1,1,1,0,0,1
2322,0,1,6,1,6,0,2,6
2323,4,1,1,1,1,0,0,1
2324,4,1,1,1,1,0,0,1
2325,4,1,1,1,1,0,0,1
2326,4,1,6,1,6,0,1,6
2327,4,1,6,1,6,0,1,6
2328,4,2,7,2,7,0,1,3
2329,3,1,6,1,6,0,2,6
2330,0,2,7,2,7,0,1,3
2331,2,5,10,5,10,1,2,2
2332,4,1,6,1,6,0,1,6
2333,4,1,1,1,1,0,0,1
2334,0,1,1,1,1,0,0,1
2335,2,4,14,4,14,0,2,3
2336,3,1,1,1,1,0,0,1
2337,3,1,6,1,6,0,3,6
2338,4,1,1,1,1,1,1,1
2339,2,5,80,5,80,1,16,16
2340,3,2,7,2,7,0,2,3
2341,4,1,6,1,6,0,1,6
2342,3,1,1,1,1,0,0,1
2343,2,1,1,1,1,0,0,1
2344,2,2,7,2,7,0,1,3
2345,4,2,7,2,7,2,7,3
2346,3,2,7,2,7,1,3,3
2347,3,1,1,1,1,1,1,1
2348,3,2,7,2,7,0,1,3
2349,1,5,80,5,80,1,20,16
2350,3,1,18,1,18,1,18,18
2351,1,2,7,2,7,0,1,3
2352,1,5,425,5,425,1,106,85
2353,2,2,7,2,7,0,1,3
2354,3,2,26,2,26,2,26,13
2355,3,1,1,1,1,0,0,1
2356,3,3,8,3,8,0,2,2
2357,2,2,26,2,26,0,6,13
2358,3,1,6,1,6,0,1,6
2359,3,1,1,1,1,1,1,1
2360,3,3,32,3,32,0,8,10
2361,3,1,1,1,1,0,0,1
2362,3,2,7,2,7,0,2,3
2363,2,1,1,1,1,0,0,1
2364,3,1,6,1,6,1,6,6
2365,3,2,2,2,2,0,0,1
2366,3,1,6,1,6,0,2,6
2367,2,2,7,2,7,0,2,3
2368,3,3,8,3,8,1,2,2
2369,2,1,1,1,1,0,0,1
2370,3,1,25,1,25,0,6,25
2371,3,5,143,5,143,1,47,28
2372,2,2,7,2,7,0,1,3
2373,2,2,31,2,31,0,7,15
2374,2,1,6,1,6,0,2,6
2375,3,2,7,2,7,0,2,3
2376,1,2,7,2,7,0,1,3
2377,2,2,7,2,7,0,1,3
2378,2,1,25,1,25,0,8,25
2379,2,1,6,1,6,0,2,6
2380,2,2,7,2,7,2,7,3
2381,2,1,1,1,1,1,1,1
2382,1,2,7,2,7,0,2,3
2383,2,2,7,2,7,0,2,3
2384,2,1,6,1,6,0,3,6
2385,2,1,6,1,6,0,2,6
2386,2,1,1,1,1,0,0,1
2387,1,1,6,1,6,0,2,6
2388,1,1,6,1,6,0,2,6
2389,1,1,6,1,6,0,2,6
2390,1,1,1,1,1,0,0,1
2391,0,2,2,2,2,0,0,1
2392,1,1,1,1,1,1,1,1
2393,1,1,6,1,6,1,6,6
2394,1,1,1,1,1,0,0,1
2395,0,1,6,1,6,0,3,6
2396,1,1,6,1,6,0,3,6
2397,0,1,1,1,1,0,0,1
2398,1,1,1,1,1,0,0,1
2399,1,2,7,2,7,1,3,3
2400,1,1,6,1,6,0,3,6
2401,1,1,6,1,6,0,3,6
2402,1,1,1,1,1,0,0,1
2403,1,1,1,1,1,1,1,1
2404,1,5,56,5,56,2,28,11
2405,0,1,6,1,6,0,3,6
2406,0,1,1,1,1,0,0,1
2407,1,1,1,1,1,0,0,1
2408,1,1,1,1,1,0,0,1
2409,0,1,1,1,1,0,0,1
2410,0,2,19,2,19,1,9,9
2411,1,1,6,1,6,0,3,6
2412,0,2,7,2,7,1,3,3
2413,0,2,2,2,2,1,1,1
2414,0,2,7,2,7,2,7,3
2415,0,1,1,1,1,1,1,1
2416,0,1,6,1,6,1,6,6
2417,0,1,1,1,1,1,1,1
2418,0,1,1,1,1,1,1,1
2419,0,1,1,1,1,1,1,1
2420,0,5,39,5,39,5,39,7
2421,0,5,56,5,56,5,56,11
2422,0,1,1,1,1,1,1,1
2423,0,3,8,3,8,3,8,2
2424,0,2,7,2,7,2,7,3
2425,0,1,6,1,6,1,6,6
2426,0,2,7,2,7,2,7,3
2427,0,3,8,3,8,3,8,2
2428,0,1,6,1,6,1,6,6
2429,0,1,1,1,1,1,1,1
2430,0,1,25,1,25,1,25,25
2431,2,1,6,7,37,0,3,6
2432,0,1,1,1,1,1,1,1
2433,4,1,18,1,18,0,6,18
2434,1,1,648,11,1378,0,92,648
2435,6,1,6,1,6,0,1,6
2436,0,1,1,1,1,0,0,1
2437,3,2,24,49,553,0,3,12
2438,1,1,198,4,283,0,33,198
2439,3,2,2,4,33,0,0,1
2440,2,1,6,1,6,0,0,6
2441,0,1,6,1,6,1,6,6
2442,5,1,6,8,209,0,0,6
2443,1,1,25,18,331,0,3,25
2444,0,2,60,22,1217,0,12,30
2445,6,1,6,17,128,0,0,6
2446,6,1,25,63,16906,0,3,25
2447,0,1,1,2,7,1,1,1
2448,0,11,691,49,3924,1,98,62
2449,4,1,25,6,107,0,3,25
2450,1,1,25,23,675,0,3,25
2451,5,1,6,3,13,0,0,6
2452,4,1,25,5,63,0,3,25
2453,0,2,2,2,2,2,2,1
2454,5,1,6,1,6,0,1,6
2455,1,1,25,10,179,0,3,25
2456,1,2,104,14,264,0,14,52
2457,0,2,55,19,1067,0,7,27
2458,5,2,2,2,2,1,1,1
2459,1,1,6,1,6,0,3,6
2460,1,1,25,5,101,0,3,25
2461,6,1,18,5,56,0,2,18
2462,2,1,25,6,192,0,3,25
2463,0,2,31,9,568,0,4,15
2464,4,1,6,8,23,0,0,6
2465,1,2,7,2,7,2,7,3
2466,0,3,85,31,1274,0,12,28
2467,2,1,25,8,81,0,3,25
2468,1,1,30,11,513,0,5,30
2469,0,2,60,9,190,0,10,30
2470,1,2,31,15,306,0,4,15
2471,0,1,25,5,155,0,4,25
2472,2,1,6,2,7,1,6,6
2473,1,1,6,3,13,0,2,6
2474,0,2,55,7,89,0,7,27
2475,1,1,25,10,141,0,3,25
2476,0,3,141,28,1267,0,20,47
2477,1,2,55,4,62,0,7,27
2478,1,1,648,30,5924,0,92,648
2479,1,1,1,1,1,0,0,1
2480,6,1,1,2,7,0,0,1
2481,3,1,1,3,32,0,0,1
2482,1,3,18,6,31,0,2,6
2483,1,1,6,25,1026,0,1,6
2484,1,7,868,30,3760,1,124,124
2485,2,3,0.03,3,0.03,0,0,0
2486,4,1,1,2,7,0,0,1
2487,1,2,104,10,233,0,14,52
2488,3,1,1,1,1,0,0,1
2489,4,1,25,7,111,0,3,25
2490,1,1,30,5,80,0,4,30
2491,0,1,198,6,1235,0,49,198
2492,1,1,30,8,233,0,4,30
2493,0,10,195,54,1259,1,27,19
2494,4,1,25,3,32,0,3,25
2495,5,1,6,1,6,0,1,6
2496,6,1,25,8,81,0,3,25
2497,0,4,649,9,753,0,92,162
2498,0,1,6,1,6,0,3,6
2499,0,1,30,10,759,0,5,30
2500,1,1,6,1,6,0,3,6
2501,1,1,6,28,1118,0,0,6
2502,0,2,24,7,82,0,3,12
2503,1,3,49,5,56,0,7,16
2504,1,1,25,5,155,0,3,25
2505,1,1,25,4,57,0,3,25
2506,0,5,684,23,2157,0,97,136
2507,5,1,1,1,1,0,0,1
2508,1,2,55,13,287,0,7,27
2509,1,1,25,4,57,0,3,25
2510,4,3,49,7,106,0,7,16
2511,0,1,6,9,44,0,3,6
2512,1,1,25,3,32,0,3,25
2513,1,2,7,2,7,0,1,3
2514,0,3,1304,34,7941,0,186,434
2515,0,8,683,20,2053,1,97,85
2516,0,1,25,3,51,0,3,25
2517,1,1,1,2,7,0,0,1
2518,5,1,6,1,6,0,0,6
2519,4,1,6,3,13,0,1,6
2520,2,1,1,1,1,0,0,1
2521,0,18,1615,31,3039,2,230,89
2522,0,1,30,4,38,0,6,30
2523,0,1,25,4,149,0,3,25
2524,3,3,146,6,202,0,20,48
2525,1,1,6,10,214,0,0,6
2526,0,2,123,7,276,0,17,61
2527,4,1,6,1,6,0,0,6
2528,0,2,60,9,135,0,8,30
2529,0,1,6,1,6,0,1,6
2530,2,1,6,1,6,0,2,6
2531,2,2,7,2,7,0,1,3
2532,4,1,6,9,68,0,1,6
2533,1,3,8,4,14,0,1,2
2534,4,7,1008,7,1008,1,144,144
2535,0,4,62,4,62,0,8,15
2536,0,3,3,3,3,0,0,1
2537,3,1,25,2,26,0,6,25
2538,0,3,158,5,184,0,22,52
2539,4,1,1,1,1,1,1,1
2540,2,1,25,3,27,0,3,25
2541,5,1,1,1,1,0,0,1
2542,3,2,31,3,32,0,4,15
2543,1,6,108,11,164,0,15,18
2544,2,2,7,2,7,0,1,3
2545,2,2,24,5,80,0,3,12
2546,5,7,478,10,505,1,95,68
2547,2,1,1,1,1,0,0,1
2548,6,1,6,1,6,0,0,6
2549,0,7,194,15,299,1,27,27
2550,2,1,6,4,31,0,0,6
2551,1,1,1,1,1,0,0,1
2552,1,1,6,2,7,0,3,6
2553,3,1,25,3,32,0,3,25
2554,3,1,1,3,13,1,1,1
2555,4,3,13,3,13,0,1,4
2556,1,2,128,7,208,0,21,64
2557,0,2,7,2,7,2,7,3
2558,4,1,1,1,1,0,0,1
2559,6,1,6,2,12,0,0,6
2560,4,1,6,2,7,0,1,6
2561,2,1,6,1,6,0,0,6
2562,5,1,6,2,7,0,3,6
2563,6,1,6,1,6,0,2,6
2564,5,1,1,2,7,0,0,1
2565,6,1,1,2,7,0,0,1
2566,3,2,31,3,32,0,4,15
2567,4,1,1,1,1,0,0,1
2568,5,1,1,2,26,0,0,1
2569,6,2,2,2,2,0,0,1
2570,2,1,25,2,26,0,3,25
2571,4,1,98,3,202,0,16,98
2572,3,1,6,3,13,0,1,6
2573,0,7,32,7,32,1,4,4
2574,1,1,1,1,1,0,0,1
2575,5,1,1,2,7,0,0,1
2576,5,2,7,2,7,0,1,3
2577,3,1,1,1,1,0,0,1
2578,5,1,1,1,1,0,0,1
2579,6,1,6,1,6,0,0,6
2580,6,1,6,1,6,0,1,6
2581,5,1,6,2,7,0,1,6
2582,5,2,2,3,8,0,0,1
2583,4,3,222,4,223,0,44,74
2584,2,3,54,4,55,0,9,18
2585,3,1,6,2,7,0,0,6
2586,6,1,1,2,7,0,0,1
2587,5,1,30,4,62,0,4,30
2588,6,1,6,1,6,0,2,6
2589,3,1,6,2,7,0,0,6
2590,3,3,27,3,27,0,6,9
2591,0,10,527,11,528,1,75,52
2592,2,1,1,2,7,0,0,1
2593,0,1,6,3,13,0,2,6
2594,0,2,7,2,7,0,1,3
2595,6,2,7,2,7,0,1,3
2596,0,1,1,1,1,0,0,1
2597,0,1,1,1,1,0,0,1
2598,6,3,13,3,13,0,2,4
2599,5,2,7,2,7,0,2,3
2600,5,2,19,2,19,0,6,9
2601,4,1,1,1,1,0,0,1
2602,6,1,1,1,1,0,0,1
2603,4,2,2,3,8,0,0,1
2604,6,1,6,1,6,1,6,6
2605,3,1,6,2,7,0,0,6
2606,6,1,6,1,6,0,2,6
2607,3,2,2,2,2,0,0,1
2608,1,7,276,7,276,1,39,39
2609,4,1,1,1,1,0,0,1
2610,5,2,7,2,7,0,1,3
2611,5,2,7,2,7,0,1,3
2612,6,1,1,1,1,1,1,1
2613,3,1,1,1,1,0,0,1
2614,5,5,56,5,56,0,8,11
2615,4,1,6,1,6,0,1,6
2616,6,1,6,1,6,0,3,6
2617,5,4,130,4,130,2,65,32
2618,4,1,1,1,1,0,0,1
2619,5,2,7,2,7,0,1,3
2620,6,1,6,1,6,1,6,6
2621,4,7,208,7,208,1,29,29
2622,6,1,30,1,30,0,10,30
2623,5,1,1,1,1,0,0,1
2624,4,1,1,1,1,0,0,1
2625,0,1,1,1,1,0,0,1
2626,5,1,6,1,6,0,1,6
2627,5,2,7,2,7,0,1,3
2628,0,5,260,5,260,0,43,52
2629,5,1,1,1,1,0,0,1
2630,2,1,6,1,6,0,1,6
2631,4,2,7,2,7,0,2,3
2632,2,2,7,2,7,0,1,3
2633,2,2,128,2,128,0,32,64
2634,5,1,25,1,25,0,5,25
2635,5,1,6,1,6,0,1,6
2636,3,1,6,1,6,0,1,6
2637,1,1,6,1,6,0,1,6
2638,5,1,6,1,6,0,2,6
2639,4,1,1,1,1,0,0,1
2640,4,1,6,1,6,0,1,6
2641,3,2,2,2,2,0,0,1
2642,3,3,8,3,8,0,1,2
2643,3,1,6,1,6,0,1,6
2644,5,1,6,1,6,1,6,6
2645,1,2,2,2,2,0,0,1
2646,2,1,1,1,1,0,0,1
2647,4,2,7,2,7,2,7,3
2648,4,2,7,2,7,0,1,3
2649,4,1,6,1,6,1,6,6
2650,4,1,6,1,6,1,6,6
2651,3,2,2,2,2,0,0,1
2652,4,2,2,2,2,2,2,1
2653,0,2,7,2,7,0,1,3
2654,2,1,1,1,1,0,0,1
2655,4,2,26,2,26,1,13,13
2656,3,1,1,1,1,0,0,1
2657,3,2,7,2,7,0,1,3
2658,4,1,6,1,6,0,1,6
2659,3,2,2,2,2,0,0,1
2660,4,2,7,2,7,0,1,3
2661,4,1,6,1,6,0,1,6
2662,3,2,7,2,7,1,3,3
2663,3,3,56,3,56,1,18,18
2664,3,1,6,1,6,0,1,6
2665,3,1,1,1,1,0,0,1
2666,2,2,7,2,7,0,1,3
2667,3,1,25,1,25,0,6,25
2668,3,1,1,1,1,1,1,1
2669,2,1,1,1,1,0,0,1
2670,1,1,1,1,1,0,0,1
2671,3,1,18,1,18,0,4,18
2672,2,1,1,1,1,0,0,1
2673,3,1,6,1,6,0,2,6
2674,3,1,1,1,1,0,0,1
2675,1,2,7,2,7,0,1,3
2676,3,2,7,2,7,0,1,3
2677,0,2,7,2,7,1,3,3
2678,2,2,7,2,7,0,1,3
2679,0,3,8,3,8,0,2,2
2680,1,1,6,1,6,0,2,6
2681,3,1,6,1,6,1,6,6
2682,2,1,1,1,1,0,0,1
2683,1,3,205,3,205,0,51,68
2684,1,1,1,1,1,0,0,1
2685,2,1,6,1,6,0,1,6
2686,0,3,8,3,8,0,2,2
2687,0,3,32,3,32,0,8,10
2688,2,2,26,2,26,0,8,13
2689,1,1,1,1,1,0,0,1
2690,2,1,1,1,1,1,1,1
2691,0,5,63,5,63,1,21,12
2692,2,1,6,1,6,1,6,6
2693,2,1,6,1,6,0,2,6
2694,2,1,1,1,1,1,1,1
2695,2,2,7,2,7,0,2,3
2696,2,2,2,2,2,0,0,1
2697,1,2,7,2,7,0,2,3
2698,0,3,13,3,13,1,4,4
2699,2,2,2,2,2,2,2,1
2700,1,7,179,7,179,2,59,25
2701,2,1,1,1,1,0,0,1
2702,1,1,1,1,1,0,0,1
2703,0,4,57,4,57,2,28,14
2704,1,2,7,2,7,0,2,3
2705,2,1,6,1,6,0,3,6
2706,2,1,1,1,1,1,1,1
2707,2,1,6,1,6,0,3,6
2708,2,1,6,1,6,0,2,6
2709,0,1,1,1,1,0,0,1
2710,0,1,1,1,1,0,0,1
2711,0,1,1,1,1,0,0,1
2712,2,1,1,1,1,0,0,1
2713,1,1,6,1,6,0,2,6
2714,2,1,6,1,6,0,2,6
2715,0,2,7,2,7,0,2,3
2716,1,1,6,1,6,0,3,6
2717,1,2,2,2,2,1,1,1
2718,1,1,1,1,1,1,1,1
2719,1,2,7,2,7,1,3,3
2720,1,2,2,2,2,1,1,1
2721,1,1,1,1,1,0,0,1
2722,1,1,1,1,1,1,1,1
2723,1,1,6,1,6,0,3,6
2724,1,2,7,2,7,1,3,3
2725,1,2,7,2,7,1,3,3
2726,1,2,7,2,7,2,7,3
2727,1,1,1,1,1,0,0,1
2728,1,1,1,1,1,1,1,1
2729,1,3,13,3,13,1,6,4
2730,1,2,7,2,7,1,3,3
2731,1,1,1,1,1,0,0,1
2732,1,1,1,1,1,0,0,1
2733,0,2,7,2,7,1,3,3
2734,0,1,1,1,1,0,0,1
2735,1,3,20,3,20,1,10,6
2736,0,1,1,1,1,0,0,1
2737,0,1,1,1,1,0,0,1
2738,1,2,7,2,7,1,3,3
2739,1,3,8,3,8,1,4,2
2740,1,1,6,1,6,1,6,6
2741,0,1,1,1,1,0,0,1
2742,0,1,6,1,6,0,3,6
2743,0,2,7,2,7,1,3,3
2744,0,2,7,2,7,1,3,3
2745,0,1,6,1,6,0,3,6
2746,0,1,1,1,1,0,0,1
2747,0,1,1,1,1,1,1,1
2748,0,1,6,1,6,1,6,6
2749,0,1,6,1,6,1,6,6
2750,0,1,1,1,1,1,1,1
2751,0,2,2,2,2,2,2,1
2752,0,2,7,2,7,2,7,3
2753,0,1,1,1,1,1,1,1
2754,0,2,7,2,7,2,7,3
2755,0,1,6,1,6,1,6,6
2756,0,1,6,1,6,1,6,6
2757,0,1,1,1,1,1,1,1
2758,0,3,32,3,32,3,32,10
2759,0,2,7,2,7,2,7,3
2760,0,1,6,1,6,1,6,6
2761,0,2,7,2,7,2,7,3
2762,0,2,7,2,7,2,7,3
2763,0,1,1,1,1,1,1,1
2764,0,1,1,1,1,1,1,1
2765,0,1,1,1,1,1,1,1
2766,0,1,6,1,6,1,6,6
2767,3,2,7,2,7,2,7,3
2768,4,3,32,3,32,0,8,10
2769,3,2,7,2,7,2,7,3
2770,4,4,74,4,74,4,74,18
2771,2,2,2,2,2,2,2,1
2772,6,1,6,1,6,0,0,6
2773,0,2,55,37,457,0,7,27
2774,0,3,426,53,8374,0,60,142
2775,0,4,120,21,1223,0,17,30
2776,1,2,426,33,1140,0,71,213
2777,1,2,2,2,2,1,1,1
2778,5,1,1,2,7,0,0,1
2779,5,1,6,3,32,0,1,6
2780,2,1,25,8,114,0,3,25
2781,1,1,25,5,231,0,3,25
2782,2,1,6,2,7,0,0,6
2783,4,1,25,17,453,0,3,25
2784,2,1,1,1,1,0,0,1
2785,1,1,25,8,136,0,3,25
2786,4,1,6,3,13,0,3,6
2787,0,1,25,18,1475,0,3,25
2788,3,2,31,2,31,0,4,15
2789,1,10,1599,88,10425,1,228,159
2790,0,3,85,22,318,0,12,28
2791,4,1,1,1,1,0,0,1
2792,5,3,8,4,38,0,1,2
2793,1,1,18,3,25,0,3,18
2794,0,2,60,18,840,0,8,30
2795,1,1,6,3,13,0,0,6
2796,2,1,6,2,12,0,0,6
2797,1,2,12,9,118,0,1,6
2798,4,1,1,4,55,0,0,1
2799,1,1,6,19,606,0,0,6
2800,1,1,30,10,201,0,4,30
2801,1,3,61,7,191,0,8,20
2802,0,4,60,9,99,1,20,15
2803,1,2,7,2,7,0,2,3
2804,1,2,12,10,105,0,1,6
2805,0,1,6,2,7,0,0,6
2806,1,1,25,5,82,0,3,25
2807,1,2,60,12,238,0,8,30
2808,0,1,30,1,30,0,15,30
2809,5,1,25,6,173,0,3,25
2810,0,2,60,14,1468,0,8,30
2811,5,1,25,4,81,0,3,25
2812,0,1,1,1,1,0,0,1
2813,4,1,25,15,1279,0,3,25
2814,3,1,1,1,1,0,0,1
2815,0,1,25,1,25,1,25,25
2816,1,1,1,1,1,0,0,1
2817,0,1,30,10,240,0,4,30
2818,2,2,43,6,105,0,6,21
2819,1,2,31,4,57,1,15,15
2820,0,1,25,22,739,0,3,25
2821,0,3,30,7,61,3,30,10
2822,1,2,12,2,12,0,1,6
2823,6,2,2,2,2,0,0,1
2824,1,1,6,1,6,0,3,6
2825,0,2,1296,22,6990,0,185,648
2826,0,1,1,2,7,0,0,1
2827,1,5,1061,19,3135,0,151,212
2828,1,1,6,1,6,1,6,6
2829,6,2,7,2,7,0,1,3
2830,2,4,84,8,406,0,12,21
2831,5,2,31,3,32,0,4,15
2832,0,1,6,1,6,1,6,6
2833,0,1,6,5,20,0,0,6
2834,0,3,13,3,13,1,6,4
2835,1,1,6,6,50,0,0,6
2836,1,1,6,2,7,0,0,6
2837,0,3,85,14,1514,0,12,28
2838,2,1,6,1,6,0,2,6
2839,6,1,25,4,57,0,3,25
2840,1,1,6,3,32,0,1,6
2841,1,1,18,6,38,0,2,18
2842,5,1,6,2,12,0,0,6
2843,2,1,1,1,1,1,1,1
2844,1,3,129,15,287,0,18,43
2845,6,1,6,1,6,0,0,6
2846,1,1,18,5,56,0,2,18
2847,1,7,269,21,1108,1,38,38
2848,0,1,30,6,69,0,4,30
2849,0,3,61,14,480,0,8,20
2850,0,1,30,3,56,0,4,30
2851,6,1,1,1,1,0,0,1
2852,4,1,1,1,1,0,0,1
2853,0,1,1,2,7,0,0,1
2854,3,1,6,2,7,0,1,6
2855,2,9,482,11,513,1,68,53
2856,6,1,6,1,6,0,3,6
2857,1,3,44,4,50,0,11,14
2858,3,3,134,5,165,0,26,44
2859,4,1,18,5,143,0,2,18
2860,2,1,1,1,1,0,0,1
2861,2,4,103,6,110,0,17,25
2862,2,1,98,2,196,0,14,98
2863,0,5,426,7,457,0,60,85
2864,4,1,30,6,62,0,4,30
2865,4,1,6,1,6,0,2,6
2866,0,1,6,2,7,0,1,6
2867,1,7,179,8,185,1,25,25
2868,6,2,7,2,7,1,3,3
2869,1,1,25,4,38,0,3,25
2870,6,1,328,8,673,0,46,328
2871,5,1,1,2,7,0,0,1
2872,2,1,6,1,6,0,3,6
2873,0,1,1,1,1,0,0,1
2874,1,3,18,6,26,0,2,6
2875,1,1,6,3,13,0,2,6
2876,3,1,25,2,31,0,3,25
2877,0,1,18,8,1024,0,2,18
2878,2,1,6,1,6,0,0,6
2879,5,1,6,2,7,0,0,6
2880,2,1,1,1,1,1,1,1
2881,0,1,30,3,37,0,5,30
2882,1,1,1,1,1,0,0,1
2883,3,1,98,7,184,0,14,98
2884,6,2,2,2,2,0,0,1
2885,3,1,6,1,6,0,1,6
2886,0,22,1372,36,2184,3,196,62
2887,5,2,2,2,2,0,0,1
2888,3,2,19,2,19,0,2,9
2889,3,1,1,2,7,0,0,1
2890,4,1,25,3,32,0,3,25
2891,6,1,1,1,1,0,0,1
2892,6,2,7,2,7,0,1,3
2893,4,1,1,1,1,0,0,1
2894,6,1,1,1,1,0,0,1
2895,6,3,8,3,8,0,1,2
2896,0,4,67,5,68,1,16,16
2897,0,1,1,1,1,0,0,1
2898,5,1,30,2,36,0,4,30
2899,1,1,1,1,1,0,0,1
2900,5,1,1,1,1,0,0,1
2901,5,1,1,2,7,0,0,1
2902,5,1,6,3,25,0,0,6
2903,1,3,134,6,166,0,19,44
2904,4,1,1,1,1,0,0,1
2905,3,1,25,3,124,0,3,25
2906,3,1,1,3,37,0,0,1
2907,3,1,1,2,7,0,0,1
2908,3,2,26,3,32,0,3,13
2909,6,1,18,5,56,0,2,18
2910,6,1,6,1,6,0,0,6
2911,6,1,6,1,6,1,6,6
2912,1,1,6,1,6,0,0,6
2913,1,1,1,2,26,0,0,1
2914,1,1,18,3,25,0,2,18
2915,0,4,67,6,74,0,9,16
2916,6,1,1,1,1,0,0,1
2917,5,2,12,8,103,1,6,6
2918,5,1,1,1,1,0,0,1
2919,6,1,1,2,7,0,0,1
2920,4,1,30,6,69,0,4,30
2921,6,1,6,1,6,0,1,6
2922,6,1,6,3,32,0,0,6
2923,0,2,12,4,31,0,1,6
2924,5,2,2,2,2,0,0,1
2925,3,1,6,2,7,0,1,6
2926,1,1,6,1,6,0,0,6
2927,2,1,6,1,6,0,0,6
2928,2,1,1,2,7,0,0,1
2929,0,1,1,1,1,1,1,1
2930,6,1,1,1,1,0,0,1
2931,2,1,6,1,6,0,2,6
2932,5,2,2,2,2,0,0,1
2933,3,1,30,2,36,1,30,30
2934,3,1,1,1,1,0,0,1
2935,1,1,6,2,7,0,1,6
2936,6,3,8,3,8,3,8,2
2937,6,2,104,8,166,0,20,52
2938,4,1,1,1,1,0,0,1
2939,2,1,1,1,1,0,0,1
2940,6,1,6,1,6,0,1,6
2941,0,1,1,1,1,0,0,1
2942,5,1,1,1,1,0,0,1
2943,6,1,1,1,1,0,0,1
2944,6,2,7,2,7,0,2,3
2945,6,4,33,4,33,0,4,8
2946,4,1,6,1,6,0,1,6
2947,6,1,25,1,25,0,8,25
2948,5,1,1,1,1,0,0,1
2949,6,2,7,2,7,0,1,3
2950,5,1,6,1,6,0,1,6
2951,5,1,1,1,1,0,0,1
2952,5,2,7,2,7,0,1,3
2953,5,3,37,3,37,0,5,12
2954,6,2,7,2,7,0,1,3
2955,5,1,1,1,1,0,0,1
2956,5,4,33,4,33,1,8,8
2957,5,2,7,2,7,0,1,3
2958,1,1,6,1,6,0,0,6
2959,3,2,2,2,2,0,0,1
2960,5,1,1,1,1,0,0,1
2961,5,1,6,1,6,0,3,6
2962,4,1,1,1,1,0,0,1
2963,5,1,6,1,6,0,0,6
2964,6,1,6,1,6,0,1,6
2965,5,1,6,1,6,0,1,6
2966,5,1,1,1,1,1,1,1
2967,5,3,8,3,8,0,2,2
2968,3,1,6,1,6,0,2,6
2969,5,1,6,1,6,1,6,6
2970,3,1,6,1,6,0,1,6
2971,3,6,154,6,154,1,25,25
2972,4,2,7,2,7,0,1,3
2973,0,4,74,4,74,0,12,18
2974,4,4,38,4,38,0,6,9
2975,5,1,6,1,6,0,1,6
2976,4,1,1,1,1,0,0,1
2977,5,1,6,1,6,1,6,6
2978,2,4,55,4,55,0,9,13
2979,3,1,6,1,6,0,1,6
2980,5,1,6,1,6,0,1,6
2981,3,2,31,2,31,0,5,15
2982,5,1,1,1,1,0,0,1
2983,2,2,7,2,7,0,1,3
2984,2,3,32,3,32,0,5,10
2985,5,1,1,1,1,0,0,1
2986,4,2,26,2,26,0,4,13
2987,3,2,2,2,2,0,0,1
2988,0,4,38,4,38,0,6,9
2989,5,2,7,2,7,0,1,3
2990,2,2,19,2,19,0,3,9
2991,5,1,1,1,1,0,0,1
2992,4,1,6,1,6,0,2,6
2993,4,1,25,1,25,0,4,25
2994,4,1,6,1,6,0,3,6
2995,3,2,7,2,7,0,1,3
2996,3,5,160,5,160,1,32,32
2997,4,1,6,1,6,0,2,6
2998,2,1,1,1,1,0,0,1
2999,4,1,6,1,6,1,6,6
3000,3,2,26,2,26,0,8,13
3001,3,2,43,2,43,1,21,21
3002,1,3,129,3,129,0,25,43
3003,4,1,1,1,1,0,0,1
3004,4,2,24,2,24,2,24,12
3005,4,1,6,1,6,0,1,6
3006,4,1,1,1,1,1,1,1
3007,3,1,1,1,1,0,0,1
3008,4,1,6,1,6,0,1,6
3009,3,1,6,1,6,0,1,6
3010,4,1,1,1,1,0,0,1
3011,2,4,14,4,14,0,2,3
3012,3,1,1,1,1,1,1,1
3013,2,2,7,2,7,1,3,3
3014,2,2,7,2,7,0,1,3
3015,3,2,7,2,7,2,7,3
3016,3,1,30,1,30,0,7,30
3017,0,12,1031,12,1031,3,257,85
3018,3,2,2,2,2,0,0,1
3019,0,1,6,1,6,0,1,6
3020,3,1,1,1,1,1,1,1
3021,2,1,1,1,1,0,0,1
3022,3,1,1,1,1,1,1,1
3023,3,1,1,1,1,1,1,1
3024,3,2,7,2,7,0,1,3
3025,3,1,6,1,6,0,1,6
3026,3,1,6,1,6,0,1,6
3027,3,1,6,1,6,0,1,6
3028,0,2,7,2,7,0,1,3
3029,3,1,6,1,6,0,1,6
3030,2,1,1,1,1,0,0,1
3031,1,2,7,2,7,0,1,3
3032,3,1,1,1,1,0,0,1
3033,0,4,14,4,14,1,4,3
3034,3,3,8,3,8,3,8,2
3035,2,2,7,2,7,0,1,3
3036,2,1,6,1,6,1,6,6
3037,2,1,1,1,1,0,0,1
3038,2,1,6,1,6,0,3,6
3039,2,2,31,2,31,1,15,15
3040,1,1,1,1,1,0,0,1
3041,2,2,7,2,7,0,2,3
3042,2,2,2,2,2,0,0,1
3043,2,1,1,1,1,0,0,1
3044,2,1,6,1,6,0,2,6
3045,1,1,1,1,1,0,0,1
3046,2,2,7,2,7,0,2,3
3047,2,2,26,2,26,0,8,13
3048,0,1,18,1,18,0,6,18
3049,1,2,12,2,12,0,4,6
3050,0,2,31,2,31,0,10,15
3051,1,1,1,1,1,0,0,1
3052,1,2,7,2,7,0,2,3
3053,2,1,1,1,1,1,1,1
3054,1,2,7,2,7,0,2,3
3055,0,2,26,2,26,0,8,13
3056,1,1,6,1,6,0,2,6
3057,1,2,7,2,7,0,2,3
3058,1,1,1,1,1,0,0,1
3059,1,1,1,1,1,1,1,1
3060,0,3,8,3,8,1,4,2
3061,0,4,62,4,62,2,31,15
3062,1,1,1,1,1,1,1,1
3063,1,4,14,4,14,2,7,3
3064,0,2,7,2,7,1,3,3
3065,1,1,6,1,6,0,3,6
3066,1,1,1,1,1,1,1,1
3067,1,1,1,1,1,0,0,1
3068,1,2,31,2,31,1,15,15
3069,1,1,6,1,6,0,3,6
3070,1,1,1,1,1,1,1,1
3071,1,1,1,1,1,0,0,1
3072,0,1,1,1,1,0,0,1
3073,1,1,1,1,1,1,1,1
3074,0,1,6,1,6,0,3,6
3075,0,1,1,1,1,0,0,1
3076,0,1,6,1,6,0,3,6
3077,0,1,1,1,1,0,0,1
3078,1,1,1,1,1,0,0,1
3079,0,1,6,1,6,0,3,6
3080,0,1,1,1,1,0,0,1
3081,1,1,6,1,6,0,3,6
3082,0,1,6,1,6,0,3,6
3083,1,1,6,1,6,0,3,6
3084,0,1,6,1,6,0,3,6
3085,0,1,1,1,1,1,1,1
3086,0,2,7,2,7,2,7,3
3087,0,1,1,1,1,1,1,1
3088,0,2,7,2,7,2,7,3
3089,0,3,13,3,13,3,13,4
3090,0,2,7,2,7,2,7,3
3091,0,2,2,2,2,2,2,1
3092,0,7,123,7,123,7,123,17
3093,0,1,1,1,1,1,1,1
3094,0,3,32,3,32,3,32,10
3095,0,1,6,1,6,1,6,6
3096,0,1,1,1,1,1,1,1
3097,0,2,7,2,7,2,7,3
3098,0,1,6,1,6,1,6,6
3099,0,1,6,1,6,1,6,6
3100,0,1,1,1,1,1,1,1
3101,0,2,19,2,19,2,19,9
3102,0,1,6,1,6,1,6,6
3103,0,3,56,3,56,3,56,18
3104,0,1,1,1,1,1,1,1
3105,0,1,6,1,6,1,6,6
3106,0,7,208,7,208,7,208,29
3107,0,1,1,1,1,1,1,1
3108,0,2,2,2,2,2,2,1
3109,0,1,6,1,6,1,6,6
3110,4,2,7,2,7,0,1,3
3111,5,2,7,2,7,1,3,3
3112,0,1,6,1,6,1,6,6
3113,1,1,18,6,43,0,9,18
3114,1,1,30,12,516,0,4,30
3115,6,1,1,1,1,0,0,1
3116,5,4,147,4,147,1,49,36
3117,0,2,55,8,494,0,7,27
3118,0,1,1,1,1,0,0,1
3119,3,2,7,2,7,2,7,3
3120,2,2,26,2,26,0,8,13
3121,0,6,127,63,3577,0,18,21
3122,0,1,25,3,56,0,3,25
3123,3,2,2,2,2,0,0,1
3124,1,4,91,11,462,0,13,22
3125,6,1,25,19,501,0,3,25
3126,5,1,25,7,205,0,3,25
3127,2,1,6,4,57,0,0,6
3128,4,1,6,1,6,0,0,6
3129,0,2,19,3,25,0,3,9
3130,0,3,85,42,8853,0,12,28
3131,0,3,158,27,910,0,22,52
3132,1,2,24,6,55,0,4,12
3133,3,1,6,10,64,0,0,6
3134,6,4,31,4,31,0,4,7
3135,3,1,6,20,196,0,0,6
3136,3,2,60,9,168,0,8,30
3137,5,1,6,2,7,0,0,6
3138,3,1,25,28,2137,0,3,25
3139,1,2,48,12,215,0,6,24
3140,5,1,1,1,1,0,0,1
3141,0,7,85,42,763,1,12,12
3142,3,2,2,2,2,0,0,1
3143,1,1,30,16,1066,0,4,30
3144,1,2,2,2,2,1,1,1
3145,1,1,6,14,252,0,0,6
3146,0,2,7,2,7,2,7,3
3147,0,2,2,2,2,1,1,1
3148,1,1,98,16,343,0,14,98
3149,5,3,54,12,158,0,7,18
3150,1,2,7,3,25,0,1,3
3151,0,20,1434,43,4784,2,204,71
3152,1,1,1,3,13,0,0,1
3153,1,1,1,1,1,0,0,1
3154,1,1,25,4,57,0,4,25
3155,1,2,55,19,346,0,7,27
3156,1,1,6,3,8,0,0,6
3157,0,3,18,7,37,0,2,6
3158,0,1,25,4,57,0,3,25
3159,0,2,60,28,3101,0,8,30
3160,1,2,678,17,2177,0,96,339
3161,6,1,25,13,161,0,3,25
3162,1,3,129,10,240,0,18,43
3163,0,2,12,3,13,2,12,6
3164,2,3,27,4,33,0,3,9
3165,1,1,30,8,119,0,4,30
3166,1,1,1,1,1,1,1,1
3167,0,5,109,18,270,0,15,21
3168,4,4,240,18,509,0,34,60
3169,6,1,6,1,6,0,0,6
3170,4,1,25,21,766,0,3,25
3171,0,2,31,18,540,0,4,15
3172,1,2,31,20,420,0,4,15
3173,3,2,31,9,239,0,7,15
3174,1,2,31,10,233,0,4,15
3175,2,1,25,10,160,0,3,25
3176,3,1,6,1,6,0,1,6
3177,6,2,48,6,105,0,6,24
3178,0,1,6,6,67,1,6,6
3179,0,2,426,13,1901,0,60,213
3180,1,1,6,5,20,0,0,6
3181,3,1,25,4,57,0,3,25
3182,0,5,425,13,1110,0,60,85
3183,5,2,2,4,57,0,0,1
3184,3,1,6,5,63,0,0,6
3185,1,2,2,2,2,0,0,1
3186,2,2,7,2,7,0,1,3
3187,1,1,1,1,1,0,0,1
3188,1,2,31,5,75,0,4,15
3189,5,1,1,1,1,0,0,1
3190,0,1,30,2,31,0,7,30
3191,6,1,25,4,57,0,3,25
3192,5,1,1,1,1,0,0,1
3193,3,1,1,1,1,0,0,1
3194,3,5,25,5,25,0,3,5
3195,1,1,30,15,595,0,4,30
3196,5,1,6,2,7,0,0,6
3197,1,3,54,33,5456,0,7,18
3198,4,1,6,1,6,0,2,6
3199,1,4,79,7,135,0,11,19
3200,2,1,1,1,1,1,1,1
3201,4,1,25,3,51,0,6,25
3202,1,1,6,1,6,0,1,6
3203,5,1,6,1,6,0,1,6
3204,0,1,6,4,31,0,0,6
3205,1,1,6,1,6,0,1,6
3206,3,1,1,1,1,0,0,1
3207,2,1,6,2,7,0,0,6
3208,4,1,6,1,6,0,0,6
3209,0,1,30,11,239,0,5,30
3210,4,1,6,2,7,1,6,6
3211,4,2,31,10,543,0,4,15
3212,0,3,703,22,2731,0,100,234
3213,0,5,194,12,373,0,27,38
3214,0,2,60,6,202,0,8,30
3215,0,1,1,2,7,0,0,1
3216,0,1,6,1,6,1,6,6
3217,0,1,1,1,1,0,0,1
3218,6,2,2,2,2,0,0,1
3219,1,3,49,5,109,0,12,16
3220,2,1,1,1,1,0,0,1
3221,0,1,30,7,140,0,4,30
3222,1,1,1,2,7,0,0,1
3223,0,1,1,1,1,0,0,1
3224,3,1,25,6,57,0,3,25
3225,6,1,1,2,7,0,0,1
3226,5,1,1,1,1,1,1,1
3227,3,1,18,5,56,0,2,18
3228,5,1,6,1,6,1,6,6
3229,5,1,1,1,1,0,0,1
3230,6,1,6,1,6,0,0,6
3231,6,1,1,1,1,0,0,1
3232,2,1,1,2,7,0,0,1
3233,1,1,6,1,6,0,2,6
3234,2,1,1,1,1,0,0,1
3235,6,1,1,1,1,0,0,1
3236,1,3,20,3,20,1,10,6
3237,1,1,6,3,13,0,0,6
3238,6,1,1,1,1,0,0,1
3239,5,1,1,1,1,0,0,1
3240,1,1,648,7,1148,0,92,648
3241,4,1,6,1,6,0,0,6
3242,1,1,6,2,7,0,0,6
3243,2,2,7,2,7,0,1,3
3244,6,2,2,6,81,0,0,1
3245,2,1,18,3,44,0,2,18
3246,3,1,25,4,130,0,4,25
3247,1,1,6,1,6,0,0,6
3248,6,2,7,2,7,0,1,3
3249,2,2,48,5,61,0,6,24
3250,0,1,98,3,105,0,14,98
3251,2,4,38,4,38,0,5,9
3252,0,3,78,8,238,0,11,26
3253,4,1,6,1,6,0,1,6
3254,3,1,1,1,1,0,0,1
3255,1,1,30,5,63,0,4,30
3256,3,2,26,3,32,0,3,13
3257,5,1,1,1,1,0,0,1
3258,1,1,25,2,26,0,3,25
3259,1,4,884,10,1062,0,126,221
3260,5,1,1,1,1,0,0,1
3261,4,1,6,1,6,1,6,6
3262,6,1,6,2,31,0,0,6
3263,6,1,6,2,7,0,1,6
3264,1,2,2,2,2,0,0,1
3265,1,1,1,1,1,0,0,1
3266,6,2,24,4,31,0,8,12
3267,6,2,2,2,2,0,0,1
3268,6,2,7,2,7,0,1,3
3269,2,2,7,2,7,0,1,3
3270,3,1,6,2,31,0,0,6
3271,5,3,210,12,413,1,105,70
3272,6,1,1,1,1,0,0,1
3273,6,1,1,1,1,0,0,1
3274,6,1,1,1,1,0,0,1
3275,3,3,13,3,13,0,2,4
3276,2,2,2,2,2,0,0,1
3277,5,1,6,1,6,0,0,6
3278,5,1,1,1,1,0,0,1
3279,0,3,37,3,37,0,5,12
3280,2,1,6,1,6,0,0,6
3281,6,2,7,2,7,0,1,3
3282,1,1,1,2,7,0,0,1
3283,5,1,30,2,36,0,6,30
3284,6,1,6,1,6,0,2,6
3285,6,1,6,1,6,1,6,6
3286,6,1,1,1,1,1,1,1
3287,6,2,7,2,7,1,3,3
3288,6,2,7,2,7,0,1,3
3289,6,1,6,1,6,1,6,6
3290,6,2,31,2,31,0,6,15
3291,5,1,6,1,6,0,0,6
3292,6,1,1,1,1,0,0,1
3293,6,1,25,1,25,0,3,25
3294,1,4,62,4,62,0,8,15
3295,6,1,1,1,1,0,0,1
3296,6,3,13,3,13,0,1,4
3297,0,1,6,1,6,0,0,6
3298,2,2,7,2,7,0,1,3
3299,4,2,7,2,7,0,1,3
3300,6,1,6,1,6,0,1,6
3301,3,2,7,2,7,0,1,3
3302,4,1,6,1,6,0,1,6
3303,5,1,1,1,1,0,0,1
3304,4,1,6,1,6,0,1,6
3305,6,1,1,1,1,1,1,1
3306,3,2,7,2,7,0,1,3
3307,5,2,7,2,7,0,1,3
3308,6,1,1,1,1,1,1,1
3309,6,2,7,2,7,0,1,3
3310,5,2,7,2,7,0,1,3
3311,4,2,2,2,2,0,0,1
3312,5,1,1,1,1,0,0,1
3313,5,1,6,1,6,0,2,6
3314,5,1,1,1,1,0,0,1
3315,5,1,1,1,1,1,1,1
3316,5,2,2,2,2,0,0,1
3317,4,1,6,1,6,0,1,6
3318,0,3,105,3,105,0,26,35
3319,0,3,32,3,32,0,5,10
3320,1,3,32,3,32,0,5,10
3321,1,1,1,1,1,0,0,1
3322,4,1,6,1,6,0,1,6
3323,5,2,7,2,7,0,1,3
3324,4,1,1,1,1,0,0,1
3325,5,1,6,1,6,1,6,6
3326,1,2,12,2,12,0,2,6
3327,5,4,33,4,33,2,16,8
3328,5,2,7,2,7,0,1,3
3329,5,1,1,1,1,0,0,1
3330,4,1,1,1,1,0,0,1
3331,3,1,6,1,6,0,1,6
3332,0,7,32,7,32,1,5,4
3333,4,1,1,1,1,0,0,1
3334,4,1,1,1,1,0,0,1
3335,4,1,6,1,6,0,1,6
3336,2,1,6,1,6,0,1,6
3337,1,1,1,1,1,0,0,1
3338,2,3,32,3,32,0,6,10
3339,1,1,6,1,6,0,1,6
3340,3,1,6,1,6,0,1,6
3341,2,1,1,1,1,0,0,1
3342,3,2,2,2,2,1,1,1
3343,0,1,18,1,18,0,3,18
3344,2,1,1,1,1,0,0,1
3345,3,1,6,1,6,0,1,6
3346,0,3,32,3,32,0,6,10
3347,4,2,7,2,7,0,1,3
3348,0,2,55,2,55,0,18,27
3349,3,1,1,1,1,0,0,1
3350,4,4,33,4,33,0,6,8
3351,2,1,6,1,6,0,1,6
3352,3,1,6,1,6,0,2,6
3353,1,1,6,1,6,0,1,6
3354,3,1,1,1,1,1,1,1
3355,3,2,7,2,7,0,1,3
3356,3,1,1,1,1,1,1,1
3357,3,1,1,1,1,1,1,1
3358,2,1,6,1,6,0,3,6
3359,3,1,1,1,1,0,0,1
3360,1,1,1,1,1,0,0,1
3361,1,1,30,1,30,0,7,30
3362,3,3,13,3,13,1,4,4
3363,3,2,7,2,7,0,1,3
3364,0,3,37,3,37,0,9,12
3365,1,4,14,4,14,1,3,3
3366,2,7,208,7,208,1,52,29
3367,3,3,32,3,32,3,32,10
3368,3,1,6,1,6,0,2,6
3369,3,1,6,1,6,0,2,6
3370,1,2,7,2,7,0,2,3
3371,3,1,6,1,6,0,3,6
3372,2,1,1,1,1,0,0,1
3373,3,1,1,1,1,1,1,1
3374,2,2,2,2,2,0,0,1
3375,3,1,6,1,6,0,2,6
3376,2,2,7,2,7,0,1,3
3377,0,7,179,7,179,2,59,25
3378,1,1,6,1,6,0,2,6
3379,0,4,50,4,50,1,16,12
3380,2,1,6,1,6,1,6,6
3381,0,3,105,3,105,1,52,35
3382,0,12,735,12,735,4,245,61
3383,2,2,26,2,26,0,8,13
3384,1,1,1,1,1,0,0,1
3385,1,1,6,1,6,0,2,6
3386,2,1,6,1,6,0,2,6
3387,2,1,1,1,1,0,0,1
3388,2,1,6,1,6,0,2,6
3389,1,1,6,1,6,0,2,6
3390,0,1,6,1,6,0,2,6
3391,2,1,1,1,1,0,0,1
3392,1,2,7,2,7,0,2,3
3393,1,2,7,2,7,0,2,3
3394,0,2,12,2,12,0,4,6
3395,2,2,7,2,7,1,3,3
3396,1,4,55,4,55,1,18,13
3397,0,2,2,2,2,0,0,1
3398,1,2,7,2,7,1,3,3
3399,1,1,6,1,6,1,6,6
3400,0,1,6,1,6,0,3,6
3401,1,1,1,1,1,0,0,1
3402,0,1,1,1,1,0,0,1
3403,0,1,6,1,6,0,3,6
3404,0,1,6,1,6,0,3,6
3405,0,1,6,1,6,0,3,6
3406,0,5,66,5,66,2,33,13
3407,0,1,1,1,1,0,0,1
3408,0,1,6,1,6,0,3,6
3409,0,1,1,1,1,0,0,1
3410,0,3,129,3,129,1,64,43
3411,1,7,426,7,426,3,213,60
3412,0,1,1,1,1,0,0,1
3413,1,1,6,1,6,1,6,6
3414,0,3,32,3,32,1,16,10
3415,0,1,1,1,1,0,0,1
3416,1,1,1,1,1,0,0,1
3417,0,4,31,4,31,2,15,7
3418,0,1,1,1,1,0,0,1
3419,1,1,6,1,6,1,6,6
3420,0,1,6,1,6,1,6,6
3421,0,1,6,1,6,1,6,6
3422,0,3,32,3,32,3,32,10
3423,0,1,6,1,6,1,6,6
3424,0,1,1,1,1,1,1,1
3425,0,2,7,2,7,2,7,3
3426,0,1,6,1,6,1,6,6
3427,0,1,1,1,1,1,1,1
3428,0,1,6,1,6,1,6,6
3429,0,1,6,1,6,1,6,6
3430,0,7,201,7,201,7,201,28
3431,0,2,7,2,7,2,7,3
3432,0,1,1,1,1,1,1,1
3433,0,1,6,1,6,1,6,6
3434,0,2,7,2,7,2,7,3
3435,0,2,7,2,7,2,7,3
3436,0,2,7,2,7,2,7,3
3437,0,1,6,1,6,1,6,6
3438,0,1,6,1,6,1,6,6
3439,0,1,6,1,6,1,6,6
3440,0,2,7,2,7,0,2,3
3441,2,1,30,4,38,0,10,30
3442,0,1,6,7,111,0,1,6
3443,1,1,6,1,6,0,1,6
3444,4,1,25,1,25,0,12,25
3445,1,3,30,5,54,1,10,10
3446,1,1,25,13,803,0,6,25
3447,0,2,99,3,105,0,33,49
3448,1,6,1102,69,7983,0,157,183
3449,0,1,30,5,80,0,4,30
3450,0,2,36,27,1389,0,5,18
3451,1,1,6,11,185,0,0,6
3452,0,7,548,79,4651,1,78,78
3453,1,1,198,10,357,0,28,198
3454,0,3,66,38,2735,0,9,22
3455,1,2,24,8,55,0,3,12
3456,0,1,25,4,57,0,3,25
3457,2,1,25,23,589,0,3,25
3458,2,2,36,8,141,0,5,18
3459,0,1,18,2,19,1,18,18
3460,0,1,1,1,1,0,0,1
3461,1,2,31,12,432,0,4,15
3462,0,5,369,21,1505,0,52,73
3463,0,2,31,15,178,0,4,15
3464,3,1,25,10,451,0,3,25
3465,1,1,30,5,61,0,4,30
3466,4,1,6,1,6,0,0,6
3467,2,1,1,1,1,0,0,1
3468,0,3,85,23,2281,0,12,28
3469,0,2,26,2,26,2,26,13
3470,4,1,1,1,1,0,0,1
3471,1,1,6,8,158,0,0,6
3472,0,1,25,9,253,0,3,25
3473,2,1,6,7,364,0,1,6
3474,0,9,1758,23,2014,1,251,195
3475,4,1,25,5,63,0,3,25
3476,0,1,198,13,734,0,28,198
3477,0,4,120,26,3310,0,17,30
3478,0,1,98,14,307,0,14,98
3479,1,1,25,7,106,0,3,25
3480,4,1,25,4,76,0,3,25
3481,2,1,25,4,38,0,3,25
3482,1,2,7,2,7,0,1,3
3483,0,1,25,4,57,0,3,25
3484,0,1,6,2,7,0,1,6
3485,5,1,25,5,82,0,3,25
3486,5,1,30,17,1108,0,4,30
3487,1,1,18,9,123,0,2,18
3488,4,2,2,2,2,1,1,1
3489,0,4,84,18,353,0,12,21
3490,0,1,6,1,6,1,6,6
3491,6,1,1,1,1,0,0,1
3492,1,1,1,7,128,0,0,1
3493,1,1,30,7,111,0,4,30
3494,1,1,6,1,6,0,1,6
3495,2,1,1,1,1,0,0,1
3496,0,5,109,8,122,2,54,21
3497,1,3,30,35,1394,0,4,10
3498,0,1,25,8,107,0,3,25
3499,0,9,497,20,772,1,71,55
3500,6,1,18,4,31,0,2,18
3501,3,1,25,4,76,0,3,25
3502,1,1,6,1,6,1,6,6
3503,0,4,103,15,706,0,14,25
3504,0,5,54,5,54,0,9,10
3505,1,1,25,14,1737,0,3,25
3506,2,1,198,5,631,0,66,198
3507,0,5,604,18,1095,0,86,120
3508,6,1,1,1,1,0,0,1
3509,0,1,6,3,13,0,3,6
3510,3,1,6,13,1191,0,0,6
3511,4,1,1,1,1,0,0,1
3512,1,2,24,5,73,0,8,12
3513,0,1,25,10,432,0,3,25
3514,4,1,6,8,55,0,0,6
3515,2,1,1,1,1,0,0,1
3516,5,5,32,7,56,1,8,6
3517,4,1,18,4,50,0,2,18
3518,1,1,18,4,74,0,6,18
3519,0,8,2043,42,8053,1,291,255
3520,0,5,1067,13,2124,0,152,213
3521,0,1,25,15,1065,0,3,25
3522,1,2,55,6,69,0,7,27
3523,0,2,31,5,63,0,4,15
3524,3,1,6,1,6,0,1,6
3525,2,1,25,4,38,0,3,25
3526,1,1,25,4,57,0,3,25
3527,4,1,6,1,6,0,3,6
3528,0,1,1,1,1,1,1,1
3529,1,1,18,11,123,0,2,18
3530,0,3,61,19,2176,0,8,20
3531,0,1,1,2,7,0,0,1
3532,6,1,25,3,32,0,3,25
3533,0,6,149,12,257,0,21,24
3534,2,1,1,1,1,0,0,1
3535,1,2,7,2,7,0,1,3
3536,0,2,7,2,7,0,2,3
3537,0,2,7,2,7,1,3,3
3538,4,1,18,4,31,0,2,18
3539,0,4,424,12,1128,0,60,106
3540,5,1,25,1,25,0,4,25
3541,1,1,6,2,12,0,0,6
3542,4,2,12,6,55,0,1,6
3543,1,2,2,2,2,0,0,1
3544,3,1,1,2,7,0,0,1
3545,5,1,1,1,1,0,0,1
3546,6,1,6,3,13,0,2,6
3547,5,2,24,3,25,0,4,12
3548,2,1,1,1,1,0,0,1
3549,1,2,55,3,56,0,7,27
3550,4,1,6,4,31,0,0,6
3551,1,1,6,1,6,0,0,6
3552,0,1,6,1,6,0,1,6
3553,5,2,2,2,2,0,0,1
3554,0,1,1,1,1,1,1,1
3555,6,1,6,1,6,0,1,6
3556,0,1,25,4,28,0,4,25
3557,0,1,6,2,7,0,0,6
3558,5,1,1,1,1,0,0,1
3559,0,1,1,1,1,1,1,1
3560,1,1,1,1,1,0,0,1
3561,4,1,25,1,25,0,6,25
3562,1,1,1,2,7,0,0,1
3563,5,1,1,2,26,0,0,1
3564,5,4,14,4,14,0,2,3
3565,1,1,6,7,73,0,0,6
3566,5,1,1,1,1,0,0,1
3567,6,2,31,2,31,0,4,15
3568,3,1,6,2,7,0,0,6
3569,3,2,12,3,13,0,1,6
3570,4,1,1,1,1,0,0,1
3571,1,2,128,6,159,0,18,64
3572,6,1,1,2,7,0,0,1
3573,1,1,6,2,7,0,0,6
3574,6,2,24,4,31,0,4,12
3575,1,1,6,1,6,0,2,6
3576,4,1,1,1,1,0,0,1
3577,2,1,1,1,1,0,0,1
3578,4,1,1,1,1,0,0,1
3579,4,1,6,1,6,0,1,6
3580,6,1,1,2,7,1,1,1
3581,0,1,18,3,20,0,9,18
3582,6,2,7,2,7,1,3,3
3583,0,1,98,4,111,0,14,98
3584,4,1,6,1,6,0,1,6
3585,5,1,6,1,6,0,0,6
3586,6,3,8,3,8,1,2,2
3587,1,1,1,1,1,0,0,1
3588,6,1,6,6,38,0,0,6
3589,4,1,1,1,1,0,0,1
3590,2,1,1,1,1,0,0,1
3591,6,1,6,1,6,0,0,6
3592,3,1,1,1,1,0,0,1
3593,0,1,6,3,13,0,0,6
3594,5,2,2,2,2,0,0,1
3595,5,1,6,1,6,0,1,6
3596,5,1,1,1,1,0,0,1
3597,0,1,1,1,1,0,0,1
3598,0,1,1,2,7,0,0,1
3599,6,1,1,1,1,1,1,1
3600,5,1,6,1,6,0,1,6
3601,5,1,6,1,6,0,0,6
3602,6,1,1,1,1,0,0,1
3603,2,3,32,3,32,0,4,10
3604,6,1,6,1,6,0,1,6
3605,6,1,1,1,1,1,1,1
3606,2,8,404,9,405,1,57,50
3607,3,1,6,1,6,0,1,6
3608,5,4,57,4,57,0,8,14
3609,4,1,1,1,1,0,0,1
3610,6,1,6,2,7,0,1,6
3611,6,3,13,3,13,0,1,4
3612,6,1,1,1,1,0,0,1
3613,3,2,26,2,26,0,5,13
3614,6,1,6,1,6,0,3,6
3615,4,2,24,2,24,0,3,12
3616,6,1,1,1,1,0,0,1
3617,5,1,1,1,1,0,0,1
3618,4,7,56,7,56,1,9,8
3619,6,1,1,1,1,0,0,1
3620,5,2,7,2,7,0,1,3
3621,5,1,1,1,1,0,0,1
3622,5,2,7,2,7,0,1,3
3623,5,1,6,1,6,0,0,6
3624,5,1,1,1,1,0,0,1
3625,5,2,7,2,7,0,2,3
3626,3,2,7,2,7,0,1,3
3627,5,2,7,2,7,0,1,3
3628,6,1,1,1,1,0,0,1
3629,5,1,1,1,1,0,0,1
3630,5,1,1,1,1,0,0,1
3631,6,2,7,2,7,0,1,3
3632,5,1,1,1,1,0,0,1
3633,6,2,7,2,7,0,1,3
3634,1,3,13,3,13,0,1,4
3635,6,1,1,1,1,0,0,1
3636,1,3,27,3,27,0,3,9
3637,5,2,2,2,2,0,0,1
3638,2,6,110,6,110,1,18,18
3639,5,3,44,3,44,0,7,14
3640,4,2,7,2,7,0,1,3
3641,5,1,6,1,6,0,1,6
3642,3,3,13,3,13,0,3,4
3643,5,2,12,2,12,0,2,6
3644,3,2,12,2,12,0,2,6
3645,3,5,136,5,136,0,22,27
3646,5,1,6,1,6,0,1,6
3647,5,4,33,4,33,1,11,8
3648,5,1,1,1,1,0,0,1
3649,3,1,6,1,6,0,1,6
3650,5,1,6,1,6,0,1,6
3651,1,2,12,2,12,0,2,6
3652,1,4,55,4,55,0,9,13
3653,4,2,7,2,7,0,1,3
3654,4,3,32,3,32,0,6,10
3655,0,1,1,1,1,0,0,1
3656,4,1,1,1,1,0,0,1
3657,4,2,7,2,7,0,1,3
3658,4,1,6,1,6,0,1,6
3659,1,4,111,4,111,0,22,27
3660,2,3,13,3,13,0,3,4
3661,2,2,7,2,7,0,1,3
3662,4,3,32,3,32,1,16,10
3663,3,2,7,2,7,0,1,3
3664,2,1,1,1,1,0,0,1
3665,4,2,7,2,7,0,2,3
3666,1,4,351,4,351,0,70,87
3667,3,1,1,1,1,0,0,1
3668,4,1,1,1,1,0,0,1
3669,4,1,1,1,1,1,1,1
3670,4,1,1,1,1,0,0,1
3671,0,2,31,2,31,0,7,15
3672,3,1,1,1,1,0,0,1
3673,2,1,1,1,1,0,0,1
3674,2,2,7,2,7,0,1,3
3675,4,1,1,1,1,0,0,1
3676,4,3,32,3,32,1,10,10
3677,3,1,1,1,1,0,0,1
3678,1,1,1,1,1,0,0,1
3679,3,1,18,1,18,0,6,18
3680,2,2,7,2,7,0,1,3
3681,1,2,7,2,7,0,1,3
3682,4,2,7,2,7,1,3,3
3683,4,1,1,1,1,1,1,1
3684,0,2,7,2,7,0,1,3
3685,3,2,7,2,7,1,3,3
3686,3,1,6,1,6,1,6,6
3687,3,1,1,1,1,0,0,1
3688,3,2,7,2,7,0,1,3
3689,3,1,1,1,1,0,0,1
3690,3,1,1,1,1,0,0,1
3691,3,1,6,1,6,1,6,6
3692,3,1,1,1,1,1,1,1
3693,3,1,1,1,1,0,0,1
3694,3,1,6,1,6,1,6,6
3695,2,2,7,2,7,0,1,3
3696,3,2,7,2,7,2,7,3
3697,2,2,7,2,7,0,2,3
3698,3,1,1,1,1,0,0,1
3699,1,1,1,1,1,0,0,1
3700,2,1,1,1,1,0,0,1
3701,3,1,1,1,1,0,0,1
3702,3,1,6,1,6,0,1,6
3703,2,2,7,2,7,1,3,3
3704,2,3,27,3,27,0,6,9
3705,0,2,7,2,7,0,1,3
3706,2,1,6,1,6,0,1,6
3707,3,1,6,1,6,1,6,6
3708,2,3,32,3,32,0,8,10
3709,2,1,1,1,1,0,0,1
3710,3,1,1,1,1,1,1,1
3711,1,3,32,3,32,1,10,10
3712,2,2,2,2,2,0,0,1
3713,2,1,1,1,1,0,0,1
3714,3,1,1,1,1,0,0,1
3715,1,1,6,1,6,0,1,6
3716,2,1,1,1,1,0,0,1
3717,2,1,6,1,6,0,3,6
3718,1,1,6,1,6,0,3,6
3719,1,1,1,1,1,0,0,1
3720,2,1,6,1,6,0,2,6
3721,0,3,56,3,56,1,18,18
3722,2,1,1,1,1,1,1,1
3723,1,5,104,5,104,1,34,20
3724,2,2,2,2,2,0,0,1
3725,0,1,25,1,25,0,8,25
3726,1,1,6,1,6,0,2,6
3727,0,3,32,3,32,1,10,10
3728,2,1,6,1,6,0,2,6
3729,1,1,6,1,6,0,2,6
3730,1,1,1,1,1,0,0,1
3731,0,2,7,2,7,0,2,3
3732,1,2,7,2,7,0,2,3
3733,2,2,7,2,7,1,3,3
3734,1,1,1,1,1,0,0,1
3735,0,3,32,3,32,1,10,10
3736,0,3,8,3,8,1,2,2
3737,2,2,7,2,7,1,3,3
3738,2,2,2,2,2,1,1,1
3739,1,1,1,1,1,0,0,1
3740,0,9,208,9,208,3,69,23
3741,2,1,6,1,6,1,6,6
3742,1,3,32,3,32,1,10,10
3743,1,1,1,1,1,0,0,1
3744,1,1,1,1,1,0,0,1
3745,1,1,1,1,1,0,0,1
3746,1,1,6,1,6,0,2,6
3747,1,1,6,1,6,1,6,6
3748,1,3,32,3,32,1,16,10
3749,1,1,6,1,6,0,3,6
3750,1,3,56,3,56,1,28,18
3751,1,1,6,1,6,1,6,6
3752,1,1,1,1,1,1,1,1
3753,1,4,62,4,62,2,31,15
3754,1,1,1,1,1,1,1,1
3755,1,1,1,1,1,0,0,1
3756,1,1,1,1,1,0,0,1
3757,1,1,1,1,1,1,1,1
3758,0,1,1,1,1,0,0,1
3759,1,1,6,1,6,0,3,6
3760,1,3,32,3,32,1,16,10
3761,1,2,2,2,2,1,1,1
3762,1,1,1,1,1,1,1,1
3763,0,1,1,1,1,0,0,1
3764,0,1,1,1,1,0,0,1
3765,0,2,7,2,7,2,7,3
3766,0,1,1,1,1,1,1,1
3767,0,1,1,1,1,1,1,1
3768,0,1,1,1,1,1,1,1
3769,0,1,1,1,1,1,1,1
3770,0,1,6,1,6,1,6,6
3771,0,1,1,1,1,1,1,1
3772,0,2,2,2,2,2,2,1
3773,0,1,6,1,6,1,6,6
3774,0,1,6,1,6,1,6,6
3775,0,5,104,5,104,5,104,20
3776,0,1,6,1,6,1,6,6
3777,0,1,6,1,6,1,6,6
3778,0,1,1,1,1,1,1,1
3779,0,2,7,2,7,2,7,3
3780,0,3,8,3,8,3,8,2
3781,0,1,1,1,1,1,1,1
3782,0,1,1,1,1,1,1,1
