日期,沉睡保险箱结余,沉睡身上携带,活跃保险箱余额,活跃身上携带,游戏币发放,纯消耗,日活跃用户,月活跃用户数,日活跃/月活跃,登陆用户数,日ARPPU,日充值总额,日付费用户数,首付用户数,付费次数,日新增用户,累增用户,在线均值,在玩均值,最高在线,在玩峰值,玩牌人数,没玩牌人数,台费消耗,破产用户数,30日流失
2015/2/1,33509199 ,91715069 ,75285112 ,144190968 ,12010870 ,10739030 ,273633,1208187,0.23,241337,34.00,61685,1814,150,3703,5187,6526370,12903,7252,33423,14501,169941,273633,7502192200,14000,484842
2015/2/2,33551352 ,91826094 ,75104606 ,144030405 ,10173427 ,10555737 ,266170,1201088,0.22,232868,25.01,45950,1855,167,3622,5466,6531836,12776,7227,31873,13707,165996,266170,7869743120,13940,491110
2015/2/3,33710089 ,91933886 ,75316301 ,145099484 ,11797781 ,10719592 ,263994,1192915,0.22,233279,32.19,56353,1751,134,3532,5648,6537484,12808,7290,33451,14323,163441,263994,7690082800,13739,496554
2015/2/4,33859971 ,92110100 ,75871794 ,147527972 ,14251275 ,10636037 ,272156,1185782,0.23,239112,49.00,81591,1665,123,3442,4841,6542325,12325,6901,34491,14687,167328,272156,7660858960,13192,503106
2015/2/5,33958756 ,92325366 ,75621876 ,147979523 ,11374206 ,11138256 ,274758,1178374,0.23,242275,28.34,50362,1777,174,3459,3961,6546286,12812,7157,34587,13906,170786,274758,8072314060,13842,508197
2015/2/6,34043025 ,92430919 ,75496596 ,149396942 ,12994231 ,11656361 ,273585,1173244,0.23,240909,39.28,64896,1652,134,3362,3452,6549738,13199,7481,34815,14884,173562,273585,8689348850,13468,510325
2015/2/7,34170008 ,92529971 ,75974968 ,149301797 ,12925528 ,12307228 ,268261,1169130,0.23,235092,39.73,66751,1680,136,3462,5009,6554747,12541,7091,33481,14309,174044,268261,9130239910,13495,511365
2015/2/8,34277293 ,92659852 ,75907394 ,150485767 ,13707317 ,12055833 ,259689,1166155,0.22,227658,42.71,70435,1649,127,3545,4775,6559522,12310,6987,32351,14173,166440,259689,8346701290,13289,510526
2015/2/9,34371994 ,92729949 ,75753928 ,151784767 ,12381278 ,11152076 ,246912,1162442,0.21,208295,41.66,70742,1698,145,3607,5199,6564721,12099,6977,30434,13277,163930,246912,8523886210,13472,512732
2015/2/10,34464348 ,92792062 ,75549912 ,151078161 ,9805542 ,10598163 ,236789,1157742,0.2,207418,28.98,46884,1618,113,3329,5068,6569789,12022,6990,32270,13494,161460,236789,8105228550,13205,516187
2015/2/11,34514968 ,92962357 ,75995694 ,152385286 ,12872131 ,10933798 ,236353,1149147,0.21,204510,42.49,70834,1667,138,3482,3889,6573678,11637,6707,32907,14220,160280,236353,8128572350,12577,520600
2015/2/12,34603331 ,93125857 ,75444022 ,154268612 ,12751624 ,11108627 ,251469,1141318,0.22,219103,41.39,67299,1626,123,3519,3642,6577320,12452,7158,33689,14341,168468,251469,8261993880,13587,526988
2015/2/13,34814518 ,93354167 ,76150061 ,153479445 ,11925613 ,11376495 ,250250,1139502,0.22,217825,38.59,60587,1570,119,3308,3862,6581182,12230,7010,33325,14002,167705,250250,8481942570,13253,525422
2015/2/14,34963820 ,93605506 ,76568084 ,153307527 ,11076978 ,10930508 ,255495,1136387,0.22,224235,35.44,53731,1516,111,3246,3444,6584626,11747,6646,31654,13333,162481,255495,7825703070,12627,523867
2015/2/15,35030668 ,93782793 ,77108410 ,153836201 ,10174522 ,9335184 ,249678,1126959,0.22,218563,34.59,52156,1508,112,3023,3254,6587880,10988,6182,32197,13851,157787,249678,7064008340,11500,529053
2015/2/16,35188156 ,93951723 ,77374083 ,152578369 ,10543469 ,10375145 ,264603,1126191,0.23,233240,32.66,53173,1628,117,3372,4337,6592217,12248,6966,32084,13810,169332,264603,7761990120,13255,528434
2015/2/17,35223232 ,94105183 ,78107658 ,151535306 ,10573671 ,11430138 ,263684,1126002,0.23,233158,26.76,44105,1648,143,3345,4550,6596767,12489,7140,32278,13750,168438,263684,8017067620,13384,527462
2015/2/18,35321197 ,94301008 ,76858987 ,153555951 ,13762182 ,12254323 ,266018,1119904,0.24,233645,38.13,62970,1652,135,3391,3971,6600738,12273,6929,33701,14017,169073,266018,7895805330,12907,529471
2015/2/19,35419135 ,94512038 ,77240445 ,154884172 ,12194990 ,10918301 ,268986,1111963,0.24,236189,39.68,65585,1655,132,3410,4138,6604876,12403,7001,34096,14095,172937,268986,8273173920,12852,535002
2015/2/20,35636931 ,94792881 ,77841073 ,155115960 ,12881445 ,11600224 ,270761,1106957,0.24,238327,40.33,63736,1584,136,3279,4334,6609210,12816,7362,34072,14579,175513,270761,8221881480,14015,537056
2015/2/21,35878878 ,94932930 ,77709140 ,154335018 ,10521491 ,10962018 ,270393,1105955,0.24,238023,32.15,50042,1558,127,3059,3762,6612972,12719,7323,25012,13359,176773,270393,8251800670,13954,536752
2015/2/22,36027673 ,95111437 ,77393646 ,156498699 ,13890937 ,11531416 ,268834,1106972,0.24,236115,45.15,74182,1643,133,3528,3565,6616537,12442,7137,22930,12984,173119,268834,8269774170,13884,535105
2015/2/23,36082192 ,95381451 ,77344261 ,156675180 ,11204356 ,11119130 ,259366,1105618,0.23,228312,32.72,53850,1646,149,3380,4379,6620916,12175,7036,20795,11544,168987,259366,8115468730,13625,537553
2015/2/24,36232715 ,95553615 ,76785911 ,156674574 ,9810046 ,10249695 ,257778,1104325,0.23,228124,30.00,46070,1551,134,3052,3780,6624696,12155,7079,21032,11380,164313,257778,7943839510,13391,539374
2015/2/25,36412886 ,95701318 ,77220363 ,156681887 ,11902099 ,11481564 ,259629,1101351,0.24,228248,34.62,55532,1604,136,3285,3616,6628312,12442,7253,24274,12521,169217,259629,8272610130,13896,538851
2015/2/26,36455458 ,95877922 ,76793621 ,157452952 ,12396268 ,11386714 ,271183,1097371,0.25,237961,37.58,61148,1627,132,3289,3189,6631501,12486,7040,25635,13067,173083,271183,8320341630,13527,537793
2015/2/27,36652089 ,96129967 ,76493103 ,157593673 ,11212650 ,11179003 ,269881,1094677,0.25,237249,34.64,56634,1635,130,3433,3354,6634855,12493,7080,25665,12852,174409,269881,8857728140,13608,535432
2015/2/28,36741248 ,96300465 ,77156440 ,158238119 ,12837277 ,11510563 ,267906,1093595,0.24,235573,38.16,64083,1687,145,3566,3345,6638200,12538,7131,24177,12455,174718,267906,8219138070,13459,532470
2015/3/1,36843662 ,96485460 ,76368015 ,159899073 ,13591857 ,12262052 ,266328,1093062,0.24,233462,41.29,72338,1752,145,3666,3263,6641463,12358,7062,23074,12457,170029,266328,8634409230,13742,530128
2015/3/2,36894677 ,96706466 ,76494817 ,160487297 ,13197781 ,11680164 ,261590,1091396,0.24,229878,41.35,73243,1775,147,3725,3958,6645421,12302,7080,22841,11704,168170,261590,8757005660,13493,526570
2015/3/3,36992693 ,96875507 ,77050750 ,161650489 ,12667652 ,11599051 ,256018,1090453,0.23,224979,38.91,67710,1740,146,3835,4030,6649451,12508,7289,24056,12390,166445,256018,8938418080,13545,520537
2015/3/4,37410822 ,97311060 ,77095272 ,160419086 ,12184205 ,8157720 ,217697,1085797,0.2,197187,35.54,56531,1593,136,3495,3133,6652584,10304,5806,20197,12166,149868,217697,8383328220,6850,515743
2015/3/5,37487071 ,97464111 ,76138776 ,164027734 ,14138043 ,13405790 ,215699,1083740,0.2,183767,40.76,57923,1421,138,3410,3347,6655931,11372,6517,23723,11533,146339,215699,9126661960,8034,510018
2015/3/6,37515315 ,97674181 ,75927057 ,165727526 ,13597198 ,11116756 ,191631,1081783,0.18,160001,49.76,69220,1394,129,3364,3169,6659100,10620,6191,23527,11581,139368,191631,8694258480,12428,504803
2015/3/7,37580177 ,97819939 ,75393822 ,166053560 ,10953462 ,10411786 ,195996,1081547,0.18,165002,34.27,46401,1354,136,3040,3032,6662132,10481,6070,26600,12088,142012,195996,8201227430,11421,499506
2015/3/8,37628842 ,97887152 ,75436927 ,167709149 ,13872116 ,11827379 ,263243,1082545,0.24,229398,44.10,62053,1407,125,3210,3476,6665608,12015,6699,25220,12315,162538,263243,8795127290,11898,495075
2015/3/9,37647254 ,97935228 ,75341269 ,169265726 ,14923513 ,12459381 ,260430,1084254,0.24,226733,47.43,62266,1315,119,3194,3556,6669164,12312,6930,24495,11973,164804,260430,9230470160,11802,491442
2015/3/10,37741265 ,98057829 ,76102057 ,170146056 ,12932347 ,11993466 ,262892,1087202,0.24,230513,37.94,53327,1407,143,3218,3599,6672763,12388,7012,25582,12519,166272,262892,9158212100,12505,488971
2015/3/11,37807516 ,98202853 ,76503986 ,171274792 ,12963540 ,11206729 ,268031,1088844,0.25,233463,43.78,60730,1387,113,3273,3492,6676255,12045,6588,25240,11712,158145,268031,7896700690,11794,485167
2015/3/12,37891802 ,98333307 ,76582425 ,171906697 ,12609571 ,11081827 ,274738,1093204,0.25,241288,41.90,59789,1427,150,3289,3722,6679977,12278,6837,26886,13040,159777,274738,8181982320,12592,480582
2015/3/13,37948896 ,98397254 ,75839659 ,173187973 ,13043696 ,13186871 ,271784,1100031,0.25,236414,38.13,54721,1431,114,3304,3950,6683927,12480,7092,26284,13267,161908,271784,9271384280,13437,472108
2015/3/14,37957237 ,98436297 ,75638553 ,173231633 ,12231489 ,12136851 ,281622,1109181,0.25,248347,34.30,51927,1522,171,3497,4014,6687941,12604,7156,26242,13126,164276,281622,9548945960,13622,464240
2015/3/15,38130225 ,98435520 ,75404647 ,174557871 ,14935556 ,13040020 ,277129,1118458,0.25,243427,45.70,73861,1634,239,3850,4107,6692048,12379,6973,25854,13147,160429,277129,9724272640,13153,460935
2015/3/16,38174636 ,98493390 ,75562464 ,175023472 ,12802238 ,12767715 ,267358,1127177,0.24,233673,34.49,55400,1623,223,3708,4497,6696545,12251,6998,24468,12399,169317,267358,9980594430,13182,457230
2015/3/17,38486608 ,98982060 ,75201536 ,174534802 ,13261160 ,11884307 ,265591,1138290,0.23,232596,42.25,63248,1504,196,3649,4560,6701105,12474,7164,25459,13280,167726,265591,9359907980,12974,448093
2015/3/18,38770725 ,99494355 ,74754849 ,174022507 ,13327470 ,12298447 ,269678,1141902,0.24,235270,41.63,63591,1526,206,3721,4262,6705367,12184,6926,26090,13270,169695,269678,9603266420,12841,446673
2015/3/19,39011099 ,100072060 ,74534005 ,173444801 ,13614879 ,12862318 ,276110,1144750,0.24,243184,42.94,61450,1434,123,3289,6061,6711428,12274,6980,24892,13416,174873,104004,4915588440,13257,446157
2015/3/20,38922595 ,99944090 ,74854713 ,178644107 ,12556219 ,12534755 ,274157,1151781,0.24,239419,38.73,50178,1305,111,3082,6268,6717696,12245,6964,24439,12789,173793,103157,6633113300,12699,440785
2015/3/21,39119905 ,99845064 ,75858294 ,177962353 ,12137678 ,11128214 ,270956,1157841,0.23,235375,37.79,51399,1373,127,3277,5944,6723640,11973,6579,24622,12155,161057,112565,3981500620,12300,434327
2015/3/22,39229641 ,99892094 ,77343946 ,177504411 ,12585669 ,11675985 ,266471,1162667,0.23,231625,43.74,60438,1392,129,3269,5133,6728773,11992,6773,25011,12856,164935,104001,4598880690,13134,430672
2015/3/23,39266332 ,99924392 ,76681248 ,178003953 ,10887170 ,11620107 ,260331,1163747,0.22,226378,36.88,49263,1335,122,2982,4650,6733423,11815,6729,23921,12077,159625,103236,4743679920,12716,429960
2015/3/24,39221973 ,100033076 ,76092389 ,176085248 ,11729390 ,12762778 ,262306,1164905,0.23,228658,34.79,47150,1351,121,3045,6374,6739797,11992,6859,24939,12545,164004,100945,4821121370,12897,431343
2015/3/25,39253279 ,100219767 ,76142415 ,177159092 ,11862207 ,11621205 ,277052,1168809,0.24,238354,41.35,55758,1346,131,3046,5386,6745183,11951,6680,25899,13193,168050,111441,4516579070,12677,430112
2015/3/26,39343655 ,100464473 ,76348800 ,177094917 ,12919883 ,12035290 ,274551,1170178,0.23,239087,42.89,58432,1373,135,3274,6189,6751372,12020,6752,25698,12819,170655,106351,4681483170,13103,429216
2015/3/27,39358604 ,100632171 ,77227525 ,176594621 ,12721921 ,12173335 ,273845,1170851,0.23,236848,40.18,54747,1372,142,3032,4743,6756115,12031,6760,25171,12333,169539,106823,4814282880,12912,427872
2015/3/28,39409047 ,100885234 ,76823245 ,177807397 ,12272845 ,11826865 ,261433,1167394,0.22,227827,41.12,54049,1324,121,3070,3879,6759994,11397,6372,23157,11117,163273,261433,8779434540,12384,426631
2015/3/29,39523160 ,101167164 ,76498248 ,179607362 ,14349692 ,12505613 ,259736,1163620,0.22,226625,48.95,67765,1399,123,3289,4181,6764175,11525,6506,23879,11981,162911,259736,9344199920,12522,426423
2015/3/30,39881275 ,101301250 ,75737885 ,180214049 ,13203509 ,12429670 ,257041,1160742,0.22,225219,44.73,60732,1367,104,3311,5261,6769436,11554,6543,22929,11321,160351,257041,9020091570,12569,426998
2015/3/31,40134650 ,101462212 ,76071017 ,178006587 ,11853535 ,12135426 ,253068,1157629,0.22,221966,39.27,52142,1324,124,3071,5285,6774721,11471,6524,23719,11701,157567,253068,9491491360,12315,427870
2015/4/1,40409430 ,101662937 ,79556419 ,180929477 ,14143266 ,12785355 ,252934,1156031,0.22,221176,49.89,65268,1306,116,3016,5138,6779859,11124,6204,24616,12205,157336,98162,4481919450,11794,427392
2015/4/2,39658065 ,101913600 ,77892319 ,181537137 ,13040352 ,12061053 ,260792,1155772,0.23,222055,46.68,63902,1366,102,3188,6263,6786122,11491,6433,24942,12233,158708,260792,9081566260,12242,407022
2015/4/3,36829238 ,102200775 ,63282977 ,181604486 ,12649719 ,12368954 ,261900,1157955,0.23,227986,41.66,55559,1333,117,3137,6332,6792454,11348,6311,23652,11621,158496,105373,4492864690,11994,413539
2015/4/4,34333668 ,102243958 ,59077755 ,182402423 ,12743061 ,11869988 ,243052,1154457,0.21,208962,46.06,57091,1243,116,2937,5871,6798325,10952,6120,22574,11079,153346,243052,9093517650,8781,413343
2015/4/5,34416144 ,102377620 ,58995279 ,183067480 ,12420266 ,11271654 ,178172,1150655,0.15,146869,49.87,60928,1217,83,3006,3424,6801749,9881,5808,22289,10948,132541,178172,9137343580,11513,413333
2015/4/6,34450407 ,102661441 ,58961015 ,183910079 ,12202753 ,11518307 ,167646,1147475,0.15,136950,43.49,58182,1339,126,3518,3323,6805072,9702,5776,22398,10853,126574,167646,9131371090,11312,406872
2015/4/7,34435749 ,102844952 ,58975673 ,183718252 ,12470878 ,12096925 ,202751,1143287,0.18,172679,44.19,55021,1242,94,2965,4056,6809128,10297,5945,23959,11204,136419,202751,9183407740,11518,407189
2015/4/8,34491683 ,103237515 ,58919739 ,183220564 ,12762415 ,12279769 ,264614,1143547,0.23,233294,41.15,52083,1273,105,2994,8220,6817348,11414,6243,24420,12034,158215,109015,8781818860,11639,408202
2015/4/9,34468312 ,103652600 ,58943111 ,185005224 ,14362947 ,12719706 ,260197,1142838,0.23,225596,57.37,72954,1273,97,3053,7632,6824980,11640,6470,25150,12511,157645,104979,4913126250,12253,419916
2015/4/10,34595635 ,104027763 ,58815787 ,187047052 ,14892275 ,11935090 ,267798,1144349,0.23,232594,62.16,76893,1245,106,3005,7139,6832119,11795,6522,24286,11883,160209,267798,9269773150,12494,421492
2015/4/11,34986413 ,104258238 ,58425009 ,188130236 ,13249873 ,12020775 ,270621,1145289,0.24,237122,45.47,58883,1296,111,3081,9843,6841962,11796,6492,23787,11618,161002,270621,9490659300,12494,425673
2015/4/12,35065746 ,104600643 ,58682754 ,189374796 ,13832944 ,12228028 ,250720,1146965,0.22,210289,50.19,61735,1233,126,2945,8065,6850027,11222,6290,21316,10637,147621,250720,9585696220,12075,431527
2015/4/13,35155199 ,105077870 ,58530830 ,188899340 ,10981467 ,11070609 ,208677,1135581,0.18,179844,41.44,46639,1133,94,2779,12842,6862869,9802,5578,19493,9438,127728,208677,8728773340,10197,440610
2015/4/14,35247347 ,105539417 ,57740382 ,189255651 ,11379391 ,10636050 ,219232,1125210,0.19,194168,52.63,50044,960,66,2518,13798,6876667,9652,5426,20262,9735,129756,219232,8307673920,9791,450376
2015/4/15,35379399 ,106122517 ,58421637 ,189910045 ,12067909 ,10262844 ,241745,1116061,0.22,201724,52.01,51703,1012,65,2381,11521,6888188,9991,5574,21110,10225,133963,241745,7645668450,9779,463151
2015/4/16,35583176 ,107193854 ,58063288 ,189728427 ,12111181 ,11381659 ,249185,1112674,0.22,220957,48.66,49684,1040,84,2482,9587,6897775,10980,6083,23990,11664,145161,249185,9014611560,10864,473485
2015/4/17,35416270 ,106631834 ,58711366 ,190876880 ,13103314 ,12011835 ,266957,1125691,0.24,234402,46.72,51056,1092,98,2545,9888,6907663,11967,6634,25193,12691,160813,266957,9334916650,12735,473607
2015/4/18,35264503 ,106147106 ,58933524 ,193600567 ,15493341 ,13192453 ,281862,1130943,0.25,245639,49.32,57376,1160,113,2672,9567,6917230,12226,6687,26463,13226,164709,120051,4637784820,13122,475932
2015/4/19,35111680 ,105648006 ,58653502 ,196940934 ,15202970 ,12680562 ,277678,1134660,0.24,242019,49.04,59228,1213,116,2804,8723,6925953,11936,6494,25421,12662,162770,117707,4534583550,12582,481384
2015/4/20,35056351 ,105937845 ,59799327 ,197306116 ,14567508 ,12937484 ,274412,1134717,0.24,241496,49.94,55591,1114,82,2742,9828,6935781,12008,6592,24986,12199,161139,116036,5132095220,12535,486270
2015/4/21,35163808 ,106288929 ,60212391 ,196581624 ,13328577 ,13148931 ,279211,1136816,0.25,245997,39.73,45560,1148,106,2584,7341,6943122,12287,6816,25651,12468,162253,119827,4992635910,12664,489010
2015/4/22,35153075 ,106498471 ,60012832 ,197924812 ,12964456 ,11585597 ,293048,1143982,0.26,251608,48.18,52738,1091,96,2558,6521,6949643,11873,6445,26327,12721,162250,134359,4565354190,12942,510641
2015/4/23,35151432 ,106709929 ,59769934 ,198169484 ,12593318 ,12296481 ,265595,1145994,0.23,230589,47.02,53064,1127,92,2745,5863,6955506,11899,6717,26380,13022,157401,110878,4648463300,13355,511878
2015/4/24,35177417 ,106958320 ,60157982 ,197895085 ,13739516 ,13510955 ,258663,1144024,0.23,219319,46.79,52749,1126,101,2613,6579,6962085,11775,6679,25917,12976,159569,102126,5200846780,13476,214584
2015/4/25,35283074 ,107272227 ,60858354 ,199374750 ,16289961 ,13678976 ,250423,1143821,0.22,214468,51.46,59876,1156,119,2786,5150,6967235,11902,6812,25559,12957,149116,103724,4954529740,12967,231191
2015/4/26,35219202 ,107625652 ,59919482 ,201168343 ,14803725 ,13680089 ,254418,1138958,0.22,220672,47.54,54319,1126,105,2481,3422,6970657,11723,6679,25431,12649,148624,107942,4790382120,12527,247123
2015/4/27,35262674 ,107868165 ,60565685 ,200226613 ,13352666 ,13415101 ,237245,1139759,0.21,203470,41.27,47156,1141,111,2603,4729,6975386,11602,6684,24528,12121,154076,86073,5051092370,12926,259379
2015/4/28,35244179 ,108038514 ,60458379 ,200167848 ,12468859 ,12501931 ,220172,1140874,0.19,189343,40.17,42962,1073,95,2329,5988,6981374,11501,6653,25160,12292,146952,77126,4732064200,12465,271339
2015/4/29,35314501 ,108375095 ,60809154 ,200837749 ,13586568 ,12143496 ,236875,1143139,0.21,203938,49.80,51494,1036,90,2375,3805,6985179,11342,6374,25380,12398,148995,90283,4499878300,12201,283684
2015/4/30,35359433 ,108618414 ,60525978 ,201790958 ,13819327 ,12777106 ,245179,1145471,0.21,212255,49.97,56989,1139,92,2703,3418,6988597,11484,6402,22987,10911,157743,89579,4603646940,12313,295446
2015/5/1,35358960 ,108806859 ,60712368 ,201760425 ,13008117 ,12778835 ,244239,1149426,0.21,211259,45.93,54209,1178,100,2658,4190,6992787,11849,6704,24506,11831,160369,86475,4902190220,13266,15409
2015/5/2,35498797 ,108947094 ,61206244 ,202907765 ,14697196 ,12821056 ,250591,1149414,0.22,217876,60.62,66065,1089,102,2476,4854,6997641,11174,6153,24013,11496,159441,94145,4702336650,12649,30617
2015/5/3,35535329 ,109100643 ,61236271 ,203312968 ,13769849 ,13265652 ,253182,1150663,0.22,219580,44.57,55744,1261,151,2685,5466,7003107,11183,6139,23934,11492,154184,102048,4663770300,12233,45304
2015/5/4,35523259 ,109328978 ,61327813 ,203336149 ,13811577 ,13352928 ,252855,1155567,0.22,214897,47.26,57798,1229,147,2779,4726,7007833,10983,6093,23441,11006,152885,102939,4867651700,12508,58393
2015/5/5,35558106 ,109527756 ,61350535 ,202292481 ,11434341 ,12226377 ,237330,1160665,0.2,206607,35.85,42969,1196,151,2633,5487,7013320,10963,6186,23338,11255,151698,89331,4572927590,12464,71043
2015/5/6,35592934 ,109690188 ,61774095 ,201286913 ,11925522 ,12363118 ,245599,1167346,0.21,213145,38.25,46985,1234,135,2767,5099,7018419,11170,6337,24616,12162,151034,97743,4709981270,13270,82526
2015/5/7,35692088 ,109921355 ,62582568 ,202153589 ,14525248 ,12593496 ,245784,1171958,0.21,213494,50.88,61099,1204,134,2728,4928,7023347,11106,6272,25021,12213,151917,96990,4576968650,13683,94800
2015/5/8,35820261 ,110126218 ,62839165 ,202236463 ,12841219 ,12158332 ,241428,1174313,0.21,209239,37.80,42975,1141,124,2472,5006,7028353,11308,6419,26077,12987,149126,95379,4232798060,12901,109075
2015/5/9,35855031 ,110531614 ,63079667 ,204728967 ,16866956 ,13554720 ,240027,1176624,0.2,207417,60.25,70500,1188,151,2775,4967,7033320,11673,6834,25620,12459,158125,85021,4687660850,13880,122511
2015/5/10,35914202 ,110811557 ,62263649 ,207723593 ,16928234 ,14395597 ,258782,1175009,0.22,227446,59.76,73618,1232,157,2803,4849,7038169,11443,6493,24662,11953,154828,107098,5027705930,13468,137252
2015/5/11,36068205 ,111146054 ,63354767 ,205962092 ,13314763 ,13477102 ,257699,1169896,0.22,225598,43.34,53404,1229,154,2613,5079,7043248,11277,6407,23838,11545,151077,109778,4876136150,13763,155662
2015/5/12,36189563 ,111615190 ,61789629 ,205955031 ,14282298 ,15283023 ,251684,1165643,0.22,220277,39.89,45419,1137,125,2440,4873,7048121,11372,6543,24033,11854,151688,103000,4901847440,13813,170375
2015/5/13,36234669 ,112020329 ,62245595 ,205702451 ,14987271 ,14332124 ,251405,1170884,0.21,0,40.42,47448,1178,126,2589,4673,7052794,11150,6324,25130,12138,155126,99176,4590088260,13476,180638
2015/5/14,36278425 ,112402528 ,63624660 ,207120762 ,18327128 ,15752662 ,272183,1195739,0.23,0,51.56,58075,1127,142,2535,4422,7057216,10816,6021,24171,11850,149881,124857,4542149220,12607,191791
2015/5/15,36354966 ,112701964 ,63030266 ,209114121 ,14554183 ,12890868 ,243338,1182381,0.21,0,43.50,52121,1200,120,2642,3693,7060909,10843,6110,23379,11263,148904,96691,4696951820,13588,203814
2015/5/16,36462700 ,113081280 ,63431193 ,209825157 ,15230577 ,13646936 ,237677,1176588,0.2,0,42.85,51531,1201,138,2731,2681,7063590,10599,5888,23909,12067,143997,95312,4664912860,12597,219914
2015/5/17,36827566 ,113595765 ,64152559 ,209905297 ,14609422 ,12954808 ,241026,1169516,0.21,0,44.83,53623,1196,136,2733,2432,7066022,10618,5901,23873,12370,141809,100822,4623176440,12225,236909
2015/5/18,36902184 ,113985443 ,64770061 ,208609265 ,13623407 ,13849028 ,223973,1160282,0.19,0,43.94,51776,1178,128,2598,3066,7069088,10483,6002,22902,11784,139999,85965,4873726330,12729,253986
2015/5/19,36991985 ,114459484 ,63733286 ,208227608 ,14568820 ,15437293 ,237138,1153475,0.21,0,46.15,53257,1150,133,2623,2952,7072040,10805,6118,23159,11902,139671,99433,5182426070,12522,268808
2015/5/20,37080411 ,114914564 ,64215828 ,208475929 ,14584040 ,13326841 ,239114,1148452,0.21,0,38.83,45736,1174,119,2544,2485,7074525,10382,5693,24724,12280,137726,102976,4430127590,12063,283708
2015/5/21,37182628 ,115340226 ,65045834 ,207348157 ,14206400 ,14037141 ,250008,1145552,0.22,0,37.38,43412,1161,125,2549,3189,7077714,10435,5715,23254,11276,139986,111699,4490440390,12020,478440
2015/5/22,37132030 ,115327273 ,65445178 ,210258601 ,17584275 ,15681096 ,257516,1136930,0.23,0,50.58,60429,1194,135,2776,2894,7080608,10751,5898,24646,12286,145080,114212,4742177430,12417,488308
2015/5/23,37666634 ,116194691 ,65934295 ,207437840 ,13871619 ,14038747 ,258432,1133588,0.23,0,40.08,48767,1217,142,2706,3855,7084463,10709,5864,24395,12154,142114,118774,4083723710,12461,491016
2015/5/24,37758272 ,116613276 ,65055128 ,206362763 ,15684192 ,16228414 ,251574,1132327,0.22,0,45.69,55054,1205,143,2763,4028,7088491,10804,6034,23361,11592,144170,109790,4447006800,13329,489278
2015/5/25,37939518 ,117027246 ,64472915 ,204996557 ,14180846 ,15525606 ,244594,1127921,0.22,0,40.54,47179,1170,157,2603,3569,7092060,10610,5974,23217,11413,141673,105174,4556943730,12721,491465
2015/5/26,38023185 ,117481274 ,64946285 ,204948523 ,25824890 ,24840999 ,250299,1129290,0.22,0,44.21,50169,1131,121,2544,3988,7096048,10423,5851,21613,9850,130348,122307,5264361550,12593,488168
2015/5/27,38147741 ,118243944 ,63766355 ,204727698 ,14900196 ,15442927 ,244191,1127739,0.22,0,50.88,60153,1182,135,2527,4856,7100904,10355,5679,24323,11435,140854,106285,4868902880,12011,491487
2015/5/28,38312191 ,118609537 ,64995711 ,201753494 ,14960746 ,16222603 ,251832,1129329,0.22,0,43.23,53607,1239,154,2761,4890,7105794,10593,5845,24218,11759,144200,110260,4652081330,12472,492929
2015/5/29,38416692 ,119111688 ,63649821 ,201779747 ,14766097 ,15484756 ,228971,1130072,0.2,0,43.62,53851,1232,155,2851,5008,7110802,10248,5768,23313,11366,132086,99656,4294835420,12597,494624
2015/5/30,38455891 ,119506137 ,62787340 ,201606438 ,13023643 ,13644829 ,219835,1130905,0.19,0,34.36,48401,1404,161,2893,4495,7115297,10260,5812,24275,11844,128717,93672,4448413790,12574,496661
2015/5/31,38466761 ,119811028 ,61969350 ,204284657 ,15095176 ,12930575 ,220939,1129112,0.2,0,51.92,70974,1367,131,3029,4517,7119814,10088,5751,23714,11484,128248,95240,4267360450,12491,501194
2015/6/1,38556222 ,120264368 ,62410754 ,204050325 ,15304637 ,14610042 ,224291,1128945,0.2,0,48.26,66501,1377,127,3018,5484,7125298,10305,5879,22690,10933,133852,93589,4898459760,12998,500512
2015/6/2,38599284 ,120495216 ,62550786 ,204845343 ,14927963 ,13733359 ,211055,1123833,0.19,0,47.91,65334,1360,147,2896,5442,7130740,10278,6001,22661,10929,130455,83749,4497956900,12703,503707
2015/6/3,38686831 ,120654278 ,62533307 ,206321133 ,15367223 ,13670864 ,223659,1121004,0.2,0,48.11,66276,1377,143,2971,4925,7135665,9898,5575,23605,11571,131806,94551,4315884030,12045,507437
2015/6/4,38673210 ,120929336 ,61926093 ,208074235 ,17498006 ,16116447 ,238901,1116803,0.21,0,49.30,65469,1324,139,2946,4647,7140312,10237,5751,23721,11848,136588,104949,4862939480,12179,515239
2015/6/5,38762558 ,121413563 ,61634863 ,208462593 ,15531907 ,14886079 ,235245,1112313,0.21,0,44.62,57631,1289,133,2828,5360,7145672,10319,5814,24045,11826,137541,100669,4538750050,12224,522048
2015/6/6,38757596 ,121801741 ,62422476 ,207507296 ,16225714 ,16045375 ,233457,1109406,0.21,0,40.80,62237,1522,185,3203,4652,7150324,10084,5616,23433,11425,134530,101359,4829340320,11990,526674
2015/6/7,38656272 ,122111818 ,62730698 ,207608062 ,14424064 ,13810746 ,232759,1106784,0.21,0,34.00,52284,1537,222,3122,4169,7154493,10123,5626,23437,11144,132835,102312,4275115680,12048,529186
2015/6/8,38748196 ,122391951 ,63443436 ,205790409 ,13184886 ,13934761 ,233818,1104455,0.21,0,33.15,49362,1488,205,3104,4650,7159143,10139,5662,22709,10737,132187,104235,4759557500,10198,531021
2015/6/9,38643173 ,122798140 ,63133770 ,204825777 ,13558145 ,14544859 ,230054,1102973,0.21,0,33.45,46508,1390,206,2904,4825,7163968,10215,5699,23321,10697,129994,102836,5009679280,8787,529478
2015/6/10,38740981 ,123054534 ,61703629 ,206030211 ,13351831 ,13198768 ,233839,1099750,0.21,0,34.02,47748,1400,178,2879,4123,7168091,9817,5373,23368,10811,130474,105567,4241944060,8715,526860
2015/6/11,38798302 ,123355829 ,61956098 ,206523017 ,14555056 ,13285110 ,232169,1095046,0.21,0,41.39,59263,1429,173,2970,4093,7172184,9815,5416,23463,11090,129597,104688,4475497250,9526,525341
2015/6/12,38848723 ,123733331 ,61972152 ,205376086 ,13502916 ,14213530 ,231103,1088905,0.21,0,31.58,44389,1398,184,2854,4318,7176502,9924,5472,24383,11455,135076,98251,4137471250,9727,533398
2015/6/13,38937316 ,124155779 ,61768223 ,206089729 ,15947497 ,14957437 ,229745,1061852,0.22,0,40.50,56858,1404,200,3093,4364,7180866,9955,5506,23654,11012,134630,97270,4100110240,9672,562094
2015/6/14,38899280 ,124680775 ,61504411 ,206364823 ,14516042 ,14081563 ,234323,1063404,0.22,0,36.64,52470,1423,196,3112,4030,7184896,9972,5430,23673,10697,133280,102675,4110772180,9820,548554
2015/6/15,38624470 ,124719339 ,61354435 ,206956741 ,15682860 ,15504114 ,230792,1068906,0.22,0,37.88,53423,1410,188,2949,4209,7189105,10005,5545,23019,10513,135229,97399,4352512650,10317,542703
2015/6/16,38628794 ,125014527 ,62148278 ,206697754 ,15123504 ,14307237 ,231051,1074281,0.22,0,38.35,50774,1321,161,2866,4072,7193177,10156,5647,23741,10727,133982,99149,3839922780,10022,537393
2015/6/17,38648491 ,125281553 ,61698976 ,207763333 ,16693254 ,15787114 ,228098,1078873,0.21,0,39.73,52132,1312,187,2862,2927,7196104,9780,5375,23694,11356,133198,96555,3918114940,10351,529861
2015/6/18,38668587 ,125531751 ,62066545 ,208605379 ,18846493 ,17172450 ,228514,1082018,0.21,0,41.81,55882,1336,175,2990,3521,7199625,9798,5388,22788,10550,132987,97286,3914825930,12101,524676
2015/6/19,38696414 ,125802928 ,62552772 ,208739021 ,16330028 ,15372992 ,235900,1086082,0.22,0,39.90,53377,1337,162,2969,4391,7204016,9782,5346,23621,10820,136990,101282,3948157720,15807,519911
2015/6/20,38786755 ,125931503 ,62486388 ,207771846 ,15790689 ,16568279 ,234423,1086140,0.22,0,36.57,50629,1375,173,2936,4426,7208442,9770,5330,22936,10614,136496,100197,3933940600,16403,517212
2015/6/21,38796983 ,126125950 ,61958660 ,208111543 ,15349304 ,15268230 ,232886,1083924,0.21,0,36.74,50251,1367,154,2912,4185,7212627,9611,5270,22593,10717,134368,100851,4172493700,16512,509081
2015/6/22,38926209 ,126335121 ,61368308 ,207934232 ,16888564 ,17393797 ,237072,1084432,0.22,0,34.07,44941,1318,165,2701,5017,7217644,9785,5308,22244,10241,135922,103874,4253786340,16753,506257
2015/6/23,38965337 ,126679444 ,61210673 ,206712850 ,15209737 ,16171469 ,236209,1082463,0.22,0,32.11,41785,1301,157,2709,4700,7222344,9850,5447,22594,10529,134775,104038,4235619880,16757,506340
2015/6/24,39012789 ,127013617 ,63155656 ,217012915 ,27979349 ,15306316 ,228781,1076523,0.21,0,102.38,143461,1397,156,3468,5240,7227584,9411,5117,23053,10703,129733,101140,4055567200,15963,504109
2015/6/25,39031901 ,127226603 ,64575903 ,231190391 ,30480517 ,14634476 ,217185,1069786,0.2,0,106.30,164168,1544,176,3888,5398,7232982,9317,5053,21902,10308,119127,100133,4269611130,15590,508919
2015/6/26,39164965 ,127638570 ,68925537 ,244492402 ,34657602 ,16468257 ,198048,1065322,0.19,0,124.92,190120,1521,147,4152,6109,7239091,9136,5064,21454,10243,113010,86866,4638666380,15829,508471
2015/6/27,39102677 ,127819011 ,75411437 ,255945533 ,35255270 ,17118067 ,190848,1051962,0.18,0,124.89,188105,1506,140,4169,5014,7244105,8867,4844,21613,10076,110841,81548,4480643140,15750,518030
2015/6/28,39166610 ,128250696 ,72215905 ,257435159 ,15729346 ,16927439 ,189794,1037425,0.18,0,24.41,38328,1563,189,3163,5463,7249568,8846,4914,20702,9902,108745,82442,4621087820,15319,527493
2015/6/29,39260430 ,128529437 ,70817053 ,254045927 ,12365047 ,16848786 ,190638,1029674,0.19,0,11.97,17405,1449,196,2837,5316,7254884,9041,5028,20678,9586,112596,79818,4899899230,15383,530292
2015/6/30,39337052 ,128773286 ,69575002 ,250041344 ,12784165 ,17722765 ,195487,1021706,0.19,0,17.72,23204,1288,157,2610,5101,7259985,9068,5036,20565,9368,117524,79893,5150711320,15162,531978
2015/7/1,39520767 ,129301896 ,69485509 ,245845086 ,11857905 ,15454609 ,205344,1010378,0.2,0,17.15,23912,1436,183,3118,5325,7265310,9010,4869,21937,10021,122805,84099,4756369430,14901,535035
2015/7/2,39638814 ,129544131 ,68424751 ,242915516 ,12966200 ,16587648 ,208136,1002782,0.21,0,17.21,25273,1468,192,3032,3373,7268683,9180,5019,21578,9808,123497,86283,4845568110,15734,533155
2015/7/3,39672707 ,129940176 ,66889870 ,238763224 ,13893717 ,19052043 ,209323,998025,0.21,0,15.43,23006,1484,181,3076,6633,7275316,9250,4996,22174,9837,115430,95736,4140744160,16080,528948
2015/7/4,39741460 ,132186310 ,66154962 ,232871436 ,12870620 ,17120462 ,215607,993847,0.22,0,16.31,23018,1409,156,2888,5173,7280489,9150,4935,21676,9723,126616,90967,4480736540,15695,526364
2015/7/5,39731702 ,132425534 ,65424468 ,230182297 ,13384837 ,16527284 ,212047,987569,0.21,0,19.78,27562,1393,175,3120,3071,7283560,9122,4900,21198,9314,125228,88419,4471339550,15699,525070
2015/7/6,39791137 ,132616107 ,64414032 ,230808856 ,16638390 ,16785664 ,207483,982592,0.21,0,36.49,49881,1367,176,2884,3189,7286749,9144,4977,20728,9210,124070,85238,4344121160,16309,523484
2015/7/7,39846027 ,132868722 ,65457268 ,227519096 ,13917995 ,15915423 ,207857,977426,0.21,0,27.29,35157,1287,168,2828,3252,7290001,9132,4968,21516,9565,121816,87898,4122063240,15872,522201
2015/7/8,39897388 ,133430602 ,64471096 ,226292340 ,13690884 ,15286399 ,211505,969849,0.22,0,28.92,39640,1366,162,2956,3972,7293973,9050,4865,21345,9908,123082,90429,4451417770,15871,522608
2015/7/9,39860085 ,133697750 ,64975758 ,223618438 ,14407336 ,16331806 ,213458,962388,0.22,0,30.99,39651,1279,140,2717,5524,7299497,9215,5013,21709,10057,118687,97049,4681795190,16463,524486
2015/7/10,40222813 ,134076023 ,66897375 ,219462731 ,13180391 ,14648551 ,205736,958690,0.21,0,27.21,35299,1297,177,2736,5100,7304597,8719,4671,21715,10023,121474,86352,4236497230,15342,523391
2015/7/11,40022339 ,134322876 ,62946386 ,221690189 ,13927625 ,15628764 ,207322,955326,0.22,0,28.44,37124,1297,153,2693,5196,7309793,9017,4918,21279,10097,123473,86036,4589365790,16756,521380
2015/7/12,40102430 ,134586140 ,63612560 ,219364430 ,12302201 ,13573999 ,203731,951638,0.21,0,20.31,26395,1298,151,2500,4940,7314733,9278,5275,21159,9415,120989,84786,3709761160,14898,517302
2015/7/13,40167088 ,134905119 ,61377945 ,218108524 ,13322886 ,16409570 ,190093,947820,0.2,0,22.26,30523,1369,197,2765,5031,7319764,8843,4901,20238,9123,122300,70266,4600825210,16819,492736
2015/7/14,40192185 ,133442250 ,60593865 ,218486999 ,13485962 ,15362154 ,200981,942693,0.21,0,25.47,32372,1254,169,2642,5319,7325083,9101,5031,21520,9812,121398,82206,4238439970,17055,496721
2015/7/15,40266903 ,133854604 ,59663472 ,218258265 ,14197409 ,14848193 ,200413,936341,0.21,0,32.68,37366,1246,133,2640,4305,7329388,8967,4803,21594,10209,122437,80065,4144743810,16624,504551
2015/7/16,40312155 ,134248347 ,60377248 ,217096766 ,15312550 ,15059507 ,197920,926036,0.21,0,34.76,45594,1305,112,2879,4378,7333766,9169,5012,21498,10042,127193,72846,4516671120,17567,512442
2015/7/17,40394977 ,134621710 ,60469189 ,217031083 ,17404206 ,14323943 ,190432,918835,0.21,0,44.95,47787,1063,86,2383,4358,7338124,9088,4990,20841,9693,116161,76447,4701954380,17939,518531
2015/7/18,40524135 ,134924872 ,60329895 ,217246377 ,16923387 ,16456529 ,156065,910897,0.17,0,38.93,47232,1205,138,2439,4078,7342202,8566,4841,21315,9763,107133,50833,4532249870,17108,523237
2015/7/19,40572593 ,135247757 ,60212662 ,217466641 ,16429295 ,15983360 ,143069,901842,0.16,0,36.86,49412,1330,151,2765,5528,7347730,8314,4769,20804,9455,106297,38846,4324051920,16876,530796
2015/7/20,40610482 ,135840591 ,58635188 ,218933190 ,16401724 ,15925982 ,137463,895513,0.15,0,34.62,43660,1256,151,2663,4466,7352196,8161,4683,19785,8862,102342,37420,4073730300,16527,533701
2015/7/21,40885807 ,136416221 ,58221468 ,218117802 ,16529765 ,16936209 ,155800,887659,0.18,0,28.64,36460,1256,157,2498,6263,7358459,8386,4791,20128,8921,115835,42676,4044767940,16578,535028
2015/7/22,40943820 ,136725266 ,59681857 ,216619301 ,16607695 ,16312475 ,158386,878515,0.18,0,37.62,45567,1199,125,2512,5536,7363995,8501,4848,20629,9275,118082,42730,3891549790,16617,539583
2015/7/23,40955534 ,137014016 ,58321784 ,217598939 ,14582243 ,14654750 ,156693,864918,0.18,0,31.32,33929,1083,105,2215,5458,7369453,9778,5274,22054,10617,24720,132164,671687490,14991,543710
2015/7/24,41012229 ,137500112 ,57972062 ,216755191 ,14749143 ,15664082 ,203137,857968,0.24,0,40.64,51602,1269,132,2597,7011,7376464,8753,4952,22208,10191,172759,32401,7450191930,17347,543517
2015/7/25,40977321 ,138106195 ,58305196 ,216486576 ,17796211 ,16964184 ,172537,853673,0.2,0,50.60,62707,1238,144,2681,6149,7382613,8588,4815,21394,10107,124186,50210,4413430385,17305,538344
2015/7/26,41078356 ,138546821 ,58124277 ,216833190 ,18665290 ,17912436 ,171925,850125,0.2,0,44.75,58736,1312,129,2766,5066,7387679,8581,4793,21226,9802,122873,51054,4546445005,17119,536112
2015/7/27,41035419 ,138759667 ,57376501 ,217828861 ,18240341 ,17771456 ,172853,850500,0.2,0,40.08,48319,1200,112,2541,4601,7392280,8768,4933,21764,9745,123651,51586,4424465510,17423,523447
2015/7/28,41174351 ,139114499 ,57401623 ,216944031 ,17495845 ,17921486 ,173923,849613,0.2,0,36.07,38941,1079,105,2257,4712,7396992,8937,5064,21724,10035,122658,53498,4326625405,17536,511447
2015/7/29,41246776 ,139491693 ,57309551 ,216661382 ,17607166 ,17488364 ,173983,846289,0.21,0,45.42,54901,1205,124,2541,3857,7400849,8516,4745,22894,10116,120823,54992,4332100250,16280,506318
2015/7/30,41271430 ,139918985 ,57405788 ,216166030 ,18747301 ,18715195 ,172962,842236,0.21,0,43.57,56212,1289,133,2800,2912,7403761,8512,4655,21809,9712,117170,57183,4347570675,15380,500143
2015/7/31,41390628 ,140350502 ,57864838 ,215917971 ,20253994 ,19549689 ,174139,840450,0.21,0,48.55,66089,1359,138,2987,2828,7406589,8647,4797,21671,9530,120387,55183,4531890370,15632,490795
2015/8/1,41520137 ,140721071 ,57857277 ,214287444 ,17039652 ,18197062 ,176963,840837,0.21,0,37.70,51812,1371,151,2791,2569,7409158,8436,4597,21501,9342,118513,59850,3894021095,15705,485229
2015/8/2,41627614 ,140888762 ,56483117 ,215345637 ,18200289 ,18273252 ,177780,839126,0.21,0,45.30,60331,1327,139,2795,3763,7412921,8466,4599,20491,8563,116920,62956,4298856095,15598,481861
2015/8/3,41612997 ,141424286 ,57541766 ,213704053 ,17225977 ,17317626 ,172257,834343,0.21,0,44.82,59838,1333,146,2847,4436,7417357,8372,4617,20519,8953,117754,56939,4152504080,15637,479235
2015/8/4,41559163 ,141469029 ,57598190 ,213377457 ,17206646 ,17499283 ,172749,832895,0.21,0,42.58,56734,1328,152,2757,4881,7422238,8462,4694,20815,9114,115589,59491,4278580765,15716,474108
2015/8/5,41691381 ,141772502 ,56797782 ,213444926 ,17528327 ,17907787 ,177588,831662,0.21,0,46.20,57954,1248,130,2631,4795,7427033,8284,4424,21939,9225,114372,65398,4092208350,15115,470531
2015/8/6,41813984 ,142146319 ,55891760 ,213567216 ,17694140 ,18021902 ,179542,830328,0.22,0,39.30,50299,1279,141,2615,5063,7432096,8317,4479,21982,9444,116979,64599,4047110880,15316,467309
2015/8/7,42056459 ,142507653 ,54799172 ,213420660 ,16455794 ,17166166 ,177421,830115,0.21,0,36.59,45736,1244,149,2515,4810,7436906,8226,4431,21372,8997,115627,63753,4146917655,15211,461654
2015/8/8,42147897 ,142828958 ,55474610 ,213681539 ,18556844 ,17228859 ,174702,829693,0.21,0,51.54,66261,1276,146,2874,4429,7441335,8313,4505,22275,9633,113532,63132,4447622090,15906,456114
2015/8/9,42276479 ,143160993 ,54589491 ,214556924 ,15454175 ,15564479 ,173153,828694,0.21,0,39.34,53667,1356,142,2791,4366,7445701,8229,4488,20707,9023,89064,85504,3316437885,15908,454037
2015/8/10,42393325 ,143853186 ,54998847 ,212877516 ,15842545 ,16019520 ,182205,827751,0.22,0,36.23,45329,1244,121,2514,4592,7450293,8121,4471,20122,8745,131081,53376,6021709105,15614,451304
2015/8/11,42474997 ,144553390 ,53808657 ,212798065 ,15277118 ,15753906 ,159960,823162,0.19,0,36.20,46396,1281,143,2629,4895,7455188,8050,4488,19945,8611,105722,56398,4466880365,15816,451393
2015/8/12,42555865 ,146080334 ,54612475 ,210166700 ,15003695 ,15331597 ,163815,822550,0.2,0,36.25,44503,1227,113,2625,3473,7458661,8019,4445,19934,8254,112429,53442,4453170035,15925,448742
2015/8/13,42619484 ,146347701 ,53850097 ,212144230 ,17703125 ,16162237 ,167404,817327,0.2,0,51.58,63222,1225,116,2760,3045,7461706,8064,4486,22042,9767,116353,52799,4893983310,15910,446035
2015/8/14,42701163 ,147260942 ,53937497 ,211545495 ,18094954 ,17629009 ,171312,814716,0.21,0,43.98,55141,1253,110,2734,2619,7464325,8165,4544,21849,9668,117979,54825,5157191895,16481,440209
2015/8/15,42789224 ,148188969 ,54341620 ,211105573 ,17897569 ,16935950 ,167777,809641,0.21,0,42.72,52508,1228,142,2393,2220,7466545,8130,4542,21964,9727,117211,51867,4566783150,16292,434754
2015/8/16,42879691 ,149080875 ,54365289 ,212511857 ,19126530 ,17004291 ,168910,787881,0.21,0,49.71,58872,1184,120,2416,3474,7470019,8210,4608,21564,9657,117125,53663,4273306290,16227,447702
2015/8/17,42919278 ,153875904 ,54325702 ,206831574 ,15444157 ,16335895 ,169825,778346,0.22,0,32.73,40563,1238,149,2501,4319,7474338,8388,4675,21371,9261,118777,53397,4044790430,16359,449808
2015/8/18,42963282 ,155461709 ,54281698 ,205365531 ,15044949 ,15547908 ,169756,777381,0.22,0,36.00,44801,1231,149,2535,4364,7478702,8430,4734,21356,9381,117649,54360,3893546455,16305,442857
2015/8/19,42916455 ,155756617 ,55410130 ,205717296 ,15694311 ,14893952 ,170331,774546,0.22,0,41.43,49821,1197,118,2430,3534,7482236,8036,4411,21525,9300,115111,57078,3622859420,15584,437031
2015/8/20,42979083 ,156163824 ,55128929 ,206088232 ,15702567 ,15219805 ,169356,771101,0.22,0,39.24,49177,1252,134,2664,3211,7485447,8017,4399,21277,9188,113694,57434,4200677565,15879,431561
2015/8/21,43036084 ,156631888 ,53909242 ,207197695 ,16930909 ,16476995 ,168347,764111,0.22,0,38.00,51517,1352,176,2805,3637,7489084,8067,4407,21216,9292,115041,55293,4559776740,16090,426450
2015/8/22,43095582 ,157138943 ,53695116 ,207042429 ,16054646 ,15774352 ,174077,768757,0.23,175320,33.42,43963,1315,158,2641,3665,7492749,8269,4504,21683,9367,117857,58156,4308804120,16644,409277
2015/8/23,43185681 ,157523558 ,54093538 ,206633684 ,16933471 ,16470925 ,174176,759258,0.23,175314,37.59,48788,1296,126,2689,3949,7496698,8149,4474,21212,9122,118601,57642,4267595470,16222,409648
2015/8/24,43283090 ,157744534 ,54066156 ,206454698 ,17445428 ,17109864 ,172135,759913,0.23,174270,38.95,50543,1297,130,2749,4503,7501201,8182,4512,20872,8951,117544,56942,4237974650,16529,403109
2015/8/25,43308613 ,157923529 ,52515263 ,206460395 ,15557744 ,16861788 ,169486,759925,0.22,171045,33.07,39667,1199,127,2466,3874,7505075,8164,4506,21051,8866,114250,57309,4141619755,16221,398825
2015/8/26,43351389 ,158371821 ,53258493 ,205235527 ,15593738 ,15586597 ,170309,758173,0.22,171211,40.12,47007,1171,121,2333,3389,7508464,7942,4360,22125,9294,114325,57671,4198956050,15935,398525
2015/8/27,43337890 ,158676634 ,52767177 ,205648429 ,16300480 ,16100280 ,172839,756644,0.23,173987,37.20,45788,1230,142,2551,3702,7512166,8052,4402,22141,9191,114943,59258,3889671170,15820,397908
2015/8/28,43461832 ,159020291 ,52621062 ,206021908 ,17966301 ,17259575 ,174708,758965,0.23,175637,40.99,53314,1300,147,2698,3349,7515515,8077,4399,21433,8717,116396,59735,3924805165,16664,394155
2015/8/29,43511900 ,159329197 ,52993606 ,206730213 ,18424829 ,16985118 ,172389,761281,0.23,172851,48.27,61963,1281,147,2788,3175,7518690,7888,4284,21805,8914,113049,60651,3737902230,16442,390874
2015/8/30,43562433 ,159576909 ,52244375 ,207570897 ,18774333 ,18413475 ,171704,762854,0.23,172641,40.81,52761,1292,133,2711,3297,7521987,7885,4303,20894,8907,113304,59743,3752680135,15950,390353
2015/8/31,43589150 ,160093622 ,52364083 ,208012072 ,18728459 ,17648959 ,170076,764990,0.22,170866,44.59,57971,1300,143,2696,3238,7525225,7876,4320,20386,8506,113369,58306,3874555320,16324,389139
2015/9/1,43637684 ,160415742 ,53597182 ,206608415 ,16664983 ,16468685 ,168207,764811,0.22,171074,35.74,44479,1244,111,2577,5926,7531151,7845,4277,19590,7942,113084,57639,3755266060,15717,390509
2015/9/2,43704611 ,160695843 ,52783907 ,209058622 ,17106922 ,15296987 ,169398,764948,0.22,171790,48.14,59561,1233,144,2583,4903,7536054,7626,4068,21469,8941,111827,59501,3522855255,15069,386415
2015/9/3,43775025 ,161005632 ,53206712 ,210419697 ,19032223 ,16874693 ,172469,765348,0.23,175138,45.74,56579,1233,120,2713,5386,7541440,7773,4182,21459,8852,115318,58955,3755530085,15787,385471
2015/9/4,43869536 ,161473418 ,52920826 ,210666979 ,18822040 ,18351520 ,171103,763682,0.22,174372,37.52,45710,1213,128,2548,5691,7547131,7872,4261,21627,8622,116069,57019,4458067355,15990,387262
2015/9/5,43920915 ,161822046 ,53306091 ,210579012 ,18514271 ,17826465 ,172639,763167,0.23,175637,37.98,47275,1241,135,2400,5255,7552386,7985,4250,21552,8515,110402,63998,4301953140,14936,387356
2015/9/6,43920919 ,162002392 ,52728077 ,211116723 ,19676030 ,19501841 ,173398,762310,0.23,175453,37.01,43915,1186,138,2433,4472,7556858,8056,4329,21368,8800,113051,62211,4360267990,15440,388350
2015/9/7,43963468 ,162292115 ,53022862 ,210546665 ,19179842 ,19106128 ,171945,761924,0.23,175514,36.95,44090,1193,151,2375,5947,7562805,8177,4448,21143,8745,113323,61027,4470597350,15817,389573
2015/9/8,44239550 ,162483108 ,52285813 ,209839715 ,17783002 ,18833552 ,172622,762614,0.23,175879,37.20,44562,1197,136,2389,5384,7568189,8278,4541,21853,9188,115136,59661,4895035385,15996,390143
2015/9/9,44263614 ,162808113 ,53226161 ,207922520 ,17609212 ,18334281 ,175270,760830,0.23,177979,37.98,45668,1201,118,2303,4899,7573088,8067,4358,22438,8975,111756,65133,4685870080,15359,391996
2015/9/10,44328658 ,163076654 ,53695545 ,206711000 ,17909006 ,18386986 ,175077,761041,0.23,177273,45.03,48862,1071,78,2167,4474,7577562,8032,4298,21890,8761,112347,64437,4120347685,15590,389855
2015/9/11,44450709 ,163313721 ,52999530 ,206931186 ,16640654 ,16767536 ,180306,763036,0.24,182923,46.95,44245,942,60,1857,5719,7583281,7961,4220,22079,9010,115263,66948,3957985875,15694,390898
2015/9/12,44553187 ,157413326 ,53257249 ,205649521 ,17654146 ,24487944 ,202134,795297,0.25,165791,52.59,47541,903,45,1850,4579,7587860,7835,4257,22287,9067,115607,88291,3774552260,15773,355858
2015/9/13,44582858 ,157792778 ,53161916 ,205424377 ,16465101 ,16682370 ,163545,795807,0.21,162452,47.89,45446,945,53,1830,4495,7592355,7818,4249,21525,8839,115623,49895,4027780930,15882,353525
2015/9/14,44735575 ,158131532 ,53641834 ,204284904 ,16813602 ,16846262 ,157170,798972,0.2,160174,51.91,44236,851,36,1683,4911,7597266,7788,4254,20884,8752,113520,45811,4088463535,16099,348428
2015/9/15,44741373 ,158390123 ,53636036 ,203747534 ,15831333 ,17199665 ,155486,800594,0.19,158540,40.77,36921,898,50,1717,5494,7602760,7776,4292,21111,8759,112853,44643,4297689040,16157,345323
2015/9/16,44895086 ,158993640 ,53605754 ,204865068 ,13378468 ,11585497 ,156803,799872,0.2,158968,54.85,46290,844,54,1712,4820,7607580,7617,4145,21524,8856,113097,45424,3713231030,15716,344584
2015/9/17,45008234 ,159025556 ,55104116 ,206839422 ,18675271 ,16641528 ,162178,801536,0.2,164397,58.82,49056,834,37,1686,4783,7612363,7793,4243,21964,8548,114720,49142,3840759525,15909,344590
2015/9/18,45041490 ,159330684 ,54636328 ,207849911 ,17846132 ,16878327 ,172789,808166,0.21,173193,39.53,43202,1092,122,2133,4854,7617217,7896,4247,21623,9075,115363,59146,3798418625,15955,342164
2015/9/19,45085583 ,159674535 ,56363699 ,206266316 ,17639395 ,17015666 ,157881,807759,0.2,160052,39.35,42353,1076,143,2075,4281,7621498,7645,4164,21740,9025,113472,46176,3836940495,15608,340954
2015/9/20,45117519 ,159797265 ,54879303 ,208331903 ,17948136 ,16992811 ,157496,808238,0.19,160807,44.75,48486,1083,125,2056,5375,7626873,7656,4190,20978,8851,113782,45606,3957335155,15734,337599
2015/9/21,45143805 ,160076579 ,55695495 ,206758967 ,17252006 ,17662766 ,152695,808126,0.19,155558,42.02,44831,1067,127,2125,4986,7631859,7503,4111,20573,8433,110870,43577,4279638645,15611,341025
2015/9/22,45167544 ,160422136 ,56051506 ,205121241 ,16515418 ,17412356 ,151135,807598,0.19,153454,42.57,43589,1024,110,2086,4244,7636103,7471,4117,20566,8462,100173,52353,4320934585,15220,333934
2015/9/23,45189074 ,160768329 ,56176601 ,205035244 ,16624491 ,16137456 ,155704,805515,0.19,155841,46.71,49278,1055,136,2192,3440,7639543,7318,3963,21333,8900,103625,53303,4109627975,14870,335144
2015/9/24,45289440 ,161093526 ,55137375 ,205481737 ,17958408 ,18105344 ,148617,803078,0.19,149692,47.69,49216,1032,115,2036,2991,7642534,8012,4357,20787,8754,106705,43148,4512745845,15184,335845
2015/9/25,45352861 ,161443444 ,55409725 ,204768822 ,17652799 ,17696846 ,139155,803159,0.17,139952,46.28,48074,1038,113,2052,3154,7645688,7289,4014,20900,8580,99831,40649,4304840765,15396,334405
2015/9/26,45410782 ,161685503 ,55668662 ,204067885 ,17404974 ,17561593 ,150957,802689,0.19,152458,47.86,47708,995,108,1994,3665,7649353,7500,4125,21254,8776,110155,42089,4100697110,14945,333206
2015/9/27,45441004 ,161852168 ,54315444 ,205632207 ,17442318 ,16974072 ,149752,800911,0.19,150093,50.60,47428,937,62,1829,2265,7651618,7418,4021,20209,8515,108479,42347,3866057085,14681,336465
2015/9/28,45361400 ,162172569 ,55374750 ,204483384 ,17176745 ,17003896 ,147490,801042,0.18,148691,49.76,45279,907,58,1776,3325,7654943,7422,4081,19949,8355,107511,41136,3683744240,14806,338662
2015/9/29,45385589 ,162484875 ,56002983 ,203232505 ,17838615 ,18165964 ,146991,801538,0.18,147541,49.98,42353,847,40,1664,3268,7658211,7496,4182,20791,8583,107402,40838,3794869780,15227,339735
2015/9/30,45446190 ,162811948 ,55201289 ,204594510 ,17572476 ,16638206 ,138552,799601,0.17,137967,56.62,49163,868,56,1681,2639,7660850,7114,3924,21479,8835,99285,40420,3651805450,14795,342615
2015/10/1,45472516 ,163212647 ,54583100 ,204281277 ,17157057 ,17569405 ,146006,797943,0.18,148570,51.82,49031,946,61,1843,4992,7665842,7402,4084,21513,8849,108146,39732,4045976485,15482,342682
2015/10/2,45533616 ,163605045 ,55072482 ,202957467 ,17315632 ,17722876 ,147531,799290,0.18,149567,50.39,48483,962,67,1860,5126,7670968,7459,4123,21276,8854,109379,40162,4053127405,15624,342448
2015/10/3,45679026 ,163912573 ,54043901 ,203196534 ,17829214 ,18154358 ,142445,797797,0.18,144104,56.24,49502,880,54,1794,4038,7675006,7271,4034,20791,8620,107050,37264,3809980920,15254,342968
2015/10/4,45716872 ,164243569 ,53628258 ,203248746 ,18220889 ,18217259 ,143440,797339,0.18,145317,57.68,49851,864,62,1790,3937,7678943,7253,4008,20974,8643,107464,37926,3830900590,15144,341125
2015/10/5,45738959 ,164643494 ,53634907 ,201625794 ,16726659 ,17946150 ,127131,798319,0.16,128858,43.57,39863,915,57,1743,4012,7682955,6988,3897,20054,8308,92146,36889,3725618725,15077,340081
2015/10/6,46038393 ,164923882 ,53905735 ,200655183 ,16963471 ,17059167 ,132609,801000,0.17,134813,53.87,46604,865,46,1731,4285,7687240,7160,4023,20902,8604,96081,38531,3627413235,15192,338737
2015/10/7,46429310 ,165229726 ,52624757 ,202269433 ,17524510 ,16513635 ,141243,803698,0.18,142971,58.21,48667,836,47,1655,3948,7691188,7131,3950,21554,8967,101679,41422,3650225930,14944,337852
2015/10/8,46239860 ,165536887 ,53172216 ,201607081 ,15735579 ,15737717 ,147013,805335,0.18,148262,45.60,40691,891,82,1670,3511,7694699,7364,4066,21843,9041,106778,42073,3723548625,15051,336857
2015/10/9,46249257 ,165899374 ,53223011 ,202161974 ,17904857 ,16940694 ,149271,807338,0.18,150975,60.93,50764,833,62,1721,3824,7698523,6558,3649,21930,9088,110808,40457,3638645295,15688,334226
2015/10/10,46233549 ,166044175 ,52991219 ,202647046 ,16568987 ,16187784 ,147414,808509,0.18,148937,52.08,41575,798,46,1610,3555,7702078,7337,4065,22077,9031,108661,40742,3366772830,15307,333872
2015/10/11,46320312 ,166519843 ,52880375 ,203265353 ,17818204 ,16756769 ,146061,798363,0.18,147550,57.42,50461,878,94,1736,3631,7705709,7295,4047,21167,8811,107856,40191,3710895470,14996,341634
2015/10/12,46396147 ,167227510 ,52797005 ,202833691 ,16569056 ,16300714 ,139687,754473,0.19,140153,42.87,38294,893,93,1729,3380,7709089,7087,3989,20288,8372,104330,37168,3654364100,14593,384418
2015/10/13,46478960 ,167668087 ,53556165 ,201564890 ,15941900 ,15978408 ,133311,749399,0.18,135398,40.21,35000,866,92,1723,3987,7713076,7017,3968,20484,8439,102315,33145,3620621245,15048,387000
2015/10/14,46461098 ,168202268 ,52597505 ,202835458 ,16679373 ,15880020 ,136949,744431,0.18,138834,42.06,35231,837,80,1565,4278,7717354,6824,3795,20771,8484,91118,47617,3404809185,14309,390312
2015/10/15,46437353 ,168565870 ,52775959 ,202632092 ,16552360 ,16266313 ,136367,739802,0.18,138130,42.57,36026,846,81,1564,3580,7720934,6865,3836,20631,8500,91538,46545,3479057420,14526,392914
2015/10/16,46450821 ,168948544 ,52660441 ,202386264 ,16580136 ,16554536 ,139284,738325,0.19,141449,42.84,34393,807,60,1496,4102,7725036,7099,3980,21217,8909,102207,39005,3453006500,15092,392663
2015/10/17,46558650 ,169175036 ,53034911 ,201893078 ,17177104 ,17003149 ,140755,736223,0.19,142863,44.27,41437,940,104,1745,4025,7729061,7273,4135,21602,9053,105153,37581,3351700435,14972,393036
2015/10/18,46592742 ,169923054 ,52929554 ,201195913 ,16315771 ,16646024 ,133149,722847,0.18,133238,49.18,43733,901,111,1756,3431,7732492,6861,3921,20364,8664,99872,35050,3698121185,14916,405754
2015/10/19,46668414 ,170404708 ,51921231 ,200491508 ,15860664 ,16819368 ,121970,719622,0.17,122216,36.42,31138,873,96,1646,3761,7736253,6817,3909,19234,7719,92692,31055,3763862510,14347,406583
2015/10/20,46736534 ,171118356 ,52257951 ,199090855 ,16116423 ,16405847 ,115696,716040,0.16,117347,46.25,38608,835,86,1581,3389,7739642,6785,3903,20684,8318,87148,30110,3815249980,14347,408625
2015/10/21,46829056 ,171577791 ,52522698 ,199305303 ,16600926 ,15562772 ,126901,717020,0.18,128039,51.69,44347,859,97,1598,2850,7742492,5678,3201,20545,8660,91550,36678,3625077795,14604,408594
2015/10/22,47019365 ,172154312 ,52540949 ,201073650 ,18392133 ,15868873 ,130119,717314,0.18,128709,79.88,63825,803,91,1696,3570,7746062,5877,3299,20371,8569,91752,39693,3565991910,14968,409170
2015/10/23,47123402 ,172611170 ,52458909 ,202028691 ,17424829 ,15994853 ,139207,715680,0.19,140771,55.58,50205,904,121,1805,3516,7749578,7271,4111,21111,8788,103823,36952,3529302485,15115,411809
2015/10/24,47178666 ,173483426 ,52169123 ,201910009 ,16269754 ,15758831 ,138851,712267,0.19,140383,49.98,41750,835,102,1509,3475,7753053,7061,3948,20807,8575,102292,38416,3550445250,14605,415302
2015/10/25,47228893 ,174421106 ,52465099 ,202585597 ,17488466 ,15539875 ,137996,710997,0.19,138893,63.09,51354,814,73,1653,2875,7755928,7046,3961,20492,8547,102866,36618,3804940775,14756,416767
2015/10/26,47176140 ,174941591 ,53321033 ,202423653 ,17021459 ,15918655 ,134814,710023,0.19,135464,57.03,48396,849,108,1676,2634,7758562,6995,3950,19296,7977,100798,35428,3683893970,14622,417258
2015/10/27,47200404 ,175440993 ,53087319 ,202970966 ,16946182 ,16100517 ,135541,709311,0.19,136603,44.87,37928,845,81,1546,2728,7761290,7030,3990,20446,8376,99944,37272,3555228170,14891,416034
2015/10/28,47279742 ,176049027 ,53761123 ,202367721 ,16042048 ,15617678 ,139568,707914,0.2,140381,48.19,38615,799,90,1521,2846,7764136,6933,3842,20633,8531,102733,38458,3418820075,14319,416737
2015/10/29,47411009 ,176552109 ,53399395 ,202384537 ,16985567 ,16735234 ,143647,702206,0.2,144412,55.90,47470,849,104,1641,2928,7767064,7088,3931,20817,8535,104812,40238,3832252290,14786,422214
2015/10/30,47438383 ,177005939 ,52696796 ,202420687 ,16231960 ,16459383 ,142650,701574,0.2,143310,45.92,38449,837,80,1595,2651,7769715,6962,3870,20624,8375,104490,39583,3705479275,14650,421110
2015/10/31,47434304 ,177194263 ,51323899 ,203563785 ,17543556 ,17588058 ,139478,700371,0.2,140064,48.73,43437,891,86,1769,2556,7772271,6873,3803,20838,8447,103671,37225,3819064575,14589,420365
2015/11/1,47342517 ,177557513 ,52438475 ,202626155 ,16725371 ,16295947 ,141889,700022,0.2,144066,51.12,45101,882,107,1701,4669,7776940,6697,3656,19450,7644,103731,40124,3514915505,15158,421684
2015/11/2,47335226 ,177835138 ,51201563 ,203426300 ,17428708 ,17630898 ,138668,702495,0.2,141065,48.36,44270,914,104,1860,4926,7781866,6767,3719,18989,7705,102420,38513,3860428820,14419,420089
2015/11/3,47513932 ,178711686 ,51993313 ,202549752 ,17122716 ,16769295 ,139769,703977,0.2,142240,60.97,52149,855,97,1835,4380,7786246,6841,3777,20119,7884,101666,40490,3739322435,14190,419996
2015/11/4,47724272 ,179653491 ,50897919 ,201607947 ,13083568 ,13722972 ,131377,701967,0.19,128841,47.95,41817,872,101,1691,4111,7790357,6472,3507,20097,7854,88953,44295,3661944880,13783,421057
2015/11/5,47897675 ,180647132 ,50113837 ,200614306 ,15894447 ,14997111 ,127390,698875,0.18,129418,59.93,52322,873,86,1819,4405,7794762,6535,3537,20289,7827,89064,40289,3465208115,14465,423876
2015/11/6,48269755 ,181754363 ,50732626 ,199507075 ,17421674 ,16705132 ,139568,696726,0.2,141592,54.84,47338,863,96,1679,4367,7799129,6736,3598,20963,8092,95988,45585,3252302870,14576,424799
2015/11/7,48462892 ,182834516 ,51260406 ,198426922 ,17805113 ,17697969 ,139817,694043,0.2,142121,54.41,49699,913,98,1869,4293,7803422,6767,3651,20993,8405,98395,43597,3226299200,14686,425814
2015/11/8,48995364 ,184066520 ,50176448 ,197194917 ,18138773 ,17264559 ,141201,691989,0.2,143919,61.54,53945,874,88,1747,5012,7808434,6834,3715,20659,8423,99945,43260,3221385855,15086,427765
2015/11/9,49372458 ,185199486 ,50478798 ,196061951 ,18332831 ,17812371 ,138578,692086,0.2,141088,62.63,51850,827,83,1648,5158,7813592,6797,3724,20005,7955,99201,41809,3701681605,15191,428373
2015/11/10,49730201 ,186678463 ,50283432 ,194582974 ,16155013 ,16611753 ,139649,693187,0.2,141945,46.48,38219,822,96,1518,4301,7817893,6788,3700,20350,7998,98639,43122,3366919675,15154,418471
2015/11/11,50093580 ,187885875 ,51711389 ,193375563 ,18528132 ,17481024 ,140659,690186,0.2,142377,58.68,47679,812,102,1610,3492,7821385,6628,3567,21117,8192,98556,44037,3280338295,14360,379489
2015/11/12,50344986 ,189156768 ,49948813 ,192104670 ,21001323 ,20513954 ,144330,691840,0.21,145866,49.76,42815,860,84,1589,3372,7824757,6834,3708,20792,8132,100197,45993,3338610120,14692,375596
2015/11/13,50730326 ,190501808 ,49109978 ,190759630 ,21761408 ,20557008 ,143938,694022,0.21,145487,55.56,49849,897,99,1779,3303,7828060,6809,3708,20833,8204,99523,46226,3471028245,14678,371566
2015/11/14,50908467 ,191746724 ,48675194 ,189514714 ,17810953 ,18412251 ,142759,696255,0.21,144450,45.33,41012,901,95,1629,3614,7831674,6751,3646,21138,8281,99978,44474,3449452750,14389,367605
2015/11/15,51301846 ,193344546 ,48366882 ,187916891 ,17394978 ,16645640 ,140116,697220,0.2,141592,59.59,52222,874,89,1689,3252,7834926,6600,3574,19457,7743,97087,44796,3512502345,14177,366695
2015/11/16,51596168 ,194832391 ,47105411 ,186429047 ,18024592 ,18210884 ,133067,696662,0.19,134935,50.36,44452,882,100,1678,3575,7838501,6452,3544,18848,7463,95105,39913,3338546760,14053,364817
2015/11/17,51839095 ,196307660 ,47020960 ,184953778 ,16923651 ,18313231 ,126133,694978,0.18,127340,38.34,32517,848,85,1502,2887,7841388,6087,3369,15245,5781,89377,38467,2948066850,13438,352208
2015/11/18,52226545 ,197811150 ,46465688 ,183450288 ,17178842 ,17087309 ,139503,696288,0.2,136888,49.61,43016,867,83,1632,3406,7844794,6335,3409,20561,8104,93587,47696,2780900295,14263,349892
2015/11/19,52540264 ,199497301 ,46744562 ,181764137 ,16077356 ,16059142 ,130420,698375,0.19,131709,55.25,45149,815,83,1615,3185,7847979,6339,3466,20499,7918,94342,37727,3164580580,14109,346940
2015/11/20,52908460 ,201151262 ,47073219 ,180110176 ,16151054 ,15720326 ,130332,697233,0.19,131541,52.00,44687,859,83,1660,2883,7850862,6421,3516,19809,7824,95394,36627,3247821930,14274,347562
2015/11/21,53418175 ,203327736 ,46487553 ,177933702 ,16615751 ,16484323 ,128944,692001,0.19,130073,55.41,45179,815,80,1591,2913,7853775,6335,3448,20496,7938,94394,36219,3345207865,14365,351784
2015/11/22,54059855 ,205368976 ,44569469 ,175892462 ,21558909 ,20836720 ,127355,689141,0.18,128535,56.21,47065,837,81,1564,3040,7856815,6292,3452,19745,7668,94075,35060,3207793270,14499,349787
2015/11/23,54789552 ,207608267 ,43357257 ,173653171 ,22506550 ,23135962 ,117106,685350,0.17,118628,52.33,43332,825,89,1602,3258,7860073,6090,3402,18761,7293,89067,29988,3186561530,14015,346379
2015/11/24,55377576 ,209687553 ,43508152 ,171573885 ,20191201 ,21090122 ,120883,682128,0.18,122180,49.65,42291,851,76,1604,2671,7862744,6335,3516,19022,7359,92091,30559,3330959125,14213,345893
2015/11/25,55887126 ,211966102 ,42709609 ,169295335 ,19875084 ,19329414 ,121727,677429,0.18,122126,59.16,44990,760,65,1521,1828,7864572,6093,3358,19635,7587,90810,32193,3216942960,13714,346503
2015/11/26,56714503 ,214486611 ,42043358 ,166774827 ,19734127 ,20639198 ,127752,674796,0.19,128296,47.99,40491,843,95,1551,2359,7866931,6306,3448,19711,7642,94099,34921,3285570645,14402,346874
2015/11/27,58044636 ,217691932 ,41413664 ,163569506 ,21874102 ,22440787 ,127712,673142,0.19,128490,55.83,44738,801,61,1535,2505,7869436,6218,3398,19553,7533,93672,35388,3255997275,14146,345854
2015/11/28,58682733 ,222425703 ,40008482 ,158835735 ,21425160 ,21538106 ,128292,671086,0.19,129404,57.45,46544,810,68,1495,2950,7872386,6308,3458,20250,7758,94734,34965,3191752810,14201,340784
2015/11/29,59676782 ,226457890 ,38663818 ,154803548 ,22518452 ,21130049 ,125218,668552,0.19,125819,68.52,59828,870,68,1692,2467,7874853,6144,3389,18961,7422,93443,33109,2951007245,14397,341058
2015/11/30,61699822 ,232298448 ,38083942 ,148962989 ,13037202 ,13507026 ,80346,661069,0.12,79712,41.74,22403,536,45,884,1809,7876662,5044,2891,8473,5080,60205,20991,1847715870,8983,342141
