用户id,是否流失,性别,登录总次数,站内好友数,等级,积分,玩牌局数,赢牌局数,输牌局数,正常牌局,非正常牌局,最高牌类型
1,是,男,2,1,4,0,27,4,0,0,0,0
2,否,男,3,5,6,5,83,40,43,11,0,7
3,否,男,3,1,7,8,209,56,153,0,0,8
4,是,男,2,0,4,0,15,4,0,16,0,0
5,是,男,2,1,4,0,30,3,0,30,0,0
6,是,男,2,0,4,0,18,8,0,18,0,0
7,否,男,7,1,6,26,65,10,55,64,1,7
8,是,男,2,0,3,0,10,3,0,10,0,0
9,是,男,2,0,4,0,15,8,7,15,0,8
10,否,男,6,0,3,20,6,2,4,6,0,4
11,否,男,5,1,7,16,90,18,72,90,0,8
12,是,男,2,2,2,0,2,1,0,3,0,0
13,是,男,2,2,3,0,15,4,0,15,0,0
14,是,男,2,0,4,1,26,11,0,26,0,0
15,否,男,6,5,6,30,93,31,62,93,0,8
16,否,男,7,1,7,26,102,24,78,101,2,8
17,否,男,6,9,9,20,383,94,289,382,3,9
18,否,男,4,1,6,10,58,13,42,1,0,8
19,是,男,2,0,6,0,69,24,7,69,0,7
20,是,男,2,1,4,0,39,10,29,40,0,8
21,否,男,6,2,9,30,500,120,361,698,0,7
22,是,男,2,0,6,0,66,21,0,66,0,0
23,否,男,5,0,7,30,167,58,97,167,0,9
24,是,男,2,1,6,0,132,61,71,133,0,9
25,是,女,2,0,2,0,4,1,0,4,0,0
26,是,男,2,0,4,0,21,7,0,21,0,0
27,是,男,2,0,4,0,28,12,0,28,0,0
28,否,男,3,4,6,5,114,24,63,116,0,8
29,否,女,6,2,10,40,590,120,470,804,25,9
30,是,男,2,1,3,0,6,1,0,6,0,0
31,是,男,2,2,2,0,3,1,0,3,0,0
32,是,男,2,3,2,0,3,1,0,2,1,0
33,是,女,2,0,3,0,3,2,0,4,0,0
34,否,男,3,0,7,6,151,34,117,153,2,8
35,是,男,2,1,4,0,40,5,0,40,0,0
36,是,女,2,1,2,0,2,1,0,3,0,0
37,是,男,2,1,4,0,23,10,13,23,0,6
38,是,男,2,0,4,0,25,7,0,25,0,0
39,否,男,3,2,7,5,160,50,108,159,1,8
40,是,女,2,0,2,0,5,1,0,6,0,0
41,是,男,2,1,5,0,71,24,0,71,0,0
42,是,男,2,1,4,0,30,7,0,29,1,0
43,否,男,3,3,5,5,97,35,51,95,2,8
44,是,男,2,0,5,0,60,23,0,60,0,0
45,否,女,7,1,10,27,1549,232,1317,1490,16,9
46,是,男,2,2,4,0,18,4,0,18,0,0
47,是,男,2,1,5,0,68,7,32,136,0,0
48,否,女,5,1,6,15,88,15,73,88,0,7
49,否,男,4,1,4,10,15,5,10,16,0,6
50,是,男,2,1,3,0,18,8,0,18,0,0
51,是,男,2,0,4,0,19,3,0,19,0,0
52,是,男,2,2,3,0,14,4,10,15,0,8
53,否,男,3,3,3,5,9,4,5,9,0,7
54,否,女,4,2,8,11,294,66,225,293,1,8
55,否,男,3,1,7,5,245,75,170,249,0,10
56,是,男,2,4,5,0,146,115,0,146,0,0
57,是,男,2,1,3,0,7,2,0,7,0,0
58,是,女,2,2,6,0,45,10,35,45,0,7
59,否,男,3,0,5,5,51,10,12,51,0,4
60,是,男,2,2,4,0,21,7,0,21,0,0
61,是,男,2,1,5,0,30,4,26,30,0,10
62,是,男,2,0,3,0,9,6,0,9,0,0
63,否,男,3,1,5,5,26,8,17,27,0,7
64,是,男,2,2,3,0,7,2,2,7,0,5
65,是,男,2,3,4,0,34,6,23,34,0,5
66,否,男,4,2,8,10,226,81,142,229,1,9
67,是,男,2,1,3,0,12,1,0,12,0,0
68,是,男,2,0,2,0,2,1,0,3,0,0
69,是,男,2,2,2,0,1,1,0,1,0,0
70,否,男,3,1,4,5,24,7,17,24,0,7
71,否,男,3,3,2,5,3,2,0,3,0,0
72,是,男,2,2,2,0,2,1,0,2,0,0
73,是,男,2,4,4,0,21,11,0,22,0,0
74,是,男,2,0,6,0,63,20,43,63,0,8
75,是,男,2,1,3,0,6,2,0,6,0,0
76,否,男,4,4,7,11,106,30,55,108,0,6
77,是,男,2,0,3,0,15,3,0,15,0,0
78,是,男,2,5,3,0,19,7,0,19,0,0
79,是,男,2,0,2,0,3,1,0,3,0,0
80,是,男,2,1,3,0,9,1,0,9,0,0
81,否,男,4,0,5,10,62,14,47,63,1,7
82,是,男,2,2,3,0,5,2,0,5,0,0
83,是,男,2,6,4,0,16,5,0,15,1,0
84,是,男,2,0,3,0,6,2,0,6,0,0
85,否,男,3,1,4,5,24,8,15,24,0,7
86,是,男,2,0,3,0,7,4,0,7,0,0
87,是,女,2,0,3,0,8,2,0,8,0,0
88,是,男,2,0,4,0,18,5,0,18,0,0
89,否,男,3,0,6,5,71,12,59,71,0,7
90,是,男,2,3,4,0,20,4,0,20,0,0
91,是,男,2,5,4,0,34,10,0,34,0,0
92,否,男,3,4,4,5,35,6,29,35,0,8
93,否,男,7,0,6,25,120,23,97,90,31,8
94,是,男,2,2,3,0,5,1,0,5,0,0
95,是,男,2,0,3,0,12,1,11,13,0,4
96,否,男,4,3,6,10,90,23,49,91,1,7
97,否,女,3,3,5,5,64,19,24,103,1,5
98,是,男,2,1,4,0,37,13,16,38,0,7
99,否,男,3,1,5,6,74,32,16,74,0,8
100,是,女,2,6,3,0,3,1,2,3,0,5
101,否,男,5,2,8,16,420,143,277,506,0,9
102,是,男,2,0,4,0,25,12,0,26,0,0
103,是,男,2,1,3,0,11,3,0,11,0,0
104,是,男,2,3,4,0,22,7,0,23,0,0
105,否,男,3,0,6,6,128,36,72,129,0,7
106,是,男,2,0,3,0,10,5,0,11,0,0
107,否,男,3,1,3,5,5,1,4,5,0,5
108,是,男,2,0,2,0,6,1,0,6,0,0
109,否,男,4,3,3,10,14,3,11,14,0,6
110,是,男,2,1,3,0,7,2,5,7,0,5
111,是,男,2,0,7,0,225,65,160,221,4,8
112,否,男,4,3,6,10,79,29,49,79,0,8
113,是,男,2,2,5,0,51,18,0,52,0,0
114,是,女,2,2,3,0,11,1,8,11,0,5
115,否,男,3,0,7,10,94,51,43,94,0,8
116,是,女,2,2,6,0,38,8,0,38,0,0
117,否,男,3,0,4,5,43,15,17,44,0,7
118,否,男,3,3,3,5,9,2,4,15,0,4
119,是,男,2,0,5,0,27,4,0,27,0,0
120,否,男,6,0,6,20,74,20,52,76,1,9
121,否,男,3,0,4,5,32,3,21,32,0,7
122,是,男,2,3,6,1,68,22,18,70,0,8
123,是,男,2,3,4,0,14,9,0,14,0,0
124,否,女,7,1,11,27,890,197,558,736,2,8
125,是,女,2,0,2,0,3,1,0,3,0,0
126,否,男,3,0,7,7,188,45,117,188,1,8
127,是,男,2,0,3,0,9,4,0,8,1,0
128,否,女,3,1,8,6,167,45,116,165,2,8
129,否,男,3,1,5,6,37,10,21,37,0,8
130,否,男,3,0,6,5,95,32,61,96,0,8
131,是,男,2,2,4,0,19,8,0,20,0,0
132,否,男,4,1,6,11,63,18,44,63,0,8
133,是,女,2,0,2,0,5,2,1,7,0,0
134,是,男,2,0,5,0,42,13,18,43,1,5
135,是,男,2,0,3,0,13,3,0,13,0,0
136,否,男,4,0,3,10,8,1,7,8,0,5
137,是,女,2,2,4,0,20,5,0,20,0,0
138,是,男,2,2,3,0,6,3,3,7,0,0
139,是,男,2,2,4,0,25,14,0,25,0,0
140,否,男,5,1,6,15,65,17,44,58,0,7
141,否,女,5,0,8,30,179,40,139,180,0,8
142,否,男,5,1,7,16,178,48,130,178,0,8
143,是,男,2,1,5,0,38,13,7,40,1,8
144,是,女,2,0,5,0,42,15,17,42,0,8
145,否,男,4,1,5,10,64,10,54,65,0,7
146,是,男,2,0,4,0,22,8,7,24,0,8
147,是,男,2,0,5,0,87,23,64,87,0,9
148,是,男,2,0,2,0,4,1,0,4,0,0
149,是,男,2,0,3,0,15,4,0,15,0,0
150,是,男,2,0,3,0,9,1,8,9,0,5
151,否,男,3,1,4,5,21,6,14,21,0,8
152,是,女,2,0,2,0,2,1,0,3,0,0
153,是,男,2,3,3,0,5,3,0,5,0,0
154,是,男,2,0,4,0,37,9,23,37,0,8
155,否,男,6,1,5,20,44,10,34,46,0,8
156,否,男,3,0,5,5,90,40,50,90,1,9
157,是,男,2,0,3,0,8,1,0,9,0,0
158,否,女,7,0,12,60,1629,264,1337,2733,105,10
159,是,男,2,0,6,0,78,12,0,77,1,0
160,是,女,2,2,6,0,49,19,18,49,0,8
161,是,男,2,1,4,0,40,20,11,40,0,8
162,是,男,2,0,5,0,73,19,25,73,0,6
163,否,男,4,1,6,20,60,29,29,3,0,8
164,是,男,2,6,3,0,12,4,0,12,0,0
165,是,女,2,2,2,0,3,1,0,3,0,0
166,是,男,2,0,3,0,12,8,0,12,0,0
167,是,男,2,0,5,0,72,33,0,71,1,0
168,是,男,2,0,2,0,1,1,0,1,0,0
169,否,男,7,3,8,29,313,126,187,288,2,9
170,否,男,6,1,6,20,107,29,78,106,1,8
171,是,男,2,1,3,0,5,1,0,6,0,0
172,是,男,2,1,6,0,53,21,0,53,0,0
173,是,男,2,0,4,0,24,10,0,24,0,0
174,是,男,2,0,5,0,41,11,29,34,8,9
175,是,男,2,0,5,0,52,12,38,48,4,5
176,是,男,2,1,6,1,72,18,43,73,0,7
177,是,女,2,1,5,0,36,14,0,33,3,0
178,是,男,2,1,5,0,43,10,0,42,1,0
179,是,男,2,0,5,0,42,7,0,37,5,0
180,是,男,2,1,5,0,43,14,0,43,0,0
181,是,男,2,0,4,0,22,6,0,23,0,0
182,否,男,3,6,4,5,12,2,10,12,0,5
183,是,男,2,0,5,0,36,15,10,35,1,7
184,是,男,2,1,5,0,45,18,27,45,0,9
185,是,男,2,1,3,0,6,2,0,3,3,0
186,是,女,2,0,4,0,38,14,0,38,0,0
187,是,男,2,22,7,0,175,46,129,175,0,8
188,否,女,4,0,8,20,344,168,172,529,10,8
189,是,男,2,1,3,0,6,2,0,6,0,0
190,否,男,7,0,8,25,450,100,335,434,0,8
191,是,男,2,2,2,0,1,1,0,1,0,0
192,是,男,2,1,4,0,18,10,8,17,1,8
193,是,男,2,1,3,0,18,9,0,18,0,0
194,是,男,2,19,5,1,61,23,17,61,0,8
195,是,男,2,1,5,0,53,16,37,53,0,7
196,是,男,2,1,3,0,12,4,8,8,4,5
197,否,女,5,4,10,31,828,135,692,1827,2,8
198,是,女,2,1,5,0,27,6,0,27,0,0
199,否,男,4,16,6,11,118,40,78,119,0,8
200,否,男,5,7,4,15,12,1,11,11,1,5
201,是,男,2,0,4,0,42,12,0,42,0,0
202,是,男,2,2,3,0,10,2,0,10,0,0
203,是,女,2,0,4,0,40,12,18,40,0,6
204,否,男,3,0,2,5,4,1,0,4,0,0
205,是,男,2,0,5,0,69,38,0,69,0,0
206,是,男,2,0,5,0,63,12,0,63,0,0
207,是,男,2,1,3,0,11,5,0,11,0,0
208,否,男,5,2,6,16,106,38,67,106,0,7
209,是,男,2,2,4,0,35,14,0,36,0,0
210,是,女,2,0,2,0,1,1,0,1,0,0
211,否,男,4,1,7,10,307,105,189,307,3,8
212,是,男,3,2,7,5,225,79,138,227,1,9
213,是,男,2,0,4,0,22,6,0,22,0,0
214,否,男,4,0,7,12,160,51,109,140,0,10
215,是,男,2,1,3,0,4,1,0,5,0,0
216,是,男,2,0,3,0,14,8,0,15,0,0
217,是,女,2,1,3,1,5,3,2,5,0,9
218,是,男,3,0,4,5,17,6,11,17,0,8
219,否,男,4,3,7,10,124,46,73,125,0,8
220,是,男,3,1,6,10,350,104,240,662,14,7
221,否,男,4,2,3,10,18,2,16,18,0,6
222,是,男,2,4,4,0,23,2,21,23,0,4
223,否,男,3,1,6,5,97,23,74,97,0,8
224,是,男,2,0,2,0,3,1,0,3,0,0
225,是,男,2,0,4,0,15,3,0,15,0,0
226,否,女,5,0,10,15,633,221,343,504,0,9
227,是,男,2,0,3,0,12,5,0,12,0,0
228,是,女,2,8,3,0,15,4,0,15,0,0
229,否,男,5,1,7,15,218,70,148,218,0,8
230,是,男,2,0,4,0,34,12,0,34,0,0
231,否,男,7,1,9,25,316,89,227,298,19,8
232,是,男,2,1,3,0,11,4,0,11,0,0
233,否,男,8,1,10,80,642,136,506,700,2,9
234,否,男,4,1,6,10,72,15,39,98,16,8
235,否,女,4,4,5,10,53,10,43,53,0,6
236,否,男,4,1,7,20,174,38,134,175,0,8
237,否,男,4,0,5,10,50,17,33,50,0,7
238,是,男,2,0,7,0,187,32,155,187,1,8
239,是,男,3,1,5,5,50,15,4,51,0,4
240,否,男,4,6,6,10,135,41,90,135,0,8
241,是,男,2,1,6,0,110,34,76,110,0,7
242,是,男,2,0,5,0,60,14,0,61,0,0
243,是,男,3,0,3,5,14,2,9,15,0,5
244,是,男,2,1,3,0,10,6,0,10,0,0
245,是,男,2,0,3,0,12,3,0,12,0,0
246,是,男,2,0,3,0,8,1,0,8,0,0
247,是,男,2,0,3,0,9,2,0,9,0,0
248,否,女,4,3,4,10,20,3,11,20,0,8
249,否,女,3,1,3,5,18,4,14,18,0,7
250,是,男,2,1,6,0,103,39,53,104,0,8
251,是,男,2,0,4,0,27,12,0,27,0,0
252,是,男,2,0,3,0,7,3,0,7,0,0
253,是,男,2,2,5,0,57,24,12,57,0,4
254,是,女,2,1,6,0,74,19,55,76,0,7
255,是,女,2,1,6,0,60,20,40,63,0,7
256,否,女,3,1,5,5,46,8,38,41,8,6
257,是,男,2,0,6,0,49,10,22,49,0,8
258,是,男,2,4,4,0,17,2,0,17,0,0
259,否,男,3,1,6,6,56,16,40,58,0,8
260,否,女,3,4,3,5,6,2,4,6,0,4
261,是,男,2,1,3,0,2,1,0,3,0,0
262,否,男,4,2,6,10,83,22,61,79,4,7
263,是,男,2,0,3,0,14,3,0,15,0,0
264,否,女,4,6,7,11,93,21,72,94,0,8
265,否,女,4,2,5,11,54,15,39,54,0,7
266,是,男,3,3,4,5,18,1,17,18,0,6
267,否,女,8,0,10,75,590,139,451,815,64,9
268,否,男,7,9,10,25,835,227,584,777,7,8
269,是,男,2,0,2,0,2,1,0,2,0,0
270,是,女,2,0,6,0,119,36,8,172,66,7
271,是,女,2,0,4,0,21,6,0,21,0,0
272,否,男,6,1,9,20,678,149,529,661,17,8
273,是,女,2,2,5,0,24,4,18,24,0,8
274,是,男,2,0,5,0,48,9,25,48,0,8
275,否,男,3,3,5,6,49,19,29,50,0,7
276,是,男,2,2,4,0,16,3,0,16,0,0
277,是,男,2,0,7,0,196,58,0,196,0,0
278,否,男,3,1,3,5,5,1,0,5,0,0
279,是,男,2,0,4,0,20,9,0,20,0,0
280,是,男,2,0,3,0,8,2,0,8,0,0
281,是,男,3,2,4,5,34,4,10,35,0,8
282,是,女,2,0,4,1,22,10,12,24,0,7
283,是,女,2,1,7,1,201,56,21,200,1,7
284,否,男,4,0,5,10,76,19,34,76,0,7
285,是,男,2,0,2,0,1,1,0,1,0,0
286,是,男,2,2,6,0,108,47,61,109,0,8
287,是,男,2,0,4,0,17,4,0,17,0,0
288,是,男,2,1,5,0,59,18,22,59,0,7
289,否,男,4,4,8,10,237,69,146,238,0,8
290,是,男,2,3,3,0,10,1,0,10,0,0
291,是,男,2,2,4,0,24,4,0,25,0,0
292,是,男,2,0,2,0,3,1,0,3,0,0
293,是,男,2,0,3,0,18,5,0,19,0,0
294,否,男,4,4,7,11,164,60,84,164,0,8
295,否,男,4,0,7,20,161,28,133,308,2,8
296,是,男,2,2,3,1,14,4,0,15,0,0
297,是,女,2,1,7,0,173,44,0,174,1,0
298,是,男,2,0,5,1,48,16,0,49,0,0
299,是,男,2,0,5,0,25,6,19,19,6,8
300,是,男,2,0,3,0,12,1,0,13,0,0
301,是,男,2,0,6,0,97,20,75,90,7,8
302,否,女,8,0,10,130,677,210,464,1291,2,8
303,是,男,2,0,3,0,7,1,0,7,0,0
304,否,男,4,1,4,10,49,15,29,50,0,9
305,是,男,2,1,3,0,5,1,0,5,0,0
306,是,男,2,0,2,0,3,1,0,3,0,0
307,否,男,4,0,5,10,81,30,51,81,0,7
308,是,男,2,0,5,0,35,8,0,28,7,0
309,是,女,2,6,3,0,12,1,0,12,0,0
310,否,男,5,1,5,30,75,56,19,71,4,8
311,否,男,4,2,4,10,31,5,26,32,0,7
312,是,男,2,1,3,0,5,2,0,5,0,0
313,是,男,2,0,3,0,10,2,0,11,0,0
314,是,男,2,0,5,0,46,14,0,40,6,0
315,是,男,2,0,6,0,67,15,52,67,0,8
316,是,男,2,1,3,0,6,3,0,6,0,0
317,是,男,3,1,6,5,76,23,46,78,0,6
318,是,男,2,0,5,0,44,18,0,39,6,0
319,是,女,2,3,3,0,8,2,0,8,0,0
320,是,男,2,7,3,0,7,2,0,8,0,0
321,否,男,6,0,9,20,594,61,533,588,6,9
322,是,女,2,0,6,0,85,23,61,82,4,8
323,是,男,2,0,4,0,20,1,0,21,0,0
324,是,男,2,0,3,0,8,2,0,8,0,0
325,否,男,8,0,9,80,459,118,339,542,0,9
326,是,女,2,1,3,0,11,2,0,11,0,0
327,是,男,2,1,3,0,4,1,0,5,0,0
328,是,女,2,1,3,0,5,1,0,5,0,0
329,是,男,2,2,2,0,1,1,0,1,0,0
330,是,男,2,3,3,0,7,3,0,8,0,0
331,是,男,2,2,2,0,7,1,0,7,0,0
332,是,男,2,1,2,0,7,1,0,9,0,0
333,是,男,2,2,3,0,7,2,0,7,0,0
334,是,男,2,0,4,0,25,2,0,25,0,0
335,是,男,2,0,2,0,4,1,0,3,1,0
336,否,男,4,2,3,10,13,2,11,13,0,7
337,是,女,2,0,4,0,17,5,0,17,0,0
338,是,男,2,4,3,0,7,2,0,7,0,0
339,是,男,2,4,7,0,120,43,43,122,0,7
340,是,男,2,1,5,0,66,21,45,66,0,9
341,是,男,2,12,3,0,5,2,1,6,0,0
342,是,男,2,3,3,0,9,2,7,10,0,4
343,否,男,4,1,7,10,151,46,101,153,0,8
344,否,男,3,1,7,6,188,68,120,189,0,9
345,是,男,2,1,3,0,3,1,0,3,0,0
346,是,男,2,3,4,0,24,13,0,24,0,0
347,是,女,2,2,4,0,41,13,0,41,0,0
348,否,男,4,0,4,10,40,13,27,41,0,7
349,是,男,2,3,3,0,9,2,0,9,0,0
350,是,男,2,0,3,0,15,2,0,16,0,0
351,否,男,3,0,5,5,54,20,25,54,0,7
352,是,男,2,0,5,0,68,29,0,68,0,0
353,是,男,2,1,4,0,22,7,0,22,0,0
354,是,男,2,0,3,0,7,1,0,8,0,0
355,是,男,2,0,2,0,3,1,0,3,0,0
356,是,男,2,2,2,0,6,1,0,6,0,0
357,否,男,3,0,4,5,17,9,8,17,0,8
358,是,男,3,1,4,5,15,7,8,15,0,8
359,是,男,2,0,3,0,16,7,0,16,0,0
360,是,男,3,3,4,5,19,4,15,19,0,7
361,是,女,2,0,3,0,12,4,0,12,0,0
362,是,男,2,2,3,0,11,2,5,11,0,4
363,是,男,2,1,3,0,8,2,6,8,0,7
364,是,男,2,3,4,1,26,6,11,26,0,7
365,是,男,3,1,4,5,28,13,12,28,1,7
366,是,男,2,2,3,0,5,1,0,5,0,0
367,是,男,3,1,4,5,28,6,22,28,0,6
368,是,男,3,0,2,5,2,1,1,2,0,3
369,是,男,2,1,5,0,34,6,23,31,3,5
370,是,男,3,0,4,6,28,10,11,27,1,5
371,是,男,2,1,6,0,92,21,49,90,2,7
372,否,男,3,9,4,5,26,6,20,26,0,7
373,是,男,2,1,3,0,12,9,0,12,0,0
374,是,男,2,0,3,0,7,1,0,7,0,0
375,是,男,3,2,3,5,11,3,5,11,0,5
376,否,男,3,1,7,5,161,74,69,162,0,8
377,是,女,2,0,2,0,5,2,0,5,0,0
378,是,男,2,10,3,0,7,2,0,8,0,0
379,是,男,2,0,5,0,40,15,13,41,0,9
380,是,男,2,0,3,0,13,7,0,13,0,0
381,是,男,2,1,3,0,16,2,0,16,0,0
382,否,男,7,0,13,310,3262,1029,2233,4191,20,9
383,是,男,3,0,5,5,72,22,39,72,0,8
384,是,女,2,0,3,0,6,1,0,7,0,0
385,是,男,2,1,3,0,12,3,0,12,0,0
386,否,男,3,1,5,6,44,19,18,44,0,8
387,是,男,2,2,3,0,10,1,0,10,0,0
388,是,男,2,0,3,0,11,1,5,11,0,3
389,是,女,2,2,3,0,8,1,0,8,0,0
390,是,男,2,3,3,0,16,8,0,16,0,0
391,是,男,2,5,3,0,16,7,0,16,0,0
392,否,男,4,1,6,10,212,37,175,0,0,7
393,是,男,2,5,3,0,10,3,0,10,0,0
394,是,女,2,0,2,0,2,1,0,3,0,6
395,是,男,2,4,3,0,5,1,4,5,0,7
396,是,男,3,1,4,6,26,16,3,26,1,3
397,是,男,2,1,5,0,48,16,5,48,0,4
398,是,女,2,0,3,0,7,2,0,7,0,0
399,是,男,2,1,5,1,51,23,21,52,0,8
400,是,男,2,0,6,1,44,11,16,46,0,6
401,是,男,2,1,6,0,73,22,20,72,1,6
402,否,男,4,0,2,10,6,2,2,6,0,0
403,是,女,2,2,4,0,28,9,14,29,0,8
404,是,男,3,1,4,5,25,11,14,25,0,5
405,是,男,2,2,3,0,5,3,0,5,0,0
406,否,男,6,5,8,35,233,43,190,332,0,8
407,否,女,8,1,13,470,1997,210,1775,2970,17,11
408,是,男,2,5,3,0,13,4,0,13,0,0
409,是,男,2,3,1,0,3,1,0,3,0,0
410,否,男,4,1,3,10,6,3,3,6,0,5
411,是,女,2,0,2,0,3,2,0,3,0,0
412,是,男,2,0,3,0,8,1,0,8,0,0
413,是,女,2,2,3,0,5,3,0,5,0,0
414,是,男,2,0,5,0,39,11,6,39,1,4
415,是,男,2,0,3,0,7,4,0,7,0,0
416,是,男,2,5,5,1,43,15,0,45,0,0
417,是,男,2,0,3,1,7,4,0,7,0,0
418,是,男,3,0,4,5,21,4,6,21,0,3
419,是,女,2,0,2,0,2,1,0,2,0,0
420,是,男,2,0,2,0,3,2,0,3,0,0
421,是,男,2,1,3,0,6,2,0,6,0,0
422,是,女,2,1,3,0,13,5,0,12,1,0
423,是,男,2,0,6,0,56,13,43,58,0,8
424,是,男,2,0,4,0,35,8,0,35,0,0
425,是,女,2,3,3,0,10,4,0,11,0,0
426,否,男,7,0,5,25,79,20,47,78,1,7
427,是,男,2,2,3,0,8,1,0,10,0,0
428,是,女,2,0,3,0,19,6,0,19,0,0
429,否,男,5,1,8,121,316,67,236,297,2,8
430,是,女,2,0,4,0,22,6,0,22,0,0
431,否,女,5,1,8,15,420,105,315,420,1,8
432,是,女,2,2,3,0,3,1,0,3,0,0
433,否,女,8,2,9,72,430,132,282,765,2,8
434,是,男,2,0,6,0,113,43,70,111,2,9
435,是,男,2,0,2,0,2,1,0,3,0,0
436,是,男,2,0,4,0,28,6,19,28,0,7
437,是,男,2,1,3,0,11,4,0,11,0,0
438,是,男,2,0,4,0,41,16,0,41,0,0
439,是,女,2,1,5,0,48,10,0,48,0,0
440,是,男,2,2,3,0,5,2,0,6,0,0
441,是,男,2,0,4,0,27,10,17,27,0,5
442,否,男,7,0,10,85,748,217,531,443,3,8
443,是,男,2,0,5,0,64,20,14,64,0,4
444,是,男,2,2,4,0,38,13,18,38,0,8
445,是,男,2,1,3,0,12,8,0,12,0,0
446,是,男,2,1,3,0,3,2,0,3,0,0
447,是,男,2,2,2,0,4,1,0,4,0,0
448,是,女,2,0,2,0,6,1,0,6,0,0
449,否,男,3,1,7,5,351,91,260,670,32,8
450,否,男,7,1,7,25,183,59,124,184,0,8
451,是,男,2,0,2,0,3,1,0,3,0,0
452,是,女,2,1,2,0,3,2,0,3,0,0
453,否,男,5,1,3,15,10,3,7,10,0,7
454,是,男,2,1,2,0,3,1,0,3,0,0
455,是,男,2,0,2,0,3,1,0,3,0,0
456,是,男,2,1,5,1,31,11,0,28,3,0
457,是,男,2,0,2,0,4,2,0,4,0,0
458,是,女,2,1,2,0,4,2,0,4,0,0
459,是,女,2,1,5,0,27,11,0,27,1,0
460,是,女,2,1,5,0,25,8,0,21,4,0
461,是,女,2,2,2,0,4,1,0,4,0,0
462,否,男,4,1,4,10,32,8,24,32,0,6
463,是,女,2,0,3,0,6,6,0,6,0,0
464,是,男,2,0,3,0,11,2,0,11,0,0
465,否,男,5,1,4,15,37,5,25,31,14,6
466,是,男,2,0,3,0,6,3,0,5,1,0
467,是,男,2,5,3,0,8,2,0,8,0,0
468,是,女,2,0,3,0,6,2,0,6,0,0
469,否,男,3,4,4,5,19,8,11,19,0,5
470,是,女,2,1,3,0,14,6,0,14,0,0
471,是,男,2,3,2,0,3,1,0,3,0,0
472,是,男,2,1,4,0,21,8,0,21,0,0
473,是,男,2,0,4,0,25,17,7,25,0,8
474,是,女,2,0,5,1,87,25,21,86,1,8
475,是,男,2,2,3,0,2,1,0,3,0,0
476,是,男,2,1,7,1,236,91,145,235,1,8
477,是,女,2,0,4,0,41,20,0,41,0,0
478,是,男,2,8,4,0,25,8,0,25,0,0
479,是,男,2,1,3,0,7,3,0,7,0,0
480,是,男,2,0,3,0,6,1,0,6,0,0
481,否,女,8,2,9,171,421,152,268,398,24,8
482,是,女,2,8,4,0,28,11,16,29,0,8
483,否,男,6,4,7,20,152,50,102,154,1,9
484,是,男,2,0,3,0,5,3,0,5,0,0
485,是,女,2,1,2,0,3,1,0,3,0,0
486,是,男,2,1,3,0,28,2,0,28,0,0
487,是,男,2,1,2,0,4,1,0,4,0,0
488,是,男,2,0,4,0,23,3,20,23,0,4
489,是,男,2,2,3,5,11,4,0,11,0,0
490,是,男,2,11,3,0,4,2,0,4,0,0
491,否,女,6,4,11,135,2544,489,2055,2257,6,8
492,是,男,2,0,4,0,30,8,8,30,0,8
493,是,男,2,0,2,0,6,2,4,6,0,0
494,是,男,2,2,2,0,6,4,2,6,0,0
495,是,男,2,0,4,0,9,1,0,9,0,0
496,是,男,2,1,3,0,19,4,0,20,0,0
497,是,男,2,0,2,0,3,1,0,3,0,0
498,是,男,2,0,3,0,5,2,0,6,0,0
499,是,男,2,2,4,0,21,8,13,21,0,8
500,否,男,7,1,11,29,1121,662,459,1097,0,9
501,是,男,2,2,3,0,7,2,0,7,0,0
502,是,男,2,2,4,0,30,13,0,30,0,0
503,是,女,2,0,2,0,1,1,0,1,0,0
504,是,男,2,0,2,0,3,2,1,3,0,3
505,是,男,2,1,3,0,13,6,0,12,1,0
506,否,女,7,2,9,60,438,167,271,751,13,8
507,是,男,2,0,3,0,12,6,0,12,0,0
508,否,男,7,9,4,45,33,6,27,33,0,8
509,是,男,2,1,4,0,40,15,18,40,0,8
510,是,男,2,1,6,0,48,12,36,48,1,9
511,是,男,2,2,3,0,16,5,0,17,0,0
512,否,男,3,0,3,5,22,7,0,22,0,0
513,是,女,2,2,4,1,14,7,0,15,0,0
514,是,女,3,7,3,5,15,5,1,15,0,2
515,是,男,2,1,4,0,32,11,19,0,0,8
516,是,男,2,2,4,0,21,7,0,19,0,0
517,是,女,3,8,8,10,278,70,208,234,0,10
518,否,男,5,2,8,15,287,70,209,288,0,8
519,是,男,2,2,3,0,17,8,0,17,0,0
520,是,男,2,2,5,0,46,9,37,41,0,6
521,是,男,2,0,5,0,51,22,0,52,0,0
522,是,男,2,7,3,0,10,1,9,10,0,5
523,是,男,2,2,5,1,60,21,15,60,0,8
524,是,男,2,2,3,0,9,2,0,9,0,0
525,是,女,2,0,5,0,53,13,22,57,0,8
526,是,男,2,3,4,0,27,9,0,28,0,0
527,是,男,2,1,3,0,6,2,0,7,0,0
528,是,男,2,1,4,0,15,5,0,15,0,0
529,是,男,2,1,3,0,8,3,0,8,0,0
530,是,男,2,1,3,0,7,1,0,7,0,0
531,是,女,2,4,6,0,55,19,36,56,0,8
532,是,男,2,0,3,0,15,3,0,15,0,0
533,是,男,3,4,4,5,18,5,1,18,0,6
534,否,男,3,0,6,5,95,42,49,95,0,9
535,是,女,3,1,7,10,204,42,108,204,0,9
536,是,男,2,6,4,0,36,19,17,36,0,7
537,是,男,2,4,2,0,2,1,0,2,0,0
538,是,女,4,2,2,10,1,1,0,1,0,0
539,是,男,2,0,5,0,50,18,18,51,0,8
540,是,男,2,1,3,0,13,3,0,13,0,0
541,是,女,3,0,7,10,179,35,144,227,14,8
542,否,女,5,1,7,15,135,16,119,316,0,8
543,是,女,2,1,4,0,22,13,0,21,1,0
544,是,男,2,0,3,0,8,3,0,8,0,0
545,是,男,2,0,3,0,17,4,0,17,0,0
546,是,男,2,2,4,0,22,8,0,22,0,0
547,是,男,2,0,6,0,88,22,66,0,0,7
548,是,女,2,2,4,0,31,14,0,31,0,0
549,是,男,2,0,2,0,5,1,0,6,0,0
550,否,男,8,2,6,70,108,26,71,108,0,7
551,是,男,4,1,8,10,481,193,270,487,1,8
552,是,女,2,0,2,0,2,1,0,3,0,0
553,否,男,3,4,4,5,22,9,7,22,0,7
554,是,男,2,0,3,0,2,1,0,2,0,0
555,是,男,2,0,4,1,18,4,0,17,1,0
556,否,男,9,1,13,45,3960,382,3554,3928,8,8
557,是,男,2,2,3,0,7,1,0,7,0,0
558,是,男,2,0,3,0,7,2,0,7,0,0
559,否,男,3,2,5,5,31,9,5,32,0,8
560,是,女,2,0,2,0,2,1,0,3,0,0
561,是,女,2,0,2,0,4,2,0,4,0,0
562,否,男,9,4,3,45,7,4,3,7,0,3
563,否,男,7,1,11,45,838,131,707,1258,20,10
564,是,男,2,3,2,0,3,1,0,4,0,0
565,是,男,2,0,3,0,7,1,0,8,0,0
566,是,男,2,1,6,0,97,19,0,96,1,0
567,是,男,3,0,7,5,162,51,108,161,3,9
568,是,女,2,0,3,0,15,5,0,16,0,0
569,是,男,2,1,3,0,12,1,0,13,0,0
570,是,男,2,0,2,0,5,1,0,5,0,0
571,是,男,2,0,3,0,11,4,0,11,1,0
572,是,男,3,3,6,5,116,24,47,120,0,8
573,是,男,2,1,4,0,5,3,0,7,0,0
574,是,男,2,0,3,0,14,2,0,15,0,0
575,是,女,2,0,2,0,2,1,0,3,0,0
576,是,男,2,3,5,0,34,31,3,34,0,4
577,是,男,2,8,3,0,11,4,0,11,0,0
578,是,男,3,2,6,5,91,20,43,94,0,7
579,是,男,2,1,2,0,9,1,0,6,3,0
580,是,男,2,1,3,0,6,1,0,6,0,0
581,否,男,5,0,4,25,48,6,42,49,0,7
582,是,男,2,3,4,0,46,25,4,33,13,7
583,是,女,2,0,2,0,7,2,4,8,0,0
584,是,男,3,2,5,10,25,8,17,24,2,8
585,是,女,2,0,3,0,11,3,0,11,0,0
586,是,女,2,1,2,0,4,1,0,5,0,0
587,是,男,2,1,3,0,2,1,0,3,0,0
588,是,女,2,2,3,0,2,1,0,3,0,0
589,是,男,2,1,2,0,2,1,0,3,0,0
590,是,女,2,1,3,0,19,3,0,20,0,0
591,是,女,2,1,3,0,12,3,0,12,0,0
592,是,女,2,2,3,0,10,1,0,11,0,0
593,是,男,2,1,5,0,74,16,58,75,0,7
594,否,男,3,0,5,5,54,12,41,55,0,8
595,是,女,3,0,5,5,58,17,41,58,0,7
596,否,男,8,1,6,35,159,39,114,160,0,8
597,否,女,8,5,8,37,233,82,143,226,1,8
598,是,男,2,0,3,0,19,3,0,19,0,0
599,是,男,2,1,2,0,4,1,0,5,0,0
600,否,女,5,1,8,15,556,117,439,556,0,8
601,是,女,2,1,3,0,8,4,0,8,0,0
602,是,女,2,9,5,5,41,16,24,42,0,5
603,否,男,3,1,4,6,26,11,15,26,0,9
604,是,男,2,0,2,0,3,1,0,6,0,0
605,是,男,2,1,3,0,6,1,0,6,0,0
606,是,男,2,5,3,0,3,1,0,4,0,0
607,是,女,2,4,2,0,6,1,0,6,0,0
608,是,男,2,0,4,0,19,9,0,20,0,0
609,否,男,8,0,7,50,137,31,106,178,1,8
610,是,男,2,2,4,0,38,9,0,38,0,0
611,是,男,2,0,3,0,9,6,0,10,0,0
612,是,男,3,0,2,5,2,1,0,3,0,0
613,否,男,5,0,7,15,119,48,71,120,2,9
614,是,男,2,1,3,0,7,4,0,8,0,0
615,是,男,2,0,3,0,8,2,0,9,0,0
616,是,男,2,1,3,0,9,2,0,10,0,0
617,是,女,3,2,4,5,31,12,17,31,0,7
618,否,男,4,1,2,10,3,1,2,3,0,3
619,是,女,2,1,4,0,18,5,0,19,0,0
620,是,男,2,0,3,0,11,1,0,12,0,0
621,是,女,2,3,2,0,4,1,0,4,0,0
622,是,男,2,0,4,0,30,8,0,30,0,0
623,否,男,6,7,10,20,406,78,323,406,0,8
624,否,男,3,1,2,5,6,3,2,7,0,0
625,是,男,2,2,4,0,19,6,13,19,0,7
626,否,男,8,0,12,36,1256,340,874,1075,2,9
627,否,男,5,1,7,15,116,46,70,115,1,8
628,是,男,2,3,4,0,16,7,0,17,0,0
629,否,男,5,3,8,15,303,115,172,304,1,8
630,是,女,2,1,4,0,30,10,0,30,0,0
631,是,男,2,0,3,0,12,4,0,12,0,0
632,是,女,2,1,3,0,11,2,0,11,0,0
633,是,男,2,3,4,0,18,9,0,18,0,0
634,是,男,2,0,3,0,18,7,0,18,0,0
635,是,女,2,0,3,0,16,4,0,17,0,0
636,是,男,2,2,5,1,54,32,0,54,0,0
637,是,男,2,4,4,0,23,3,0,24,0,0
638,是,男,2,4,3,0,8,2,0,8,0,0
639,是,男,2,0,3,0,7,1,0,7,0,0
640,是,男,2,0,4,0,12,5,0,13,0,0
641,是,男,2,1,4,0,24,9,10,24,0,5
642,否,女,3,0,6,5,53,17,36,54,0,8
643,否,男,3,2,7,5,119,29,65,119,0,8
644,否,女,5,0,9,26,1099,235,864,1561,284,8
645,否,男,7,1,6,25,84,8,76,84,1,8
646,否,女,5,1,6,25,102,23,79,105,1,6
647,是,男,2,4,4,0,32,11,18,32,0,8
648,是,男,2,2,2,0,6,1,0,6,0,0
649,否,男,8,0,7,70,243,113,130,261,16,8
650,否,男,6,0,8,20,326,134,192,325,3,8
651,是,男,2,1,4,1,35,6,24,36,0,6
652,是,男,2,0,3,0,13,1,0,13,0,0
653,是,男,2,0,3,0,5,1,0,6,0,0
654,是,女,2,1,5,0,23,2,0,24,0,0
655,是,女,3,2,6,5,105,39,41,104,1,6
656,是,男,2,0,5,0,62,34,14,63,0,8
657,是,男,2,2,4,0,34,20,11,34,0,8
658,否,男,3,0,4,5,32,11,16,34,0,8
659,是,男,2,7,4,0,10,2,8,9,1,4
660,是,男,2,2,4,0,32,13,16,32,0,6
661,是,男,2,2,6,0,91,26,61,92,1,9
662,是,男,2,0,5,0,58,16,21,59,0,9
663,是,女,2,1,2,0,3,1,0,3,0,0
664,是,男,2,1,3,0,5,1,0,5,0,0
665,是,男,3,0,3,5,11,2,6,14,0,2
666,是,男,2,0,3,0,17,4,0,17,0,0
667,是,男,2,0,3,0,9,5,0,9,0,0
668,是,男,2,0,3,0,12,5,0,12,0,0
669,否,男,6,0,3,20,4,1,3,5,0,4
670,是,男,2,2,3,0,16,1,0,16,0,0
671,是,男,2,0,4,0,25,9,0,26,0,0
672,是,男,3,15,6,5,79,26,53,79,0,8
673,是,男,2,1,5,0,30,6,0,30,0,0
674,是,男,2,2,3,0,10,1,0,10,0,0
675,是,男,2,0,2,0,2,1,0,4,0,0
676,是,男,3,1,3,5,8,2,2,9,0,2
677,是,男,2,1,3,0,9,2,4,9,0,3
678,是,男,2,0,4,0,17,9,2,18,0,5
679,是,男,2,0,2,0,3,1,0,3,0,0
680,是,男,2,0,6,0,115,35,51,116,0,6
681,否,男,5,0,6,15,103,28,75,115,0,9
682,是,男,2,0,6,0,141,34,14,138,3,3
683,是,男,3,0,4,5,18,4,0,18,0,0
684,否,男,3,2,4,5,33,13,2,35,0,6
685,是,男,2,0,3,0,11,3,0,11,0,0
686,是,男,2,2,5,0,39,13,16,42,1,8
687,是,女,2,0,2,0,6,2,0,6,0,0
688,是,女,2,0,2,0,6,4,0,6,0,0
689,是,男,2,0,6,0,68,15,30,69,0,8
690,否,男,6,1,6,20,71,19,52,71,0,8
691,是,男,2,1,5,0,63,6,52,65,0,6
692,是,男,2,1,4,0,17,2,5,17,0,3
693,是,男,2,2,3,0,6,1,0,7,0,0
694,是,男,2,1,4,0,30,16,0,30,0,0
695,是,男,2,0,2,0,3,1,0,3,0,0
696,是,男,2,0,4,0,23,6,3,24,0,5
697,是,男,2,1,4,0,13,5,0,13,0,0
698,是,男,3,5,3,5,16,5,7,17,0,4
699,是,女,2,0,3,0,9,2,0,10,0,0
700,是,男,4,1,5,10,44,16,28,43,1,7
701,是,男,3,1,4,5,29,16,5,29,0,4
702,是,男,2,0,3,0,19,5,0,18,1,0
703,是,男,2,0,2,0,5,2,0,6,0,0
704,是,男,2,1,3,0,14,1,0,14,0,0
705,是,男,2,1,4,0,26,17,0,26,0,0
706,是,女,2,0,2,0,2,1,0,3,0,0
707,是,男,2,2,3,0,18,3,6,18,0,4
708,是,男,2,0,2,0,3,1,0,3,0,0
709,是,男,2,1,3,0,5,1,0,5,0,0
710,是,女,2,1,2,0,3,2,0,3,0,0
711,是,男,2,0,2,0,3,1,0,3,0,0
712,是,男,2,4,7,0,97,30,67,97,0,7
713,是,男,2,2,5,1,67,26,41,67,0,7
714,是,男,2,0,4,0,21,7,11,21,0,7
715,是,男,2,0,4,0,19,10,0,20,0,0
716,是,男,2,0,3,0,6,2,0,6,0,0
717,是,男,2,0,2,0,4,3,0,4,0,0
718,否,男,5,1,6,15,57,20,37,62,0,9
719,是,男,2,0,3,0,14,7,0,15,0,0
720,是,男,2,0,5,1,49,16,27,50,0,7
721,否,男,4,1,5,10,67,24,39,93,0,7
722,是,男,3,0,6,5,89,33,39,88,1,7
723,否,男,4,6,5,10,39,6,32,43,0,8
724,是,男,2,2,5,0,57,15,16,57,1,6
725,是,男,2,1,3,0,17,2,12,17,0,4
726,否,女,8,1,11,35,4607,2023,2584,4584,24,10
727,是,男,2,1,4,0,19,5,0,20,0,0
728,是,男,3,0,4,5,29,11,0,29,0,0
729,是,男,2,1,3,0,12,7,0,12,0,0
730,是,女,2,1,3,0,4,1,0,4,0,0
731,是,男,2,1,2,0,2,1,0,2,0,0
732,是,男,2,2,4,0,11,2,0,11,0,0
733,是,男,2,1,2,0,2,1,0,3,0,0
734,是,男,2,0,4,0,27,7,20,27,0,6
735,是,男,3,0,4,5,28,7,16,29,0,7
736,否,男,9,1,14,45,7215,590,6568,174,0,9
737,是,男,2,0,4,0,21,7,0,21,0,0
738,否,男,4,7,8,10,279,72,207,270,0,9
739,是,男,2,1,3,0,5,2,0,5,0,0
740,是,男,2,0,3,0,5,2,0,6,0,0
741,是,男,2,6,6,1,163,51,97,164,0,8
742,是,男,2,1,3,0,6,1,0,7,0,0
743,否,男,6,1,8,20,259,84,175,260,1,11
744,是,女,2,0,3,0,8,3,0,8,0,0
745,是,女,2,0,6,0,81,20,19,81,0,5
746,是,男,2,1,2,0,3,2,0,3,0,0
747,是,男,2,1,5,0,50,15,10,51,1,5
748,是,男,2,1,2,0,6,1,0,6,0,0
749,是,男,2,4,3,0,15,5,0,15,0,0
750,是,男,2,2,5,1,63,23,0,64,1,0
751,是,男,2,1,4,0,20,6,14,20,0,9
752,是,女,2,0,2,0,3,2,0,3,0,0
753,是,男,2,1,3,0,4,1,0,4,0,0
754,是,男,2,0,2,0,7,1,0,7,0,0
755,是,男,2,0,6,0,98,32,19,98,0,5
756,是,男,2,0,3,0,11,3,8,11,0,8
757,是,男,2,4,5,0,41,18,16,41,0,7
758,是,男,2,0,4,0,24,5,0,24,0,0
759,是,男,2,0,2,0,4,2,0,4,0,0
760,否,女,6,0,7,35,202,66,136,326,19,8
761,是,男,2,0,3,0,2,1,0,2,0,0
762,是,女,2,0,7,0,236,54,182,231,5,8
763,是,男,2,4,3,0,6,1,0,7,0,0
764,是,男,2,0,5,0,26,12,0,26,0,0
765,是,男,2,0,3,0,11,1,0,12,0,0
766,是,男,4,1,4,10,17,3,14,17,0,6
767,是,男,2,0,3,0,8,2,0,8,0,0
768,是,男,2,2,3,0,4,3,0,4,0,0
769,否,男,5,1,3,15,19,3,13,11,8,4
770,是,男,2,0,4,0,29,9,14,29,0,8
771,是,男,2,1,6,0,71,14,54,70,1,6
772,是,男,2,5,4,0,34,18,0,34,0,0
773,是,男,4,0,4,10,40,11,27,41,0,8
774,是,男,2,0,2,0,3,1,0,3,0,0
775,是,男,2,0,3,0,10,3,0,10,0,0
776,是,男,2,0,2,0,2,1,0,2,0,0
777,是,男,2,1,2,0,4,3,0,4,0,0
778,是,男,3,12,4,5,29,10,19,29,0,6
779,是,女,2,0,7,0,332,75,245,328,4,8
780,是,男,2,2,3,0,11,2,0,11,0,0
781,否,男,5,0,6,15,70,24,46,71,0,6
782,是,男,2,1,3,0,6,3,0,6,0,0
783,否,女,7,1,9,25,348,96,246,276,1,9
784,是,女,3,2,7,5,167,46,121,167,1,8
785,是,女,2,0,3,0,6,4,2,5,1,3
786,是,女,3,9,3,5,2,1,1,2,0,7
787,是,男,2,0,2,0,5,1,0,6,0,0
788,是,男,2,1,5,0,41,14,18,42,0,7
789,否,女,8,7,4,30,40,7,30,27,11,5
790,否,男,3,1,3,5,11,2,9,11,0,6
791,否,男,4,5,6,10,77,28,24,77,0,5
792,是,男,2,2,3,0,13,1,0,13,0,0
793,否,女,8,1,6,35,100,25,75,100,0,8
794,是,男,3,1,7,5,669,55,614,669,8,8
795,是,男,3,1,7,10,675,54,621,655,23,9
796,是,男,2,0,4,0,35,13,18,35,0,8
797,是,男,2,1,4,0,25,8,0,25,0,0
798,是,男,3,0,6,10,77,22,48,77,0,8
799,是,男,2,0,6,0,128,50,78,258,0,9
800,否,男,6,1,7,21,155,40,113,161,1,8
801,是,男,2,0,5,0,60,18,42,60,1,8
802,是,男,2,0,3,0,17,2,0,17,0,0
803,否,男,5,0,4,15,42,13,29,42,0,7
804,是,男,2,1,4,0,28,4,0,28,0,0
805,是,男,2,1,3,0,9,3,0,9,0,0
806,是,男,2,2,5,0,51,9,0,51,0,0
807,是,女,2,1,3,0,5,3,0,5,0,0
808,是,男,2,14,3,0,7,3,0,5,0,0
809,是,男,3,3,6,5,108,21,87,89,1,9
810,是,女,2,7,4,0,26,11,0,26,0,0
811,是,男,2,1,3,0,9,1,0,9,0,0
812,是,男,2,0,3,0,12,4,0,13,0,0
813,是,男,2,0,2,0,5,1,0,5,0,0
814,是,男,2,3,5,0,49,13,29,40,0,7
815,是,男,2,0,3,0,8,3,0,7,1,0
816,是,男,2,0,4,0,17,8,0,17,0,0
817,否,男,5,0,6,15,118,16,74,118,1,9
818,否,男,4,2,5,11,59,18,30,59,0,8
819,否,男,4,3,9,11,527,180,341,476,0,8
820,是,男,2,2,3,0,12,2,0,13,0,0
821,是,女,4,1,6,10,109,27,80,111,0,9
822,是,男,3,1,3,5,9,3,0,9,0,0
823,是,男,2,1,3,0,10,3,0,11,0,0
824,是,男,2,3,3,0,12,2,0,12,0,0
825,是,男,2,1,3,0,13,2,0,13,0,0
826,否,男,4,0,5,10,73,13,57,73,0,9
827,是,男,2,2,3,0,14,7,0,14,0,0
828,是,男,3,2,4,5,27,4,23,28,0,6
829,是,男,3,1,6,6,74,26,41,69,0,8
830,是,男,4,0,6,10,123,48,75,124,1,8
831,是,男,3,0,4,5,27,14,13,27,0,5
832,是,男,2,1,2,0,2,2,0,2,0,0
833,否,男,3,2,3,5,7,1,0,6,1,0
834,是,男,2,6,3,0,3,2,0,3,0,0
835,是,男,2,2,5,0,39,14,21,39,1,6
836,是,男,2,3,3,0,5,1,0,5,0,0
837,是,男,2,0,4,0,38,16,0,37,1,0
838,是,男,2,0,7,1,158,57,0,0,0,0
839,是,女,2,0,3,0,16,3,0,16,0,0
840,是,男,2,0,6,0,56,7,0,56,0,0
841,是,男,2,1,4,0,34,5,0,34,0,0
842,是,男,2,0,3,0,15,1,0,17,0,0
843,是,男,2,0,3,0,7,2,0,8,0,0
844,是,男,2,1,4,1,32,14,15,32,0,6
845,是,女,4,3,5,10,70,25,45,71,0,7
846,是,男,2,0,3,1,4,2,0,4,0,0
847,是,男,2,6,4,0,23,8,7,24,0,4
848,是,男,2,0,4,0,35,10,18,36,0,7
849,是,男,3,2,5,5,69,17,45,69,0,8
850,否,男,5,1,6,15,134,46,69,163,0,8
851,是,男,2,0,3,0,10,3,0,10,0,0
852,是,男,4,4,5,10,69,15,50,69,0,8
853,否,女,10,0,16,595,3677,328,3337,3313,8,9
854,否,女,10,0,11,58,1361,350,1011,1382,3,9
855,是,男,2,0,4,0,34,14,0,35,0,0
856,是,男,2,0,2,0,2,1,0,2,0,0
857,是,女,2,0,2,0,6,1,0,5,1,0
858,是,男,2,0,5,0,30,13,0,30,0,0
859,是,男,2,0,4,1,23,4,17,26,0,4
860,是,男,2,0,4,0,23,7,0,23,0,0
861,是,男,2,1,3,0,11,3,0,12,0,0
862,否,男,6,1,6,40,100,33,67,169,0,11
863,是,男,2,0,6,0,96,29,3,97,0,5
864,是,男,2,0,3,0,5,1,0,5,0,0
865,是,女,2,3,3,0,3,1,2,3,0,4
866,是,女,2,1,3,0,7,3,0,8,0,0
867,是,女,2,0,3,0,13,2,0,13,0,0
868,是,女,2,2,3,0,8,2,0,8,0,0
869,是,女,2,1,6,0,102,34,24,105,0,8
870,是,女,2,1,5,0,39,12,20,40,0,8
871,是,男,2,0,3,0,14,3,0,14,0,0
872,是,女,2,1,3,0,8,2,0,8,0,0
873,是,女,2,0,5,0,31,13,0,31,0,0
874,否,男,4,10,4,10,41,8,30,42,0,5
875,是,男,2,0,4,0,39,12,26,40,0,4
876,是,男,5,0,6,15,118,39,79,120,0,8
877,是,男,3,0,2,5,2,1,0,2,0,0
878,否,女,7,1,8,25,181,40,141,176,6,9
879,否,男,3,0,6,5,64,18,43,56,9,8
880,是,男,3,4,3,6,9,6,3,10,0,8
881,否,男,6,3,6,20,93,18,72,91,2,8
882,是,男,2,0,2,0,8,1,7,9,0,3
883,是,男,2,3,3,0,9,3,0,9,0,0
884,否,男,3,1,2,5,4,1,3,4,0,4
885,是,男,2,1,4,0,20,7,0,20,0,0
886,否,男,9,1,13,92,1877,457,1420,2752,4,9
887,是,男,2,1,4,0,30,6,24,31,0,8
888,是,男,2,0,4,0,48,8,39,48,0,8
889,是,男,2,0,4,0,19,3,0,19,0,0
890,是,男,3,0,4,5,37,16,21,37,0,8
891,是,男,2,1,4,0,17,10,0,17,0,0
892,是,男,2,0,5,0,27,7,0,26,1,0
893,是,女,2,1,6,0,121,24,60,121,0,8
894,是,男,2,0,2,0,4,1,0,4,0,0
895,是,女,2,1,2,0,2,2,0,2,0,0
896,是,男,2,0,2,0,3,1,0,3,0,0
897,是,男,2,2,3,0,5,2,0,5,0,0
898,是,男,2,0,3,0,9,2,0,9,0,0
899,是,男,3,0,4,10,35,6,21,64,0,6
900,是,男,2,0,3,0,9,6,0,9,0,0
901,是,男,2,0,2,0,1,1,0,1,0,0
902,是,男,2,2,2,0,3,1,0,3,0,0
903,是,男,2,2,3,0,9,1,0,9,0,0
904,是,男,2,1,4,1,26,13,13,26,0,7
905,否,男,4,3,5,10,67,21,46,68,0,10
906,是,男,2,0,3,0,12,6,0,12,0,0
907,是,男,2,1,3,0,5,2,0,5,0,0
908,是,男,2,1,4,0,20,2,0,20,0,0
909,是,男,2,0,2,0,4,2,0,4,0,0
910,是,男,2,1,3,0,6,2,0,6,0,0
911,是,男,2,2,3,0,10,1,4,10,0,4
912,是,男,3,2,6,5,106,27,79,106,0,8
913,是,男,2,1,5,1,33,7,22,31,2,7
914,是,男,2,1,6,0,64,15,32,63,1,8
915,是,男,2,1,4,0,42,12,0,42,0,0
916,是,女,2,1,3,0,7,4,0,7,0,0
917,是,男,2,0,4,0,21,6,0,21,0,0
918,是,女,2,0,2,0,3,1,0,3,0,0
919,是,男,2,0,2,0,3,1,0,4,0,0
920,是,男,2,1,6,0,77,33,11,79,0,6
921,是,男,2,3,4,0,20,8,0,20,0,0
922,是,男,3,1,3,5,17,3,14,17,0,8
923,是,女,2,1,2,0,4,1,0,4,0,0
924,否,男,3,5,7,6,138,32,80,137,1,8
925,是,男,2,2,4,0,30,10,0,30,0,0
926,是,男,2,0,2,0,6,2,0,6,0,0
927,是,男,2,0,4,0,24,15,0,24,0,0
928,是,男,2,0,6,1,65,17,34,69,0,8
929,是,男,2,0,3,0,13,2,0,13,0,0
930,是,男,2,0,4,0,30,9,0,31,0,0
931,是,男,2,1,4,0,27,2,24,27,0,5
932,否,女,6,5,6,20,112,24,88,84,0,9
933,是,男,2,1,3,0,11,2,0,11,0,0
934,是,女,2,1,3,0,5,1,0,5,0,0
935,是,男,2,1,4,0,24,10,0,25,1,0
936,否,女,4,0,5,20,59,31,28,60,0,8
937,否,男,10,3,14,115,3186,652,2482,2875,27,10
938,是,男,5,2,7,15,139,65,73,141,1,8
939,是,男,2,0,3,0,13,3,0,13,0,0
940,是,女,3,10,5,5,42,21,11,42,0,7
941,是,男,2,0,4,0,33,7,0,34,0,0
942,否,男,8,3,10,36,627,125,474,628,1,8
943,是,男,2,0,4,0,19,4,0,19,0,0
944,是,女,2,0,4,0,24,11,0,24,0,0
945,否,男,8,0,8,33,240,63,132,240,0,8
946,是,男,2,0,6,1,60,21,0,59,1,0
947,是,男,2,0,3,0,4,1,0,4,0,0
948,是,男,2,0,5,0,72,20,17,72,0,8
949,是,男,2,1,3,0,5,1,0,6,0,0
950,是,男,2,1,3,0,11,4,0,11,0,0
951,否,男,5,4,5,15,63,9,52,63,0,8
952,否,男,7,1,8,35,338,73,265,346,0,9
953,是,男,3,0,3,5,7,1,5,10,0,8
954,是,男,2,0,4,0,40,12,21,40,0,8
955,否,男,8,4,10,80,941,249,692,1342,3,8
956,是,男,3,2,4,5,16,5,2,18,0,3
957,是,女,2,0,3,0,12,5,0,13,0,0
958,是,男,2,0,2,0,5,2,0,5,0,0
959,是,女,2,0,3,0,6,2,0,6,0,0
960,是,女,2,2,4,0,45,16,29,45,0,4
961,是,女,2,2,6,0,51,12,39,51,0,6
962,是,男,3,0,5,5,51,12,16,52,0,7
963,否,女,6,1,6,20,79,22,57,79,0,8
964,否,女,6,1,9,175,789,165,624,799,3,8
965,是,男,2,0,4,0,21,6,0,21,0,0
966,是,男,2,1,4,0,40,13,0,40,0,0
967,是,男,2,1,5,0,39,13,5,41,0,6
968,是,男,2,2,4,0,11,4,0,11,0,0
969,是,男,2,0,5,0,58,30,28,40,19,3
970,是,男,2,3,2,0,5,1,0,5,0,0
971,是,女,3,0,8,11,354,74,280,80,8,8
972,是,女,2,0,3,0,7,1,0,6,1,0
973,是,女,2,1,4,0,18,11,0,18,0,0
974,是,男,2,1,4,0,31,14,15,31,0,7
975,是,男,2,4,5,0,44,19,0,44,0,0
976,是,男,2,0,3,0,12,3,0,13,0,0
977,是,女,4,1,3,10,9,4,5,9,0,4
978,是,女,3,1,7,5,177,30,147,175,2,7
979,是,男,2,3,6,0,155,72,69,157,0,10
980,是,男,4,1,6,10,101,25,67,102,0,7
981,是,男,4,0,6,10,79,26,51,79,1,8
982,是,男,2,1,3,0,11,2,0,11,0,0
983,是,男,3,0,7,5,122,38,52,122,0,8
984,否,男,6,2,5,20,71,21,50,72,0,8
985,是,男,2,0,3,0,9,2,0,9,0,0
986,否,男,4,0,7,10,231,52,157,207,24,8
987,是,男,2,3,4,0,28,6,0,28,0,0
988,是,女,2,0,3,0,4,1,0,5,0,0
989,是,男,2,0,2,0,4,2,0,4,0,0
990,是,男,2,4,4,0,23,4,0,23,0,0
991,是,女,2,0,2,0,3,1,0,3,0,0
992,是,男,2,0,2,0,4,2,0,4,0,0
993,是,男,2,2,3,0,9,2,0,10,0,0
994,否,女,6,2,7,20,296,107,189,300,2,8
995,是,男,2,0,3,0,13,2,0,13,0,0
996,是,女,2,0,2,0,4,1,0,4,0,0
997,是,男,3,0,2,5,3,1,2,3,0,0
998,否,女,3,0,4,10,43,8,3,44,0,3
999,否,男,3,1,5,5,86,43,26,86,0,4
1000,是,男,2,0,2,0,5,1,0,5,0,0
1001,是,女,2,0,2,0,3,2,0,3,0,0
1002,是,男,2,0,5,0,55,14,17,55,0,8
1003,是,男,2,1,3,0,3,1,0,4,0,0
1004,否,女,7,2,11,75,1051,157,894,898,9,10
1005,是,男,2,0,3,0,7,4,0,7,0,0
1006,是,男,2,1,3,0,10,1,0,10,0,0
1007,是,男,2,0,3,0,15,5,0,15,0,0
1008,是,男,2,0,2,0,8,5,0,8,0,0
1009,是,男,2,0,2,0,8,3,0,8,0,0
1010,是,男,2,0,3,0,17,3,0,17,0,0
1011,是,女,2,1,3,0,12,2,0,12,0,0
1012,是,男,2,0,2,0,5,2,0,5,0,0
1013,是,女,2,1,3,0,21,6,0,21,0,0
1014,是,男,2,0,3,0,10,3,0,10,0,0
1015,是,男,2,0,3,0,13,3,0,13,0,0
1016,是,男,2,2,4,0,16,6,4,16,0,8
1017,是,男,2,3,2,0,3,1,0,3,0,0
1018,是,男,2,2,4,0,28,17,0,28,0,0
1019,是,男,3,0,7,5,136,44,88,137,1,8
1020,否,男,8,5,12,60,3402,541,2846,3711,5,8
1021,否,女,10,1,9,60,360,49,311,420,0,7
1022,否,男,5,5,8,17,248,86,162,320,16,8
1023,是,男,2,4,5,0,61,20,26,61,0,8
1024,是,男,2,0,3,0,15,2,0,16,0,0
1025,是,男,2,1,3,0,14,5,0,15,0,0
1026,是,男,2,0,2,0,6,2,0,6,0,0
1027,否,女,3,0,6,10,94,36,58,188,0,8
1028,否,男,3,3,5,5,57,22,10,58,0,4
1029,是,男,2,0,3,0,10,2,0,10,0,0
1030,否,男,3,2,7,5,165,56,109,165,0,9
1031,是,女,2,0,3,1,23,18,0,24,0,0
1032,是,男,2,0,4,0,25,10,15,25,0,8
1033,是,男,2,0,3,0,10,5,0,10,0,0
1034,是,女,2,0,7,0,116,30,18,105,11,6
1035,是,女,2,0,5,0,80,23,31,81,1,8
1036,是,男,2,0,3,0,7,2,0,6,1,0
1037,是,女,2,0,6,0,53,14,0,53,0,0
1038,是,男,2,0,3,0,11,2,9,11,0,6
1039,是,男,2,4,3,0,12,3,0,12,0,0
1040,是,男,2,2,4,0,22,2,0,22,0,0
1041,否,男,7,2,11,26,1082,397,654,813,4,9
1042,是,女,2,0,6,0,91,19,62,90,1,8
1043,否,男,3,11,6,5,108,43,44,108,0,8
1044,否,女,5,2,9,15,970,239,731,970,0,8
1045,否,男,10,1,6,55,85,20,43,54,6,9
1046,是,女,2,2,6,0,51,8,43,52,0,8
1047,是,男,2,4,3,0,10,4,0,11,0,0
1048,是,男,3,7,7,5,182,67,115,184,0,8
1049,否,男,6,3,5,20,65,15,50,50,0,8
1050,否,男,3,4,3,5,2,1,1,2,0,5
1051,否,女,6,1,7,20,201,64,130,193,0,8
1052,是,男,2,3,4,0,20,6,0,20,0,0
1053,否,男,3,0,5,5,22,3,19,23,0,4
1054,否,女,7,1,4,25,37,8,29,37,0,7
1055,否,男,5,1,5,15,40,15,25,40,1,8
1056,是,男,2,0,3,0,10,3,0,10,0,0
1057,是,男,3,4,8,5,315,112,168,176,0,8
1058,是,男,3,1,6,5,68,17,22,54,15,7
1059,是,男,2,0,5,0,40,8,32,39,2,6
1060,是,男,2,2,2,0,5,1,0,5,0,0
1061,是,男,2,3,3,0,7,5,0,7,0,0
1062,否,男,8,1,4,30,15,6,9,15,0,4
1063,否,男,4,1,6,15,71,15,43,87,2,7
1064,是,男,2,1,3,0,6,3,0,6,0,0
1065,否,男,5,3,4,16,37,14,23,37,0,8
1066,否,男,4,0,4,10,43,8,35,78,3,4
1067,否,男,4,2,6,15,52,17,26,36,0,8
1068,否,男,8,0,7,40,290,51,238,287,4,9
1069,否,男,4,7,5,10,63,34,29,63,0,7
1070,是,男,2,5,4,0,17,6,0,17,0,0
1071,是,男,2,0,4,1,20,8,0,20,0,0
1072,是,男,2,0,3,0,10,1,0,10,1,0
1073,是,男,2,1,5,1,65,25,18,0,0,7
1074,是,男,3,0,6,5,91,28,1,91,0,2
1075,是,男,2,3,2,0,3,1,0,3,0,0
1076,是,男,3,0,7,5,159,45,109,158,1,8
1077,是,男,2,0,3,0,15,4,11,15,0,7
1078,否,男,3,7,6,6,49,9,39,49,1,10
1079,是,男,2,0,4,0,38,3,26,38,0,6
1080,是,男,2,1,4,0,20,6,13,20,0,8
1081,否,男,7,1,8,25,254,53,186,197,40,8
1082,是,女,2,0,3,0,11,2,0,11,0,0
1083,否,男,4,0,4,10,46,19,27,45,1,8
1084,否,男,8,1,10,35,951,167,784,913,2,9
1085,是,男,2,1,4,0,35,14,0,36,0,0
1086,是,男,2,1,3,0,5,1,0,5,0,0
1087,否,男,4,0,5,10,61,17,44,61,0,8
1088,是,男,2,1,4,0,12,2,10,12,0,7
1089,是,男,2,1,3,0,6,2,0,6,0,0
1090,是,男,2,0,3,0,8,1,0,8,0,0
1091,否,男,7,2,3,25,14,4,9,9,4,5
1092,是,男,2,1,5,0,43,13,23,43,0,7
1093,是,男,3,1,4,5,39,9,30,39,0,8
1094,否,男,6,3,10,21,531,215,316,528,3,10
1095,是,男,2,1,3,0,10,1,0,11,0,0
1096,是,男,2,2,4,0,30,12,0,31,0,0
1097,是,男,2,0,2,0,3,1,0,3,0,0
1098,是,男,2,2,3,0,9,1,0,9,0,0
1099,是,男,2,1,5,0,29,8,0,30,0,0
1100,是,男,2,0,2,0,2,1,0,3,0,0
1101,是,男,3,0,6,5,56,15,41,56,0,7
1102,否,男,3,1,3,5,9,3,6,9,0,5
1103,否,男,10,1,15,280,7168,1869,5299,12425,73,10
1104,是,女,2,1,2,0,4,2,0,4,0,0
1105,是,女,2,1,2,0,4,1,0,4,0,0
1106,是,男,2,1,3,0,7,1,0,7,0,0
1107,是,男,3,2,5,5,72,16,30,72,0,6
1108,是,男,2,5,5,1,49,16,0,49,0,0
1109,是,男,2,0,3,0,24,11,1,24,0,3
1110,否,男,6,4,7,20,119,34,84,119,0,9
1111,是,男,4,4,5,10,64,22,41,64,0,7
1112,是,男,3,0,5,5,32,5,27,32,1,7
1113,是,男,2,2,3,0,8,1,0,8,0,0
1114,是,男,2,0,4,0,17,3,0,18,0,0
1115,是,男,3,2,4,5,39,11,14,41,0,4
1116,是,男,2,0,2,0,4,2,0,4,0,0
1117,是,男,2,1,3,0,10,3,0,7,3,0
1118,是,男,3,0,5,5,50,17,28,50,0,8
1119,否,男,6,1,3,20,23,4,19,27,0,4
1120,是,男,2,0,4,0,31,5,26,30,1,7
1121,是,男,2,6,3,0,8,3,0,8,0,0
1122,是,男,3,0,6,5,91,34,46,92,0,8
1123,是,女,2,3,4,0,24,3,0,24,0,0
1124,否,男,4,2,4,15,28,6,15,28,0,8
1125,是,男,2,14,5,0,33,10,4,34,0,3
1126,否,男,4,0,5,10,75,25,50,75,0,7
1127,是,女,2,3,5,5,46,8,24,46,0,8
1128,是,男,2,0,4,0,39,7,13,40,0,4
1129,是,男,2,1,6,0,70,14,54,70,0,5
1130,是,女,2,1,4,0,15,4,0,16,0,0
1131,是,男,2,1,3,0,7,1,0,7,0,0
1132,是,男,2,2,2,0,3,1,0,2,1,0
1133,是,男,2,0,3,0,11,4,0,11,0,0
1134,是,男,2,1,3,0,7,3,0,7,0,0
1135,是,男,3,1,0,10,1,1,0,1,0,0
1136,是,男,2,0,5,0,84,33,17,168,0,5
1137,是,男,2,0,3,0,14,6,0,14,0,0
1138,是,男,3,0,3,5,20,3,2,21,0,0
1139,是,男,2,1,6,0,71,19,19,71,1,8
1140,否,男,8,4,8,35,196,48,148,301,4,8
1141,否,女,5,3,5,15,87,37,50,87,0,8
1142,是,男,2,2,3,0,8,1,0,8,0,0
1143,是,男,2,0,5,1,58,11,0,58,0,0
1144,是,男,2,4,3,0,10,5,0,10,0,0
1145,是,男,2,1,3,0,4,1,0,4,0,0
1146,是,女,2,0,4,0,17,5,0,17,0,0
1147,是,女,5,1,9,30,1129,226,903,2254,4,8
1148,是,男,2,1,3,0,8,2,0,8,0,0
1149,是,男,3,1,5,5,33,7,26,27,6,8
1150,是,女,2,0,4,0,28,5,0,29,0,0
1151,是,男,2,2,4,0,30,6,23,30,0,8
1152,是,男,2,4,4,0,13,5,8,13,0,8
1153,否,女,4,0,6,11,115,32,76,115,0,8
1154,是,男,4,1,7,11,211,40,170,211,0,8
1155,是,女,2,0,2,0,3,1,0,3,0,0
1156,是,男,2,2,3,0,9,3,0,10,0,0
1157,是,男,2,1,5,0,20,4,16,14,7,5
1158,是,男,2,0,3,0,11,2,0,11,0,0
1159,是,男,2,0,3,0,15,3,0,14,1,0
1160,是,女,2,0,3,0,12,2,0,12,0,0
1161,是,男,3,0,5,10,43,15,28,86,0,8
1162,是,男,2,0,3,0,7,2,0,6,1,0
1163,是,女,2,3,3,0,12,5,0,12,0,0
1164,是,男,2,1,7,0,109,31,46,109,0,8
1165,否,男,6,0,6,25,66,18,43,129,9,7
1166,是,男,2,1,6,0,52,13,0,50,2,0
1167,是,男,2,1,5,0,30,8,0,26,4,0
1168,是,男,2,1,5,0,48,9,39,42,6,6
1169,是,男,2,0,3,0,4,1,0,5,0,0
1170,是,男,2,0,2,0,3,1,0,3,0,0
1171,是,男,2,0,4,0,21,10,11,21,0,8
1172,是,男,2,6,3,0,7,2,0,7,0,0
1173,是,男,3,0,5,5,53,22,31,53,0,8
1174,是,男,2,0,3,0,9,1,0,10,0,0
1175,是,男,2,0,4,0,30,12,0,30,0,0
1176,是,男,2,0,2,0,1,1,0,1,0,0
1177,是,男,2,2,3,0,18,3,0,18,0,0
1178,是,男,3,0,6,5,63,17,46,67,0,8
1179,是,女,2,0,2,0,2,1,0,3,0,0
1180,是,男,2,2,3,0,19,7,0,19,0,0
1181,是,女,2,0,3,0,8,1,0,18,0,0
1182,否,女,4,1,7,10,132,44,68,132,0,7
1183,是,女,2,0,2,0,4,2,0,4,0,0
1184,是,男,2,0,6,0,69,29,6,70,0,8
1185,是,男,3,1,3,5,18,7,11,19,0,4
1186,否,男,9,12,13,1,2935,882,2053,2913,27,10
1187,否,男,8,1,8,33,232,56,176,232,0,9
1188,是,男,2,2,3,0,7,3,0,9,0,0
1189,是,男,2,1,4,0,41,10,23,41,0,8
1190,否,男,6,1,6,20,85,32,45,87,0,7
1191,是,男,2,4,5,0,46,13,21,46,0,8
1192,否,男,5,0,4,16,30,10,20,31,0,7
1193,是,男,2,0,3,0,8,6,0,8,0,0
1194,是,男,2,0,3,0,11,5,0,11,0,0
1195,是,男,3,0,5,5,48,14,34,48,0,6
1196,是,男,2,0,5,0,26,4,22,28,0,8
1197,是,女,2,1,3,0,8,4,0,8,0,0
1198,是,男,3,1,3,5,6,2,4,6,0,4
1199,是,男,2,2,3,0,3,1,0,3,0,0
1200,是,男,2,1,3,0,11,1,0,11,0,0
1201,是,男,2,0,4,0,24,9,0,25,0,0
1202,否,男,3,6,3,5,4,1,3,5,0,3
1203,是,女,2,0,4,0,30,8,0,29,1,0
1204,是,女,2,0,5,0,50,13,36,52,0,8
1205,是,男,3,6,7,5,97,37,59,97,1,8
1206,是,男,2,0,2,5,6,1,0,6,0,0
1207,是,男,3,2,4,10,35,9,26,40,0,8
1208,是,男,3,0,6,5,69,14,55,72,1,7
1209,是,男,2,0,3,0,8,2,0,9,0,0
1210,是,男,2,0,3,0,14,3,0,15,0,0
1211,否,男,9,1,7,100,307,139,166,397,41,8
1212,否,女,8,1,8,60,523,252,269,667,90,9
1213,是,男,2,0,3,0,17,5,0,17,0,0
1214,是,女,2,1,5,0,33,6,27,26,7,8
1215,否,男,3,1,2,5,3,1,2,3,0,4
1216,是,男,2,0,3,0,21,3,0,21,0,0
1217,是,男,2,0,3,0,6,1,0,6,0,0
1218,是,男,2,1,5,0,56,19,0,56,0,0
1219,否,男,7,0,7,25,104,26,76,105,0,8
1220,是,男,3,0,7,5,200,42,158,187,13,8
1221,否,男,7,3,8,27,315,122,182,315,0,8
1222,是,男,2,0,3,0,11,2,8,12,0,4
1223,是,男,4,0,8,20,188,73,115,190,1,9
1224,是,男,2,0,6,0,77,26,19,78,1,9
1225,是,男,2,2,5,0,77,23,22,77,0,8
1226,是,男,2,0,4,1,30,12,18,31,0,8
1227,是,女,2,1,3,0,14,5,0,14,1,0
1228,是,女,3,0,9,6,1051,206,845,1050,1,11
1229,是,男,2,1,3,0,3,1,0,3,0,0
1230,是,男,2,0,4,0,25,7,0,25,0,0
1231,是,男,2,5,2,0,3,1,0,3,0,0
1232,否,男,7,1,7,25,168,58,110,168,0,8
1233,是,女,2,1,4,0,36,15,21,36,0,5
1234,否,男,5,0,3,15,13,4,9,14,0,4
1235,是,男,5,0,9,20,690,93,597,665,25,8
1236,是,女,2,4,4,0,20,7,13,21,0,7
1237,否,女,11,0,8,140,270,45,225,368,2,8
1238,是,女,2,4,2,0,4,1,0,4,0,0
1239,是,男,2,0,5,0,52,4,46,49,4,6
1240,是,男,2,0,5,0,33,4,24,29,6,6
1241,是,男,3,0,3,5,9,2,7,9,0,6
1242,是,男,3,3,7,5,155,42,113,158,0,8
1243,是,男,2,1,2,0,2,1,0,2,0,0
1244,是,男,2,0,6,1,70,32,34,70,0,8
1245,是,男,2,1,3,0,5,2,0,5,0,0
1246,是,男,3,0,4,10,25,6,19,26,0,7
1247,是,男,5,2,6,15,94,37,51,94,0,8
1248,是,男,2,0,3,0,7,1,0,8,0,0
1249,是,男,2,0,7,5,182,36,119,182,0,7
1250,是,男,2,0,5,0,36,9,25,36,0,8
1251,是,女,2,0,2,0,4,1,0,5,0,0
1252,是,男,2,0,5,0,31,11,20,32,0,8
1253,是,男,2,0,2,0,3,2,0,3,0,0
1254,是,男,2,0,3,0,5,2,0,5,0,0
1255,是,男,2,2,5,0,42,12,30,43,0,8
1256,是,女,2,0,3,0,13,1,0,13,0,0
1257,是,男,2,1,4,0,24,3,0,25,0,0
1258,是,男,4,1,8,20,531,93,438,1062,0,9
1259,是,男,2,0,5,0,51,26,0,51,0,0
1260,是,男,2,5,4,0,19,8,0,20,0,0
1261,是,男,2,0,4,0,27,12,4,27,0,7
1262,是,女,2,1,2,0,2,2,0,2,0,0
1263,是,男,2,1,5,0,46,9,3,88,4,7
1264,是,女,2,2,8,0,298,68,218,300,0,8
1265,是,男,2,2,4,0,6,2,4,7,0,7
1266,是,女,2,1,3,0,2,1,0,3,0,0
1267,是,男,2,1,5,0,48,15,0,43,5,0
1268,否,男,4,2,6,10,56,11,45,53,3,8
1269,是,男,2,2,3,0,12,2,0,12,0,0
1270,是,男,2,1,4,1,31,19,0,31,0,0
1271,是,男,2,5,4,0,16,4,0,16,0,0
1272,否,男,10,1,9,121,186,42,144,247,0,9
1273,是,男,2,0,4,0,36,14,12,36,0,8
1274,是,男,2,2,6,0,154,74,29,154,0,8
1275,是,男,2,0,2,0,5,2,0,5,0,0
1276,是,男,2,1,3,0,15,4,10,15,0,7
1277,是,男,2,1,5,1,69,15,0,69,0,0
1278,否,女,6,1,7,41,202,61,141,235,22,8
1279,是,男,2,1,5,0,71,33,36,70,1,7
1280,是,男,2,0,3,0,10,3,0,10,0,0
1281,是,男,2,18,4,0,19,8,0,19,0,0
1282,是,男,2,1,3,0,10,4,0,10,0,0
1283,是,男,2,0,3,0,5,1,0,6,0,0
1284,是,男,2,0,2,0,6,1,0,6,0,0
1285,是,男,2,1,3,0,11,4,0,11,0,0
1286,否,男,11,1,4,130,27,10,17,27,0,8
1287,是,男,2,1,6,1,65,19,0,65,0,0
1288,是,男,2,1,6,0,117,58,0,116,2,0
1289,是,男,3,1,4,6,38,17,21,38,0,9
1290,是,男,2,0,4,0,27,5,22,27,0,8
1291,是,女,2,3,4,0,38,10,28,39,0,8
1292,是,女,2,1,3,0,4,2,0,4,0,0
1293,是,男,2,2,4,0,32,11,0,33,0,0
1294,否,男,4,0,5,10,81,39,39,81,0,7
1295,是,男,2,1,4,0,28,10,0,28,0,0
1296,是,男,2,0,2,0,3,2,0,3,0,0
1297,是,男,2,1,3,0,2,1,0,2,0,0
1298,否,女,5,1,7,20,203,62,141,237,0,8
1299,是,男,2,2,2,0,2,1,0,2,0,0
1300,是,女,2,2,2,0,3,1,0,3,0,0
1301,是,男,2,1,2,0,5,3,0,5,0,0
1302,是,男,2,0,4,0,30,9,11,30,0,5
1303,是,男,2,1,3,0,7,2,0,7,0,0
1304,是,男,2,1,2,0,4,1,0,4,0,0
1305,是,男,2,0,3,0,10,1,0,10,0,0
1306,否,男,9,0,7,80,150,47,99,200,0,8
1307,否,男,10,0,9,100,348,103,238,282,0,8
1308,否,男,7,0,10,257,451,75,376,778,86,8
1309,是,男,3,1,4,5,33,19,11,33,0,8
