日期,渠道名称,新增用户,LTV-1,LTV-2,LTV-3,LTV-4,LTV-5,LTV-6,LTV-7,LTV-14,LTV-30
2016/1/1,渠道A,42694,0.36,0.49,0.56,0.59,0.62,0.64,0.65,0.76,0.96
2016/1/1,渠道B,69525,0.26,0.33,0.36,0.38,0.39,0.4,0.4,0.49,0.58
2016/1/1,渠道C,29349,0.51,0.65,0.7,0.72,0.74,0.76,0.76,0.85,1.01
2016/1/1,渠道D,39861,0.62,0.8,0.9,0.92,0.95,0.97,0.98,1.08,1.28
2016/1/1,渠道E,44578,0.5,0.67,0.73,0.76,0.78,0.8,0.81,0.93,1.15
2016/1/1,渠道F,9588,0.24,0.39,0.42,0.43,0.46,0.48,0.49,0.57,0.73
2016/1/1,渠道G,30431,0.14,0.18,0.21,0.21,0.22,0.22,0.23,0.24,0.27
2016/1/1,渠道H,3491,0.75,0.8,0.86,0.86,0.87,0.89,0.92,1.01,1.24
2016/1/1,渠道I,1535,0.62,0.71,0.73,0.75,0.8,0.82,0.87,0.91,1.09
2016/1/1,渠道J,74646,0.37,0.5,0.55,0.57,0.58,0.59,0.6,0.66,0.76
2016/1/2,渠道A,37444,0.42,0.53,0.57,0.6,0.62,0.65,0.67,0.78,0.97
2016/1/2,渠道B,58070,0.28,0.34,0.35,0.37,0.39,0.4,0.41,0.46,0.55
2016/1/2,渠道C,25989,0.47,0.59,0.62,0.64,0.66,0.67,0.69,0.78,0.94
2016/1/2,渠道D,36968,0.56,0.72,0.77,0.81,0.84,0.86,0.88,0.99,1.2
2016/1/2,渠道E,41902,0.44,0.58,0.61,0.65,0.68,0.7,0.72,0.84,1.06
2016/1/2,渠道F,8952,0.3,0.37,0.4,0.42,0.44,0.45,0.48,0.56,0.69
2016/1/2,渠道G,23481,0.13,0.17,0.19,0.19,0.2,0.2,0.2,0.22,0.27
2016/1/2,渠道H,3136,0.77,0.88,0.91,0.92,0.94,0.96,1,1.05,1.19
2016/1/2,渠道I,1377,0.56,0.74,0.77,0.79,0.8,0.8,0.81,0.91,1.15
2016/1/2,渠道J,61856,0.33,0.42,0.44,0.46,0.48,0.49,0.51,0.56,0.68
2016/1/3,渠道A,29701,0.34,0.41,0.47,0.51,0.55,0.58,0.62,0.72,0.98
2016/1/3,渠道B,44912,0.28,0.32,0.35,0.37,0.38,0.4,0.41,0.47,0.58
2016/1/3,渠道C,20318,0.35,0.4,0.43,0.46,0.48,0.5,0.54,0.64,0.79
2016/1/3,渠道D,29294,0.57,0.65,0.69,0.73,0.76,0.79,0.81,0.93,1.17
2016/1/3,渠道E,32304,0.41,0.49,0.54,0.57,0.6,0.63,0.67,0.79,1.05
2016/1/3,渠道F,7051,0.26,0.32,0.35,0.37,0.38,0.41,0.41,0.46,0.61
2016/1/3,渠道G,17788,0.12,0.16,0.18,0.19,0.2,0.2,0.21,0.22,0.28
2016/1/3,渠道H,2481,0.54,0.59,0.62,0.64,0.67,0.68,0.71,0.92,1.02
2016/1/3,渠道I,1155,0.66,0.66,0.67,0.69,0.74,0.75,0.78,0.86,1.05
2016/1/3,渠道J,46071,0.28,0.33,0.36,0.39,0.41,0.42,0.45,0.51,0.63
2016/1/4,渠道A,17116,0.32,0.45,0.51,0.54,0.56,0.61,0.64,0.79,1.07
2016/1/4,渠道B,23040,0.27,0.34,0.38,0.41,0.43,0.45,0.48,0.54,0.63
2016/1/4,渠道C,11321,0.26,0.34,0.38,0.42,0.44,0.47,0.49,0.59,0.79
2016/1/4,渠道D,14707,0.5,0.61,0.67,0.71,0.74,0.77,0.78,0.93,1.19
2016/1/4,渠道E,17624,0.37,0.46,0.54,0.6,0.64,0.67,0.7,0.86,1.16
2016/1/4,渠道F,2815,0.3,0.39,0.43,0.5,0.52,0.57,0.62,0.71,0.96
2016/1/4,渠道G,7717,0.11,0.15,0.16,0.17,0.17,0.17,0.17,0.21,0.28
2016/1/4,渠道H,1369,1.03,1.1,1.19,1.19,1.2,1.22,1.23,1.31,1.44
2016/1/4,渠道I,622,0.54,0.76,0.87,0.9,0.91,0.93,1.04,1.09,1.34
2016/1/4,渠道J,20804,0.28,0.37,0.42,0.46,0.47,0.5,0.53,0.62,0.82
2016/1/5,渠道A,17261,0.3,0.39,0.46,0.51,0.56,0.59,0.6,0.76,1.08
2016/1/5,渠道B,22767,0.28,0.35,0.38,0.41,0.43,0.45,0.46,0.52,0.67
2016/1/5,渠道C,12260,0.24,0.3,0.34,0.38,0.42,0.44,0.45,0.53,0.75
2016/1/5,渠道D,14525,0.48,0.58,0.64,0.68,0.71,0.73,0.77,0.88,1.13
2016/1/5,渠道E,17664,0.33,0.44,0.5,0.56,0.6,0.63,0.65,0.8,1.11
2016/1/5,渠道F,2883,0.29,0.4,0.46,0.47,0.48,0.52,0.53,0.65,0.87
2016/1/5,渠道G,6577,0.1,0.15,0.15,0.15,0.16,0.16,0.16,0.18,0.23
2016/1/5,渠道H,1417,0.67,0.93,0.94,0.94,0.96,0.98,0.99,1.06,1.37
2016/1/5,渠道I,672,0.51,0.65,0.72,0.77,0.77,0.81,0.81,1.01,1.26
2016/1/5,渠道J,22926,0.31,0.39,0.44,0.48,0.52,0.54,0.56,0.65,0.82
2016/1/6,渠道A,17893,0.28,0.38,0.44,0.48,0.52,0.54,0.56,0.66,0.99
2016/1/6,渠道B,22614,0.29,0.36,0.41,0.43,0.46,0.48,0.49,0.56,0.71
2016/1/6,渠道C,12332,0.26,0.35,0.41,0.46,0.49,0.5,0.52,0.62,0.85
2016/1/6,渠道D,14776,0.4,0.49,0.55,0.59,0.63,0.65,0.68,0.8,1.04
2016/1/6,渠道E,17741,0.38,0.46,0.51,0.55,0.59,0.6,0.62,0.72,1.01
2016/1/6,渠道F,2888,0.26,0.28,0.31,0.35,0.38,0.4,0.43,0.53,0.76
2016/1/6,渠道G,6809,0.07,0.08,0.09,0.1,0.11,0.11,0.11,0.16,0.19
2016/1/6,渠道H,1348,0.75,0.91,0.96,0.99,1.03,1.11,1.12,1.22,1.49
2016/1/6,渠道I,748,0.24,0.42,0.44,0.5,0.53,0.65,0.77,0.95,1.34
2016/1/6,渠道J,20768,0.35,0.43,0.49,0.53,0.56,0.58,0.6,0.67,0.83
2016/1/7,渠道A,18893,0.26,0.34,0.42,0.45,0.46,0.48,0.51,0.63,0.92
2016/1/7,渠道B,24623,0.26,0.32,0.36,0.4,0.42,0.43,0.44,0.5,0.66
2016/1/7,渠道C,12507,0.29,0.36,0.43,0.47,0.5,0.53,0.54,0.66,0.93
2016/1/7,渠道D,15091,0.39,0.46,0.53,0.6,0.63,0.64,0.67,0.8,1.06
2016/1/7,渠道E,18378,0.41,0.5,0.57,0.64,0.67,0.7,0.72,0.87,1.22
2016/1/7,渠道F,3084,0.14,0.21,0.24,0.25,0.26,0.27,0.28,0.35,0.52
2016/1/7,渠道G,7843,0.12,0.14,0.15,0.15,0.15,0.15,0.16,0.18,0.23
2016/1/7,渠道H,1394,0.97,1.09,1.19,1.23,1.27,1.3,1.31,1.43,1.83
2016/1/7,渠道I,906,0.28,0.33,0.36,0.39,0.41,0.43,0.45,0.6,0.77
2016/1/7,渠道J,22862,0.31,0.37,0.42,0.46,0.5,0.52,0.54,0.65,0.82
2016/1/8,渠道A,24102,0.27,0.37,0.43,0.46,0.48,0.5,0.52,0.63,0.91
2016/1/8,渠道B,33638,0.23,0.31,0.34,0.36,0.38,0.4,0.4,0.45,0.59
2016/1/8,渠道C,15474,0.22,0.33,0.38,0.42,0.44,0.46,0.48,0.59,0.87
2016/1/8,渠道D,18690,0.3,0.4,0.46,0.5,0.52,0.54,0.58,0.76,1.08
2016/1/8,渠道E,23647,0.36,0.49,0.56,0.58,0.6,0.62,0.63,0.74,1
2016/1/8,渠道F,4237,0.18,0.24,0.28,0.29,0.31,0.32,0.34,0.45,0.57
2016/1/8,渠道G,9432,0.05,0.07,0.08,0.09,0.09,0.09,0.09,0.11,0.13
2016/1/8,渠道H,1789,0.78,0.97,1.01,1.09,1.13,1.13,1.15,1.29,1.41
2016/1/8,渠道I,997,0.34,0.47,0.6,0.66,0.71,0.71,0.73,0.82,1.03
2016/1/8,渠道J,36919,0.28,0.37,0.42,0.44,0.46,0.47,0.48,0.55,0.71
2016/1/9,渠道A,35971,0.31,0.41,0.44,0.47,0.49,0.51,0.52,0.63,0.94
2016/1/9,渠道B,54829,0.25,0.3,0.33,0.34,0.35,0.36,0.37,0.43,0.58
2016/1/9,渠道C,23331,0.33,0.41,0.43,0.46,0.47,0.49,0.51,0.65,0.87
2016/1/9,渠道D,28523,0.37,0.49,0.53,0.57,0.6,0.62,0.65,0.76,1.04
2016/1/9,渠道E,32718,0.43,0.53,0.57,0.6,0.63,0.65,0.68,0.83,1.14
2016/1/9,渠道F,7282,0.2,0.27,0.31,0.35,0.36,0.37,0.4,0.52,0.65
2016/1/9,渠道G,15624,0.06,0.06,0.06,0.07,0.07,0.07,0.08,0.1,0.17
2016/1/9,渠道H,2741,0.72,0.77,0.79,0.82,0.87,0.95,0.97,1.12,1.25
2016/1/9,渠道I,1191,0.5,0.55,0.58,0.59,0.62,0.62,0.64,0.67,0.87
2016/1/9,渠道J,51602,0.27,0.34,0.36,0.38,0.39,0.4,0.42,0.48,0.63
2016/1/10,渠道A,30557,0.3,0.39,0.43,0.46,0.48,0.51,0.54,0.67,1.01
2016/1/10,渠道B,46504,0.24,0.28,0.3,0.32,0.34,0.35,0.37,0.44,0.57
2016/1/10,渠道C,20752,0.29,0.34,0.38,0.4,0.41,0.44,0.48,0.59,0.82
2016/1/10,渠道D,25727,0.38,0.45,0.5,0.53,0.56,0.57,0.61,0.73,1.06
2016/1/10,渠道E,30182,0.43,0.52,0.56,0.59,0.63,0.66,0.69,0.82,1.17
2016/1/10,渠道F,6163,0.16,0.22,0.25,0.27,0.3,0.33,0.38,0.51,0.72
2016/1/10,渠道G,13567,0.03,0.04,0.04,0.05,0.05,0.06,0.07,0.09,0.15
2016/1/10,渠道H,2496,0.75,0.83,0.86,0.89,0.91,0.93,0.97,1.1,1.33
2016/1/10,渠道I,1074,0.63,0.67,0.69,0.71,0.74,0.76,0.76,0.88,1.19
2016/1/10,渠道J,44790,0.29,0.34,0.37,0.4,0.42,0.44,0.46,0.54,0.71
2016/1/11,渠道A,19195,0.3,0.39,0.43,0.47,0.5,0.54,0.56,0.72,1.09
2016/1/11,渠道B,27472,0.29,0.36,0.39,0.42,0.43,0.45,0.47,0.53,0.7
2016/1/11,渠道C,12234,0.23,0.31,0.37,0.41,0.44,0.46,0.48,0.61,0.94
2016/1/11,渠道D,15926,0.41,0.49,0.55,0.58,0.63,0.65,0.68,0.83,1.18
2016/1/11,渠道E,18541,0.39,0.48,0.52,0.57,0.6,0.63,0.65,0.79,1.16
2016/1/11,渠道F,3093,0.18,0.24,0.28,0.31,0.38,0.39,0.41,0.48,0.6
2016/1/11,渠道G,6919,0.07,0.1,0.1,0.1,0.1,0.1,0.1,0.12,0.29
2016/1/11,渠道H,1539,1.05,1.18,1.3,1.44,1.47,1.48,1.53,1.78,2.07
2016/1/11,渠道I,609,0.82,1.13,1.2,1.37,1.41,1.5,1.6,1.9,2.36
2016/1/11,渠道J,23897,0.33,0.4,0.46,0.5,0.52,0.55,0.58,0.67,0.89
2016/1/12,渠道A,18667,0.35,0.43,0.49,0.53,0.58,0.61,0.64,0.81,1.2
2016/1/12,渠道B,24538,0.26,0.32,0.36,0.38,0.4,0.42,0.43,0.53,0.7
2016/1/12,渠道C,12027,0.28,0.36,0.41,0.44,0.47,0.51,0.54,0.65,0.92
2016/1/12,渠道D,16018,0.33,0.42,0.48,0.51,0.56,0.59,0.6,0.78,1.12
2016/1/12,渠道E,17631,0.41,0.5,0.55,0.58,0.63,0.67,0.69,0.88,1.27
2016/1/12,渠道F,3309,0.19,0.32,0.37,0.42,0.48,0.52,0.53,0.58,0.9
2016/1/12,渠道G,8201,0.08,0.1,0.11,0.11,0.12,0.13,0.14,0.16,0.23
2016/1/12,渠道H,1528,0.94,1.1,1.19,1.23,1.27,1.3,1.34,1.41,1.67
2016/1/12,渠道I,551,0.33,0.36,0.37,0.4,0.46,0.5,0.55,0.7,0.9
2016/1/12,渠道J,26614,0.3,0.37,0.41,0.45,0.48,0.5,0.51,0.6,0.81
2016/1/13,渠道A,17313,0.27,0.37,0.44,0.5,0.54,0.57,0.58,0.73,1.09
2016/1/13,渠道B,22428,0.28,0.32,0.36,0.39,0.42,0.43,0.44,0.54,0.76
2016/1/13,渠道C,11627,0.24,0.31,0.33,0.37,0.41,0.43,0.47,0.62,0.94
2016/1/13,渠道D,15382,0.27,0.39,0.43,0.47,0.52,0.55,0.57,0.7,1.11
2016/1/13,渠道E,16699,0.37,0.46,0.53,0.59,0.63,0.66,0.69,0.9,1.31
2016/1/13,渠道F,3545,0.26,0.36,0.45,0.5,0.56,0.59,0.62,0.81,1.09
2016/1/13,渠道G,10580,0.07,0.08,0.09,0.1,0.12,0.12,0.13,0.17,0.23
2016/1/13,渠道H,1510,0.99,1.05,1.11,1.13,1.26,1.28,1.33,1.45,1.61
2016/1/13,渠道I,788,0.3,0.32,0.4,0.4,0.41,0.51,0.56,0.7,0.91
2016/1/13,渠道J,25433,0.28,0.35,0.4,0.43,0.46,0.47,0.48,0.55,0.79
2016/1/14,渠道A,18686,0.32,0.42,0.49,0.54,0.57,0.59,0.61,0.81,1.15
2016/1/14,渠道B,23294,0.3,0.36,0.4,0.42,0.44,0.47,0.48,0.57,0.8
2016/1/14,渠道C,12172,0.33,0.4,0.45,0.49,0.52,0.54,0.56,0.75,1.06
2016/1/14,渠道D,16445,0.38,0.49,0.56,0.62,0.66,0.68,0.7,0.86,1.25
2016/1/14,渠道E,20535,0.36,0.47,0.54,0.59,0.61,0.63,0.65,0.83,1.24
2016/1/14,渠道F,3658,0.28,0.37,0.4,0.46,0.5,0.53,0.58,0.7,0.91
2016/1/14,渠道G,10167,0.06,0.07,0.09,0.11,0.12,0.13,0.13,0.18,0.27
2016/1/14,渠道H,1657,0.85,0.98,1.03,1.1,1.14,1.21,1.22,1.46,1.74
2016/1/14,渠道I,842,0.22,0.41,0.48,0.55,0.57,0.57,0.58,0.91,1.53
2016/1/14,渠道J,28299,0.26,0.36,0.42,0.45,0.47,0.49,0.5,0.62,0.83
2016/1/15,渠道A,22303,0.27,0.38,0.46,0.5,0.53,0.55,0.58,0.83,1.19
2016/1/15,渠道B,28348,0.3,0.38,0.42,0.44,0.45,0.47,0.49,0.58,0.75
2016/1/15,渠道C,15752,0.29,0.38,0.46,0.49,0.5,0.53,0.55,0.72,0.98
2016/1/15,渠道D,19266,0.4,0.51,0.58,0.62,0.64,0.66,0.69,0.86,1.26
2016/1/15,渠道E,23831,0.34,0.46,0.55,0.58,0.6,0.63,0.67,0.82,1.22
2016/1/15,渠道F,6265,0.24,0.32,0.38,0.4,0.42,0.44,0.48,0.65,0.85
2016/1/15,渠道G,13190,0.08,0.11,0.11,0.12,0.12,0.13,0.13,0.14,0.24
2016/1/15,渠道H,1933,0.81,0.89,1,1.08,1.08,1.12,1.14,1.39,1.75
2016/1/15,渠道I,990,0.36,0.54,0.6,0.62,0.63,0.65,0.67,0.79,1.08
2016/1/15,渠道J,39107,0.28,0.36,0.41,0.43,0.45,0.47,0.48,0.59,0.8
2016/1/16,渠道A,31336,0.35,0.44,0.48,0.51,0.53,0.56,0.58,0.77,1.09
2016/1/16,渠道B,42155,0.28,0.35,0.37,0.38,0.39,0.4,0.42,0.51,0.7
2016/1/16,渠道C,22157,0.33,0.43,0.45,0.48,0.5,0.51,0.53,0.69,0.99
2016/1/16,渠道D,28424,0.42,0.51,0.55,0.6,0.62,0.64,0.67,0.81,1.22
2016/1/16,渠道E,30373,0.42,0.51,0.55,0.58,0.63,0.67,0.7,0.87,1.31
2016/1/16,渠道F,12463,0.23,0.3,0.31,0.33,0.37,0.39,0.4,0.47,0.59
2016/1/16,渠道G,19556,0.08,0.1,0.11,0.11,0.12,0.12,0.12,0.15,0.24
2016/1/16,渠道H,2800,0.78,0.96,1,1.01,1.05,1.06,1.08,1.25,1.47
2016/1/16,渠道I,1285,0.44,0.52,0.53,0.55,0.57,0.58,0.6,0.73,1.29
2016/1/16,渠道J,51704,0.28,0.37,0.39,0.41,0.43,0.45,0.47,0.56,0.8
2016/1/17,渠道A,29225,0.34,0.42,0.46,0.49,0.53,0.57,0.6,0.81,1.2
2016/1/17,渠道B,37394,0.28,0.34,0.38,0.4,0.41,0.42,0.45,0.55,0.72
2016/1/17,渠道C,19614,0.29,0.35,0.38,0.42,0.46,0.5,0.52,0.69,1
2016/1/17,渠道D,26306,0.46,0.53,0.58,0.61,0.64,0.67,0.7,0.89,1.31
2016/1/17,渠道E,27466,0.42,0.49,0.54,0.6,0.64,0.67,0.7,0.9,1.34
2016/1/17,渠道F,12274,0.17,0.2,0.22,0.23,0.25,0.25,0.26,0.33,0.45
2016/1/17,渠道G,16849,0.09,0.1,0.11,0.12,0.12,0.13,0.13,0.16,0.25
2016/1/17,渠道H,2711,0.66,0.71,0.76,0.79,0.82,0.85,0.9,1.04,1.2
2016/1/17,渠道I,1141,0.39,0.53,0.57,0.61,0.61,0.64,0.69,0.83,1.43
2016/1/17,渠道J,46058,0.31,0.37,0.39,0.41,0.44,0.45,0.47,0.57,0.76
2016/1/18,渠道A,20331,0.26,0.35,0.42,0.49,0.52,0.56,0.59,0.83,1.24
2016/1/18,渠道B,25277,0.25,0.32,0.35,0.4,0.42,0.43,0.46,0.6,0.81
2016/1/18,渠道C,12527,0.22,0.27,0.33,0.37,0.4,0.44,0.47,0.62,0.97
2016/1/18,渠道D,17752,0.34,0.42,0.5,0.56,0.59,0.62,0.65,0.87,1.26
2016/1/18,渠道E,19288,0.43,0.51,0.57,0.64,0.68,0.72,0.75,0.96,1.37
2016/1/18,渠道F,7265,0.13,0.14,0.16,0.2,0.22,0.23,0.25,0.32,0.45
2016/1/18,渠道G,11119,0.06,0.09,0.1,0.11,0.12,0.13,0.13,0.17,0.3
2016/1/18,渠道H,1887,0.66,0.78,0.82,0.89,0.98,1.01,1.07,1.21,1.49
2016/1/18,渠道I,870,0.25,0.32,0.36,0.39,0.52,0.53,0.55,0.67,1.22
2016/1/18,渠道J,28351,0.29,0.34,0.38,0.41,0.42,0.44,0.46,0.62,0.83
2016/1/19,渠道A,23139,0.29,0.38,0.45,0.5,0.54,0.58,0.62,0.86,1.25
2016/1/19,渠道B,27059,0.25,0.32,0.37,0.41,0.44,0.45,0.47,0.6,0.82
2016/1/19,渠道C,13940,0.25,0.33,0.37,0.41,0.46,0.49,0.51,0.69,0.96
2016/1/19,渠道D,19596,0.35,0.46,0.52,0.56,0.6,0.65,0.67,0.88,1.28
2016/1/19,渠道E,20734,0.34,0.43,0.5,0.54,0.59,0.62,0.65,0.86,1.29
2016/1/19,渠道F,7564,0.14,0.21,0.25,0.27,0.31,0.32,0.33,0.48,0.64
2016/1/19,渠道G,11942,0.08,0.09,0.11,0.12,0.13,0.14,0.15,0.2,0.34
2016/1/19,渠道H,2028,0.76,0.86,0.93,0.97,0.99,1.01,1.08,1.4,1.58
2016/1/19,渠道I,922,0.3,0.42,0.48,0.49,0.51,0.57,0.57,0.8,1.08
2016/1/19,渠道J,38740,0.26,0.33,0.38,0.42,0.44,0.47,0.5,0.62,0.87
2016/1/20,渠道A,25895,0.28,0.4,0.47,0.54,0.59,0.64,0.67,0.9,1.23
2016/1/20,渠道B,32108,0.3,0.36,0.41,0.45,0.47,0.5,0.51,0.64,0.86
2016/1/20,渠道C,16949,0.31,0.41,0.47,0.51,0.54,0.57,0.6,0.79,1.07
2016/1/20,渠道D,23164,0.37,0.47,0.53,0.57,0.61,0.65,0.69,0.94,1.3
2016/1/20,渠道E,22953,0.39,0.51,0.58,0.64,0.69,0.73,0.76,0.97,1.37
2016/1/20,渠道F,9269,0.15,0.2,0.22,0.25,0.27,0.29,0.34,0.45,0.59
2016/1/20,渠道G,13425,0.1,0.12,0.13,0.15,0.15,0.16,0.18,0.25,0.35
2016/1/20,渠道H,2352,0.65,0.76,0.81,0.87,0.89,0.9,0.92,1.18,1.35
2016/1/20,渠道I,974,0.12,0.14,0.15,0.15,0.19,0.19,0.22,0.41,0.64
2016/1/20,渠道J,42642,0.29,0.4,0.44,0.48,0.51,0.54,0.56,0.71,0.97
2016/1/21,渠道A,31484,0.32,0.42,0.49,0.54,0.59,0.65,0.7,0.92,1.24
2016/1/21,渠道B,35958,0.26,0.33,0.37,0.41,0.44,0.46,0.49,0.62,0.81
2016/1/21,渠道C,23204,0.31,0.41,0.47,0.52,0.55,0.6,0.63,0.81,1.1
2016/1/21,渠道D,26741,0.37,0.48,0.56,0.62,0.67,0.7,0.73,0.96,1.29
2016/1/21,渠道E,25518,0.4,0.51,0.56,0.61,0.65,0.7,0.74,0.95,1.35
2016/1/21,渠道F,11110,0.16,0.21,0.23,0.26,0.27,0.28,0.3,0.36,0.47
2016/1/21,渠道G,15078,0.09,0.1,0.12,0.12,0.13,0.15,0.15,0.22,0.36
2016/1/21,渠道H,2586,0.89,0.97,1.04,1.08,1.13,1.18,1.2,1.41,1.69
2016/1/21,渠道I,1107,0.35,0.44,0.52,0.53,0.55,0.56,0.6,0.7,1.04
2016/1/21,渠道J,44811,0.27,0.33,0.37,0.4,0.42,0.44,0.47,0.58,0.76
2016/1/22,渠道A,39369,0.29,0.4,0.47,0.51,0.57,0.62,0.66,0.83,1.12
2016/1/22,渠道B,42125,0.24,0.32,0.36,0.4,0.43,0.47,0.49,0.61,0.82
2016/1/22,渠道C,30979,0.3,0.4,0.47,0.52,0.56,0.59,0.62,0.8,1.08
2016/1/22,渠道D,18626,0.37,0.47,0.53,0.59,0.63,0.68,0.71,0.95,1.32
2016/1/22,渠道E,8472,0.63,0.74,0.81,0.87,0.92,0.96,1.04,1.34,1.7
2016/1/22,渠道F,12277,0.12,0.15,0.2,0.22,0.29,0.32,0.34,0.42,0.55
2016/1/22,渠道G,18295,0.07,0.1,0.12,0.13,0.13,0.14,0.15,0.23,0.34
2016/1/22,渠道H,2993,0.63,0.73,0.75,0.79,0.82,0.87,0.9,0.98,1.1
2016/1/22,渠道I,1993,0.29,0.39,0.46,0.46,0.49,0.5,0.52,0.74,1.02
2016/1/22,渠道J,8292,0.45,0.51,0.55,0.56,0.59,0.61,0.63,0.79,1
2016/1/23,渠道A,49382,0.33,0.43,0.5,0.55,0.59,0.63,0.66,0.86,1.16
2016/1/23,渠道B,45399,0.27,0.37,0.42,0.45,0.48,0.5,0.52,0.65,0.82
2016/1/23,渠道C,37779,0.32,0.42,0.48,0.53,0.56,0.6,0.63,0.81,1.09
2016/1/23,渠道D,3194,0.68,0.81,0.87,1,1.11,1.21,1.26,1.55,2.08
2016/1/23,渠道E,3118,0.81,0.9,1.06,1.11,1.23,1.27,1.32,1.68,2.36
2016/1/23,渠道F,13168,0.16,0.21,0.24,0.29,0.34,0.38,0.4,0.55,0.73
2016/1/23,渠道G,21570,0.09,0.12,0.14,0.16,0.17,0.18,0.19,0.29,0.4
2016/1/23,渠道H,3173,0.59,0.65,0.67,0.7,0.74,0.75,0.77,0.85,1.03
2016/1/23,渠道I,2316,0.38,0.51,0.62,0.63,0.66,0.67,0.68,0.82,0.98
2016/1/23,渠道J,6729,0.42,0.51,0.56,0.6,0.63,0.65,0.67,0.81,1.06
2016/1/24,渠道A,45112,0.32,0.42,0.5,0.56,0.6,0.63,0.68,0.84,1.1
2016/1/24,渠道B,42927,0.3,0.37,0.44,0.49,0.52,0.54,0.57,0.69,0.86
2016/1/24,渠道C,28846,0.34,0.45,0.53,0.57,0.6,0.62,0.65,0.78,1.03
2016/1/24,渠道D,2431,0.69,0.94,1.08,1.11,1.17,1.24,1.31,1.8,2.28
2016/1/24,渠道E,2578,0.95,1.08,1.14,1.24,1.3,1.31,1.33,1.8,2.35
2016/1/24,渠道F,12530,0.18,0.27,0.34,0.36,0.4,0.42,0.45,0.59,0.78
2016/1/24,渠道G,21211,0.08,0.12,0.14,0.16,0.17,0.17,0.19,0.27,0.38
2016/1/24,渠道H,3078,0.65,0.76,0.78,0.8,0.86,0.87,0.91,1.16,1.35
2016/1/24,渠道I,2241,0.32,0.45,0.52,0.54,0.56,0.57,0.59,0.71,0.81
2016/1/24,渠道J,6404,0.51,0.56,0.66,0.69,0.7,0.73,0.77,0.97,1.3
2016/1/25,渠道A,41615,0.38,0.51,0.57,0.61,0.64,0.69,0.73,0.89,1.15
2016/1/25,渠道B,45040,0.32,0.42,0.47,0.51,0.53,0.55,0.58,0.68,0.85
2016/1/25,渠道C,25654,0.36,0.49,0.57,0.62,0.65,0.7,0.75,0.92,1.17
2016/1/25,渠道D,1800,1.32,1.49,1.64,1.76,1.79,1.89,1.97,2.38,2.96
2016/1/25,渠道E,2443,1.19,1.33,1.4,1.42,1.48,1.53,1.62,1.83,2.34
2016/1/25,渠道F,10604,0.2,0.31,0.39,0.43,0.47,0.5,0.53,0.63,0.81
2016/1/25,渠道G,19755,0.12,0.14,0.15,0.16,0.17,0.19,0.21,0.28,0.4
2016/1/25,渠道H,2673,1.06,1.25,1.42,1.45,1.48,1.52,1.53,1.7,2.08
2016/1/25,渠道I,2052,0.38,0.62,0.64,0.71,0.72,0.77,0.79,1,1.19
2016/1/25,渠道J,5607,0.52,0.59,0.63,0.68,0.7,0.71,0.75,0.84,1.14
2016/1/26,渠道A,42179,0.43,0.54,0.62,0.66,0.71,0.76,0.8,0.96,1.21
2016/1/26,渠道B,45734,0.34,0.42,0.48,0.51,0.53,0.56,0.58,0.7,0.84
2016/1/26,渠道C,25703,0.47,0.59,0.67,0.72,0.76,0.81,0.84,0.99,1.24
2016/1/26,渠道D,1493,1.5,1.57,1.64,1.71,1.79,1.94,2.01,2.31,2.96
2016/1/26,渠道E,2023,1.4,1.52,1.78,1.84,1.88,1.95,2,2.34,2.76
2016/1/26,渠道F,10937,0.28,0.34,0.38,0.4,0.42,0.47,0.49,0.63,0.8
2016/1/26,渠道G,22440,0.15,0.17,0.19,0.19,0.22,0.23,0.25,0.34,0.45
2016/1/26,渠道H,2948,0.94,1.08,1.18,1.24,1.32,1.39,1.43,1.62,1.91
2016/1/26,渠道I,2274,0.3,0.47,0.49,0.53,0.57,0.58,0.6,0.72,0.98
2016/1/26,渠道J,5314,0.69,0.77,0.82,0.84,0.9,0.93,0.96,1.13,1.42
2016/1/27,渠道A,44970,0.41,0.54,0.61,0.66,0.71,0.75,0.79,0.97,1.21
2016/1/27,渠道B,48151,0.37,0.47,0.51,0.55,0.57,0.6,0.62,0.74,0.88
2016/1/27,渠道C,27226,0.42,0.52,0.58,0.66,0.71,0.73,0.76,0.96,1.17
2016/1/27,渠道D,1529,1.38,1.63,1.78,1.87,1.92,2,2.12,2.63,3.14
2016/1/27,渠道E,2127,1.34,1.46,1.57,1.64,1.67,1.74,1.78,2.04,2.51
2016/1/27,渠道F,11901,0.27,0.38,0.43,0.47,0.5,0.53,0.56,0.66,0.84
2016/1/27,渠道G,23918,0.16,0.19,0.2,0.23,0.25,0.27,0.29,0.36,0.5
2016/1/27,渠道H,3151,1.32,1.46,1.55,1.58,1.64,1.68,1.73,1.91,2.04
2016/1/27,渠道I,2737,0.32,0.43,0.49,0.61,0.69,0.79,0.83,1.02,1.3
2016/1/27,渠道J,5751,0.65,0.74,0.79,0.82,0.87,0.91,0.93,1.06,1.26
2016/1/28,渠道A,46469,0.4,0.51,0.58,0.64,0.69,0.73,0.75,0.96,1.19
2016/1/28,渠道B,53344,0.41,0.5,0.57,0.61,0.65,0.68,0.7,0.84,0.97
2016/1/28,渠道C,30939,0.43,0.53,0.61,0.67,0.71,0.74,0.77,0.98,1.18
2016/1/28,渠道D,1537,2.18,2.33,2.41,2.48,2.58,2.68,2.74,3.04,3.61
2016/1/28,渠道E,2141,1.3,1.53,1.58,1.74,1.83,1.98,2.03,2.44,2.85
2016/1/28,渠道F,12652,0.28,0.36,0.41,0.44,0.47,0.5,0.53,0.67,0.82
2016/1/28,渠道G,22232,0.17,0.2,0.24,0.27,0.31,0.32,0.34,0.45,0.55
2016/1/28,渠道H,3691,0.99,1.13,1.23,1.3,1.35,1.38,1.41,1.55,1.74
2016/1/28,渠道I,3591,0.55,0.66,0.89,1.02,1.07,1.14,1.21,1.46,1.73
2016/1/28,渠道J,6343,0.57,0.68,0.73,0.75,0.77,0.79,0.8,0.96,1.14
2016/1/29,渠道A,51694,0.36,0.52,0.6,0.66,0.71,0.75,0.78,0.99,1.17
2016/1/29,渠道B,57711,0.31,0.44,0.51,0.56,0.59,0.62,0.65,0.79,0.91
2016/1/29,渠道C,31010,0.31,0.46,0.55,0.61,0.66,0.69,0.73,0.92,1.11
2016/1/29,渠道D,1420,1.33,1.55,1.68,1.73,1.84,1.95,2.01,2.47,2.92
2016/1/29,渠道E,2013,1.16,1.36,1.5,1.64,1.72,1.76,1.85,2.23,2.86
2016/1/29,渠道F,12422,0.18,0.28,0.33,0.4,0.43,0.45,0.49,0.69,0.87
2016/1/29,渠道G,22470,0.08,0.17,0.24,0.26,0.28,0.3,0.32,0.41,0.53
2016/1/29,渠道H,4275,0.65,0.77,0.9,0.94,1,1.05,1.12,1.22,1.48
2016/1/29,渠道I,3888,0.42,0.68,0.81,0.91,1.03,1.05,1.12,1.37,1.68
2016/1/29,渠道J,6677,0.44,0.58,0.69,0.74,0.8,0.87,0.92,1.14,1.34
2016/1/30,渠道A,49946,0.48,0.62,0.69,0.74,0.79,0.83,0.87,1.11,1.29
2016/1/30,渠道B,56824,0.43,0.55,0.61,0.65,0.69,0.73,0.74,0.89,1.02
2016/1/30,渠道C,33858,0.53,0.68,0.77,0.83,0.88,0.91,0.95,1.15,1.33
2016/1/30,渠道D,1484,1.71,1.8,1.86,1.96,2.02,2.1,2.13,2.6,3.31
2016/1/30,渠道E,1937,1.49,1.69,1.82,1.89,2.06,2.21,2.32,2.78,3.12
2016/1/30,渠道F,12714,0.25,0.34,0.41,0.46,0.5,0.52,0.55,0.72,0.91
2016/1/30,渠道G,22152,0.33,0.47,0.52,0.55,0.58,0.61,0.64,0.76,0.88
2016/1/30,渠道H,4846,0.76,0.84,0.9,0.95,0.99,1,1.01,1.15,1.33
2016/1/30,渠道I,4064,0.77,1.04,1.18,1.24,1.32,1.37,1.44,1.68,1.91
2016/1/30,渠道J,6943,0.63,0.76,0.83,0.93,0.99,1.06,1.08,1.27,1.5
2016/1/31,渠道A,49438,0.52,0.66,0.72,0.77,0.81,0.85,0.88,1.09,1.25
2016/1/31,渠道B,57033,0.41,0.51,0.56,0.61,0.64,0.66,0.69,0.82,0.91
2016/1/31,渠道C,35230,0.49,0.63,0.7,0.76,0.81,0.85,0.88,1.13,1.27
2016/1/31,渠道D,1462,1.95,2.24,2.33,2.49,2.52,2.58,2.59,3.07,3.35
2016/1/31,渠道E,2058,1.82,2.09,2.33,2.44,2.47,2.49,2.57,3.14,3.63
2016/1/31,渠道F,13292,0.23,0.32,0.38,0.43,0.48,0.53,0.55,0.71,0.86
2016/1/31,渠道G,23688,0.31,0.42,0.46,0.5,0.53,0.55,0.58,0.68,0.77
2016/1/31,渠道H,4881,0.78,0.93,1,1.05,1.1,1.15,1.16,1.29,1.41
2016/1/31,渠道I,4222,0.57,0.76,0.89,0.97,1.06,1.09,1.14,1.46,1.68
2016/1/31,渠道J,5641,0.7,0.84,0.94,0.99,1.02,1.05,1.08,1.27,1.38
